{
  "type": "FeatureCollection",
  "generator": "overpass-turbo",
  "copyright": "The data included in this document is from www.openstreetmap.org. The data is made available under ODbL.",
  "timestamp": "2026-03-21T18:41:59Z",
  "features": [
    {
      "type": "Feature",
      "properties": {
        "@id": "relation/1463365",
        "barrier": "fence",
        "natural": "water",
        "tourism": "zoo",
        "type": "multipolygon",
        "water": "pond",
        "@geometry": "center"
      },
      "geometry": {
        "type": "Point",
        "coordinates": [
          83.0261385,
          25.3824896
        ]
      },
      "id": "relation/1463365"
    },
    {
      "type": "Feature",
      "properties": {
        "@id": "relation/3160491",
        "name": "Trident",
        "tourism": "hotel",
        "type": "multipolygon",
        "@geometry": "center"
      },
      "geometry": {
        "type": "Point",
        "coordinates": [
          78.0599368,
          27.1593478
        ]
      },
      "id": "relation/3160491"
    },
    {
      "type": "Feature",
      "properties": {
        "@id": "relation/4502160",
        "addr:city": "Varanasi",
        "building": "yes",
        "name": "Bhabha Hostel",
        "tourism": "hostel",
        "type": "multipolygon",
        "@geometry": "center"
      },
      "geometry": {
        "type": "Point",
        "coordinates": [
          82.9893705,
          25.2736928
        ]
      },
      "id": "relation/4502160"
    },
    {
      "type": "Feature",
      "properties": {
        "@id": "relation/5217387",
        "building": "yes",
        "name": "Dr. J.C. Bose Hostel",
        "tourism": "hostel",
        "type": "multipolygon",
        "@geometry": "center"
      },
      "geometry": {
        "type": "Point",
        "coordinates": [
          82.9880471,
          25.2723408
        ]
      },
      "id": "relation/5217387"
    },
    {
      "type": "Feature",
      "properties": {
        "@id": "relation/5217389",
        "addr:city": "Varanasi",
        "building": "yes",
        "name": "Sardar Vallabh Bhai Patel Hostel",
        "tourism": "hostel",
        "type": "multipolygon",
        "@geometry": "center"
      },
      "geometry": {
        "type": "Point",
        "coordinates": [
          82.9890245,
          25.2742087
        ]
      },
      "id": "relation/5217389"
    },
    {
      "type": "Feature",
      "properties": {
        "@id": "relation/5260699",
        "name": "Trainee's Hostel",
        "tourism": "hotel",
        "type": "multipolygon",
        "@geometry": "center"
      },
      "geometry": {
        "type": "Point",
        "coordinates": [
          77.4666853,
          28.6771516
        ]
      },
      "id": "relation/5260699"
    },
    {
      "type": "Feature",
      "properties": {
        "@id": "relation/6761059",
        "building": "yes",
        "historic": "yes",
        "name": "Jodha Bai palace",
        "name:fr": "Palais de Jodha Bai",
        "operator": "pubblic",
        "tourism": "attraction",
        "type": "multipolygon",
        "wikidata": "Q98360169",
        "@geometry": "center"
      },
      "geometry": {
        "type": "Point",
        "coordinates": [
          77.6648641,
          27.0964957
        ]
      },
      "id": "relation/6761059"
    },
    {
      "type": "Feature",
      "properties": {
        "@id": "relation/6993471",
        "building": "yes",
        "name": "Vishwakama Hostel .",
        "tourism": "hostel",
        "type": "multipolygon",
        "@geometry": "center"
      },
      "geometry": {
        "type": "Point",
        "coordinates": [
          82.9854511,
          25.2581635
        ]
      },
      "id": "relation/6993471"
    },
    {
      "type": "Feature",
      "properties": {
        "@id": "relation/6993475",
        "building": "yes",
        "name": "Dhanrajgiri Hostel",
        "tourism": "hostel",
        "type": "multipolygon",
        "@geometry": "center"
      },
      "geometry": {
        "type": "Point",
        "coordinates": [
          82.9856832,
          25.2639658
        ]
      },
      "id": "relation/6993475"
    },
    {
      "type": "Feature",
      "properties": {
        "@id": "relation/6993479",
        "addr:city": "Varanasi",
        "building": "yes",
        "name": "VISVESARIAYA HOSTEL",
        "tourism": "hostel",
        "type": "multipolygon",
        "@geometry": "center"
      },
      "geometry": {
        "type": "Point",
        "coordinates": [
          82.9839237,
          25.2622879
        ]
      },
      "id": "relation/6993479"
    },
    {
      "type": "Feature",
      "properties": {
        "@id": "relation/6993480",
        "building": "yes",
        "name": "C. V. Raman Hostel",
        "operator": "IIT(BHU)",
        "tourism": "hostel",
        "type": "multipolygon",
        "@geometry": "center"
      },
      "geometry": {
        "type": "Point",
        "coordinates": [
          82.985921,
          25.2659792
        ]
      },
      "id": "relation/6993480"
    },
    {
      "type": "Feature",
      "properties": {
        "@id": "relation/6993483",
        "addr:city": "Varanasi",
        "building": "yes",
        "internet_access": "wlan",
        "layer": "-1",
        "name": "Acharya Narendra Dev Hostel",
        "tourism": "hostel",
        "type": "multipolygon",
        "@geometry": "center"
      },
      "geometry": {
        "type": "Point",
        "coordinates": [
          82.989982,
          25.2749955
        ]
      },
      "id": "relation/6993483"
    },
    {
      "type": "Feature",
      "properties": {
        "@id": "relation/6993484",
        "addr:city": "Varanasi",
        "building": "yes",
        "layer": "-1",
        "name": "Raja Ram Mohan Roy Hostel",
        "tourism": "hostel",
        "type": "multipolygon",
        "@geometry": "center"
      },
      "geometry": {
        "type": "Point",
        "coordinates": [
          82.9903708,
          25.274442
        ]
      },
      "id": "relation/6993484"
    },
    {
      "type": "Feature",
      "properties": {
        "@id": "relation/6993485",
        "building": "yes",
        "layer": "-2",
        "name": "Birla Hostel",
        "tourism": "hostel",
        "type": "multipolygon",
        "@geometry": "center"
      },
      "geometry": {
        "type": "Point",
        "coordinates": [
          82.9916401,
          25.2742551
        ]
      },
      "id": "relation/6993485"
    },
    {
      "type": "Feature",
      "properties": {
        "@id": "relation/9319509",
        "amenity": "place_of_worship",
        "building": "mosque",
        "name": "Atala Mosque",
        "religion": "muslim",
        "tourism": "attraction",
        "type": "multipolygon",
        "wikidata": "Q4812686",
        "@geometry": "center"
      },
      "geometry": {
        "type": "Point",
        "coordinates": [
          82.6902871,
          25.7526879
        ]
      },
      "id": "relation/9319509"
    },
    {
      "type": "Feature",
      "properties": {
        "@id": "relation/9631214",
        "building": "yes",
        "name": "New PG Education Hostel",
        "tourism": "hostel",
        "type": "multipolygon",
        "@geometry": "center"
      },
      "geometry": {
        "type": "Point",
        "coordinates": [
          82.9966769,
          25.2632161
        ]
      },
      "id": "relation/9631214"
    },
    {
      "type": "Feature",
      "properties": {
        "@id": "relation/10884667",
        "building": "yes",
        "name": "Man Singh Palace",
        "tourism": "museum",
        "type": "multipolygon",
        "@geometry": "center"
      },
      "geometry": {
        "type": "Point",
        "coordinates": [
          83.0107366,
          25.3077498
        ]
      },
      "id": "relation/10884667"
    },
    {
      "type": "Feature",
      "properties": {
        "@id": "relation/11739374",
        "building": "yes",
        "guest_house": "student_accommodation",
        "name": "Dr Srinivasan Ramanujan Hostel",
        "tourism": "hostel",
        "type": "multipolygon",
        "@geometry": "center"
      },
      "geometry": {
        "type": "Point",
        "coordinates": [
          82.9848031,
          25.2634609
        ]
      },
      "id": "relation/11739374"
    },
    {
      "type": "Feature",
      "properties": {
        "@id": "relation/11740098",
        "addr:city": "varanasi",
        "addr:postcode": "221005",
        "addr:street": "Radial Road 8",
        "building": "yes",
        "guest_house": "hostel",
        "internet_access": "yes",
        "internet_access:fee": "customers",
        "name": "Morvi Hostel",
        "operator": "IIT BHU",
        "tourism": "hostel",
        "type": "multipolygon",
        "@geometry": "center"
      },
      "geometry": {
        "type": "Point",
        "coordinates": [
          82.9857951,
          25.2650496
        ]
      },
      "id": "relation/11740098"
    },
    {
      "type": "Feature",
      "properties": {
        "@id": "relation/12425691",
        "building": "yes",
        "name": "Allahabad Museum",
        "tourism": "museum",
        "type": "multipolygon",
        "wikidata": "Q4730343",
        "wikipedia": "bh:इलाहाबाद म्यूजियम",
        "@geometry": "center"
      },
      "geometry": {
        "type": "Point",
        "coordinates": [
          81.8491664,
          25.4568164
        ]
      },
      "id": "relation/12425691"
    },
    {
      "type": "Feature",
      "properties": {
        "@id": "relation/12453185",
        "addr:city": "Prayagraj",
        "addr:housenumber": "33",
        "addr:postcode": "211001",
        "addr:street": "Sardar Patel Marg, Gayatripuram Colony, Civil Lines",
        "name": "Hotel Yatrik",
        "name:hi": "होटल यात्रिक",
        "tourism": "hotel",
        "type": "multipolygon",
        "website": "https://website-5132340855302724097231-hotel.business.site/",
        "@geometry": "center"
      },
      "geometry": {
        "type": "Point",
        "coordinates": [
          81.8359488,
          25.4562084
        ]
      },
      "id": "relation/12453185"
    },
    {
      "type": "Feature",
      "properties": {
        "@id": "relation/17010058",
        "addr:city": "Agra",
        "addr:street": "Fatehabad Road",
        "building": "yes",
        "contact:website": "https://www.seleqtionshotels.com/en-in/taj-view-agra/",
        "internet_access": "wlan",
        "name": "TajView",
        "operator": "IHCL",
        "payment:american_express": "yes",
        "payment:cash": "yes",
        "payment:mastercard": "yes",
        "payment:visa": "yes",
        "payment:visa_debit": "yes",
        "source": "bing",
        "stars": "5",
        "toilets": "yes",
        "toilets:access": "customers",
        "tourism": "hotel",
        "type": "multipolygon",
        "@geometry": "center"
      },
      "geometry": {
        "type": "Point",
        "coordinates": [
          78.0400797,
          27.1609675
        ]
      },
      "id": "relation/17010058"
    },
    {
      "type": "Feature",
      "properties": {
        "@id": "way/26681934",
        "athletics": "long_jump;javelin_throw",
        "building": "yes",
        "landuse": "residential",
        "name": "Prafulla Chandra Ray",
        "surface": "good_for_athletics",
        "tourism": "hostel",
        "@geometry": "center"
      },
      "geometry": {
        "type": "Point",
        "coordinates": [
          82.9946763,
          25.2667242
        ]
      },
      "id": "way/26681934"
    },
    {
      "type": "Feature",
      "properties": {
        "@id": "way/26733295",
        "area": "yes",
        "fixme": "This area needs more info to be useful, like a name. All areas in Varanasi areof some historical importance, and of interest to tourists.",
        "tourism": "attraction",
        "@geometry": "center"
      },
      "geometry": {
        "type": "Point",
        "coordinates": [
          83.0063704,
          25.2949256
        ]
      },
      "id": "way/26733295"
    },
    {
      "type": "Feature",
      "properties": {
        "@id": "way/26752818",
        "area": "yes",
        "tourism": "hotel",
        "@geometry": "center"
      },
      "geometry": {
        "type": "Point",
        "coordinates": [
          82.9972575,
          25.3217909
        ]
      },
      "id": "way/26752818"
    },
    {
      "type": "Feature",
      "properties": {
        "@id": "way/27044943",
        "barrier": "wall",
        "name": "Taj Mahal Mughal Garden",
        "name:hi": "ताजमहल मुघल उद्यान",
        "tourism": "attraction",
        "wheelchair": "yes",
        "@geometry": "center"
      },
      "geometry": {
        "type": "Point",
        "coordinates": [
          78.042135,
          27.1724403
        ]
      },
      "id": "way/27044943"
    },
    {
      "type": "Feature",
      "properties": {
        "@id": "way/27139078",
        "addr:city": "Varanasi",
        "addr:postcode": "221008",
        "addr:street": "Ramnagar Road",
        "historic": "castle",
        "name": "रामनगर किला",
        "name:en": "Ramnagar Fort",
        "phone": "+91 88584 21423",
        "tourism": "attraction",
        "wikidata": "Q4492020",
        "wikipedia": "en:Ramnagar Fort",
        "@geometry": "center"
      },
      "geometry": {
        "type": "Point",
        "coordinates": [
          83.0245479,
          25.2697098
        ]
      },
      "id": "way/27139078"
    },
    {
      "type": "Feature",
      "properties": {
        "@id": "way/45742333",
        "brand": "Taj",
        "brand:wikidata": "Q1521893",
        "name": "Taj Residency",
        "official_name": "Taj Hotels",
        "tourism": "hotel",
        "@geometry": "center"
      },
      "geometry": {
        "type": "Point",
        "coordinates": [
          80.9753465,
          26.851312
        ]
      },
      "id": "way/45742333"
    },
    {
      "type": "Feature",
      "properties": {
        "@id": "way/50284168",
        "historic": "archaeological_site",
        "leisure": "park",
        "name": "राम बाग़",
        "name:en": "Ram bagh",
        "tourism": "attraction",
        "@geometry": "center"
      },
      "geometry": {
        "type": "Point",
        "coordinates": [
          78.0384451,
          27.2053812
        ]
      },
      "id": "way/50284168"
    },
    {
      "type": "Feature",
      "properties": {
        "@id": "way/55130556",
        "name": "Potrakund 1",
        "name:en": "Potrakund",
        "name:hi": "पोतरा कुंड",
        "natural": "water",
        "source": "My birth place is Mathura, so I am a well known person about Mathura streets.",
        "tourism": "attraction",
        "water": "pond",
        "@geometry": "center"
      },
      "geometry": {
        "type": "Point",
        "coordinates": [
          77.6676958,
          27.5040689
        ]
      },
      "id": "way/55130556"
    },
    {
      "type": "Feature",
      "properties": {
        "@id": "way/87418516",
        "bridge": "yes",
        "highway": "tertiary",
        "layer": "1",
        "name": "Shahi Bridge",
        "ref:old": "SH5",
        "start_date": "1568",
        "surface": "paved",
        "tourism": "attraction",
        "wikidata": "Q7461608",
        "@geometry": "center"
      },
      "geometry": {
        "type": "Point",
        "coordinates": [
          82.6846052,
          25.7490137
        ]
      },
      "id": "way/87418516"
    },
    {
      "type": "Feature",
      "properties": {
        "@id": "way/99610942",
        "barrier": "city_wall",
        "name": "Aligarh Fort",
        "tourism": "attraction",
        "@geometry": "center"
      },
      "geometry": {
        "type": "Point",
        "coordinates": [
          78.0635748,
          27.9298969
        ]
      },
      "id": "way/99610942"
    },
    {
      "type": "Feature",
      "properties": {
        "@id": "way/103168320",
        "barrier": "fence",
        "leisure": "park",
        "tourism": "museum",
        "@geometry": "center"
      },
      "geometry": {
        "type": "Point",
        "coordinates": [
          83.0234204,
          25.3811213
        ]
      },
      "id": "way/103168320"
    },
    {
      "type": "Feature",
      "properties": {
        "@id": "way/103170340",
        "historic": "archaeological_site",
        "tourism": "attraction",
        "@geometry": "center"
      },
      "geometry": {
        "type": "Point",
        "coordinates": [
          83.0236173,
          25.3812733
        ]
      },
      "id": "way/103170340"
    },
    {
      "type": "Feature",
      "properties": {
        "@id": "way/103172567",
        "barrier": "fence",
        "leisure": "park",
        "name": "Deer Park",
        "tourism": "zoo",
        "@geometry": "center"
      },
      "geometry": {
        "type": "Point",
        "coordinates": [
          83.0236575,
          25.3826181
        ]
      },
      "id": "way/103172567"
    },
    {
      "type": "Feature",
      "properties": {
        "@id": "way/103173904",
        "amenity": "place_of_worship",
        "barrier": "fence",
        "name": "Bodhi Tree",
        "religion": "buddhist",
        "tourism": "attraction",
        "@geometry": "center"
      },
      "geometry": {
        "type": "Point",
        "coordinates": [
          83.0269847,
          25.3808142
        ]
      },
      "id": "way/103173904"
    },
    {
      "type": "Feature",
      "properties": {
        "@id": "way/103175390",
        "barrier": "fence",
        "leisure": "park",
        "tourism": "zoo",
        "@geometry": "center"
      },
      "geometry": {
        "type": "Point",
        "coordinates": [
          83.0263832,
          25.3820247
        ]
      },
      "id": "way/103175390"
    },
    {
      "type": "Feature",
      "properties": {
        "@id": "way/103176480",
        "name": "Crocodiles",
        "tourism": "zoo",
        "@geometry": "center"
      },
      "geometry": {
        "type": "Point",
        "coordinates": [
          83.0261388,
          25.3824848
        ]
      },
      "id": "way/103176480"
    },
    {
      "type": "Feature",
      "properties": {
        "@id": "way/103178213",
        "addr:postcode": "221007",
        "building": "yes",
        "name": "सारनाथ पुरातत्व संग्रहालय",
        "name:en": "Sarnath Archaeological Museum",
        "phone": "+91 542 259 5095",
        "tourism": "museum",
        "website": "http://www.sarnathmuseumasi.org",
        "@geometry": "center"
      },
      "geometry": {
        "type": "Point",
        "coordinates": [
          83.0234204,
          25.3796025
        ]
      },
      "id": "way/103178213"
    },
    {
      "type": "Feature",
      "properties": {
        "@id": "way/113579560",
        "name": "Tyagi Hostel",
        "tourism": "hostel",
        "@geometry": "center"
      },
      "geometry": {
        "type": "Point",
        "coordinates": [
          77.7107302,
          28.9888287
        ]
      },
      "id": "way/113579560"
    },
    {
      "type": "Feature",
      "properties": {
        "@id": "way/137044006",
        "name": "Nawab Tank",
        "natural": "water",
        "tourism": "attraction",
        "water": "pond",
        "@geometry": "center"
      },
      "geometry": {
        "type": "Point",
        "coordinates": [
          80.3489721,
          25.4576305
        ]
      },
      "id": "way/137044006"
    },
    {
      "type": "Feature",
      "properties": {
        "@id": "way/170668041",
        "addr:city": "Greater Noida",
        "addr:country": "IN",
        "addr:housenumber": "C-8",
        "addr:street": "2nd Cross Ave Road",
        "brand": "Radisson Blu",
        "brand:wikidata": "Q7281341",
        "email": "info@rdgreaternoida.com",
        "fax": "+911204517788",
        "name": "Radisson Blu",
        "operator": "Radisson",
        "phone": "+911204517777",
        "tourism": "hotel",
        "website": "https://www.radissonblu.com/hotel-greaternoida",
        "wheelchair": "yes",
        "@geometry": "center"
      },
      "geometry": {
        "type": "Point",
        "coordinates": [
          77.5277647,
          28.4498496
        ]
      },
      "id": "way/170668041"
    },
    {
      "type": "Feature",
      "properties": {
        "@id": "way/175509939",
        "building": "yes",
        "name": "South Entrance",
        "tourism": "attraction",
        "@geometry": "center"
      },
      "geometry": {
        "type": "Point",
        "coordinates": [
          77.9503425,
          27.2174168
        ]
      },
      "id": "way/175509939"
    },
    {
      "type": "Feature",
      "properties": {
        "@id": "way/175509941",
        "source": "Bing",
        "surface": "paved",
        "tourism": "attraction",
        "@geometry": "center"
      },
      "geometry": {
        "type": "Point",
        "coordinates": [
          77.950316,
          27.2200027
        ]
      },
      "id": "way/175509941"
    },
    {
      "type": "Feature",
      "properties": {
        "@id": "way/188106888",
        "addr:city": "Noida",
        "addr:housenumber": "38A",
        "addr:postcode": "201301",
        "name": "Worlds of Wonder",
        "tourism": "theme_park",
        "website": "https://www.worldsofwonder.in/",
        "wikidata": "Q25212072",
        "wikipedia": "en:Worlds of Wonder (amusement park)",
        "@geometry": "center"
      },
      "geometry": {
        "type": "Point",
        "coordinates": [
          77.3265129,
          28.5648756
        ]
      },
      "id": "way/188106888"
    },
    {
      "type": "Feature",
      "properties": {
        "@id": "way/193223422",
        "tourism": "hostel",
        "@geometry": "center"
      },
      "geometry": {
        "type": "Point",
        "coordinates": [
          81.8479003,
          25.459169
        ]
      },
      "id": "way/193223422"
    },
    {
      "type": "Feature",
      "properties": {
        "@id": "way/193783818",
        "name": "Anand Bhavan",
        "tourism": "attraction",
        "@geometry": "center"
      },
      "geometry": {
        "type": "Point",
        "coordinates": [
          81.8604508,
          25.4591022
        ]
      },
      "id": "way/193783818"
    },
    {
      "type": "Feature",
      "properties": {
        "@id": "way/195795155",
        "building": "yes",
        "internet_access": "yes",
        "internet_access:fee": "customers",
        "name": "Hotel Kanha Shyam",
        "name:hi": "होटल कान्हा श्याम",
        "phone": "+919792203853",
        "tourism": "hotel",
        "website": "https://www.hotelkanhashyam.com/",
        "@geometry": "center"
      },
      "geometry": {
        "type": "Point",
        "coordinates": [
          81.8327824,
          25.4494781
        ]
      },
      "id": "way/195795155"
    },
    {
      "type": "Feature",
      "properties": {
        "@id": "way/196123087",
        "brand": "Country Inn & Suites",
        "brand:wikidata": "Q5177332",
        "name": "Country Inn and Suites",
        "tourism": "hotel",
        "@geometry": "center"
      },
      "geometry": {
        "type": "Point",
        "coordinates": [
          77.3437072,
          28.6542784
        ]
      },
      "id": "way/196123087"
    },
    {
      "type": "Feature",
      "properties": {
        "@id": "way/198119988",
        "name": "Blessing Guest House",
        "tourism": "guest_house",
        "@geometry": "center"
      },
      "geometry": {
        "type": "Point",
        "coordinates": [
          81.8377207,
          25.4529846
        ]
      },
      "id": "way/198119988"
    },
    {
      "type": "Feature",
      "properties": {
        "@id": "way/205563732",
        "name": "Shiv Vatika Marriage Hall",
        "tourism": "guest_house",
        "@geometry": "center"
      },
      "geometry": {
        "type": "Point",
        "coordinates": [
          81.8477228,
          25.4492158
        ]
      },
      "id": "way/205563732"
    },
    {
      "type": "Feature",
      "properties": {
        "@id": "way/212818778",
        "name": "Clarks Avadh",
        "tourism": "hotel",
        "@geometry": "center"
      },
      "geometry": {
        "type": "Point",
        "coordinates": [
          80.9356865,
          26.8563567
        ]
      },
      "id": "way/212818778"
    },
    {
      "type": "Feature",
      "properties": {
        "@id": "way/212876827",
        "addr:postcode": "226001",
        "building": "yes",
        "name": "राज्य संग्रहालय लखनऊ",
        "name:en": "State Museum Lucknow",
        "opening_hours": "Tu-Su 09:00-16:00",
        "phone": "+91 98072 94411",
        "tourism": "museum",
        "@geometry": "center"
      },
      "geometry": {
        "type": "Point",
        "coordinates": [
          80.9549823,
          26.8453913
        ]
      },
      "id": "way/212876827"
    },
    {
      "type": "Feature",
      "properties": {
        "@id": "way/212876909",
        "tourism": "zoo",
        "wikidata": "Q6697780",
        "wikipedia": "en:Lucknow Zoo",
        "@geometry": "center"
      },
      "geometry": {
        "type": "Point",
        "coordinates": [
          80.9538083,
          26.845757
        ]
      },
      "id": "way/212876909"
    },
    {
      "type": "Feature",
      "properties": {
        "@id": "way/212876910",
        "name": "Carlton",
        "tourism": "hotel",
        "@geometry": "center"
      },
      "geometry": {
        "type": "Point",
        "coordinates": [
          80.9468813,
          26.8559683
        ]
      },
      "id": "way/212876910"
    },
    {
      "type": "Feature",
      "properties": {
        "@id": "way/212876911",
        "leisure": "park",
        "name": "सरदार पटेल पार्क",
        "name:en": "Sardar Patel Park",
        "name:etymology:wikidata": "Q9455",
        "tourism": "attraction",
        "@geometry": "center"
      },
      "geometry": {
        "type": "Point",
        "coordinates": [
          80.945669,
          26.8454715
        ]
      },
      "id": "way/212876911"
    },
    {
      "type": "Feature",
      "properties": {
        "@id": "way/213237650",
        "air_conditioning": "yes",
        "name": "Saraka",
        "name:hi": "सराका",
        "old_name": "Lebua",
        "tourism": "hotel",
        "@geometry": "center"
      },
      "geometry": {
        "type": "Point",
        "coordinates": [
          80.9480796,
          26.8342112
        ]
      },
      "id": "way/213237650"
    },
    {
      "type": "Feature",
      "properties": {
        "@id": "way/236181449",
        "building": "historic",
        "historic": "yes",
        "name": "Daulat Khana",
        "name:fr": "Salle du trésor",
        "tourism": "attraction",
        "@geometry": "center"
      },
      "geometry": {
        "type": "Point",
        "coordinates": [
          77.6658439,
          27.0978207
        ]
      },
      "id": "way/236181449"
    },
    {
      "type": "Feature",
      "properties": {
        "@id": "way/236181937",
        "building": "yes",
        "historic": "yes",
        "name": "Miriam's House",
        "name:fr": "Maison de Maryam",
        "tourism": "attraction",
        "wikidata": "Q98360518",
        "@geometry": "center"
      },
      "geometry": {
        "type": "Point",
        "coordinates": [
          77.6654148,
          27.096871
        ]
      },
      "id": "way/236181937"
    },
    {
      "type": "Feature",
      "properties": {
        "@id": "way/236182314",
        "building": "historic",
        "historic": "yes",
        "name": "Diwan-i Khas",
        "tourism": "attraction",
        "wikidata": "Q98360092",
        "@geometry": "center"
      },
      "geometry": {
        "type": "Point",
        "coordinates": [
          77.6661199,
          27.0978309
        ]
      },
      "id": "way/236182314"
    },
    {
      "type": "Feature",
      "properties": {
        "@id": "way/249409343",
        "addr:city": "Kanpur",
        "addr:postcode": "208016",
        "guest_house": "guest_house",
        "internet_access": "yes",
        "internet_access:fee": "no",
        "name": "Visitor Hostel",
        "operator": "IIT Kanpur",
        "tourism": "hostel",
        "@geometry": "center"
      },
      "geometry": {
        "type": "Point",
        "coordinates": [
          80.2345889,
          26.5073801
        ]
      },
      "id": "way/249409343"
    },
    {
      "type": "Feature",
      "properties": {
        "@id": "way/260795625",
        "historic": "castle",
        "name": "Raj Sadan",
        "name:hi": "राज सदन",
        "tourism": "attraction",
        "@geometry": "center"
      },
      "geometry": {
        "type": "Point",
        "coordinates": [
          82.2054629,
          26.7976759
        ]
      },
      "id": "way/260795625"
    },
    {
      "type": "Feature",
      "properties": {
        "@id": "way/264755840",
        "building": "yes",
        "layer": "-1",
        "name": "Broacha Hostel",
        "tourism": "hostel",
        "@geometry": "center"
      },
      "geometry": {
        "type": "Point",
        "coordinates": [
          82.9894273,
          25.2725419
        ]
      },
      "id": "way/264755840"
    },
    {
      "type": "Feature",
      "properties": {
        "@id": "way/274266253",
        "addr:postcode": "282001",
        "addr:street": "Taj East Gate Road",
        "building": "yes",
        "email": "reservations.agra@tajhotels.com",
        "internet_access": "wlan",
        "name": "Taj Hotel & Convention Center",
        "opening_hours": "24/7",
        "phone": "+91 5622335555",
        "tourism": "hotel",
        "website": "https://www.tajhotels.com/en-in/hotels/taj-agra",
        "@geometry": "center"
      },
      "geometry": {
        "type": "Point",
        "coordinates": [
          78.0563887,
          27.1628269
        ]
      },
      "id": "way/274266253"
    },
    {
      "type": "Feature",
      "properties": {
        "@id": "node/292317467",
        "tourism": "hotel"
      },
      "geometry": {
        "type": "Point",
        "coordinates": [
          83.1029354,
          25.291306
        ]
      },
      "id": "node/292317467"
    },
    {
      "type": "Feature",
      "properties": {
        "@id": "node/292742983",
        "addr:city": "Varanasi",
        "addr:postcode": "221002",
        "addr:street": "Nadesar palace grounds",
        "brand": "Taj",
        "brand:wikidata": "Q1521893",
        "internet_access": "wlan",
        "internet_access:fee": "customers",
        "name": "Taj Ganges Varanasi",
        "official_name": "Taj Hotels",
        "phone": "+91 542-6660002",
        "rooms": "130",
        "tourism": "hotel",
        "website": "https://www.tajhotels.com/en-in/taj/taj-nadesar-palace-varanasi/"
      },
      "geometry": {
        "type": "Point",
        "coordinates": [
          82.9862781,
          25.3361332
        ]
      },
      "id": "node/292742983"
    },
    {
      "type": "Feature",
      "properties": {
        "@id": "node/293215777",
        "internet_access": "wlan",
        "tourism": "hostel"
      },
      "geometry": {
        "type": "Point",
        "coordinates": [
          83.0020141,
          25.2836756
        ]
      },
      "id": "node/293215777"
    },
    {
      "type": "Feature",
      "properties": {
        "@id": "node/293217395",
        "name": "Diamond Hotel",
        "tourism": "hotel"
      },
      "geometry": {
        "type": "Point",
        "coordinates": [
          83.0015252,
          25.2979947
        ]
      },
      "id": "node/293217395"
    },
    {
      "type": "Feature",
      "properties": {
        "@id": "node/293222739",
        "name": "Hanuman Ghat",
        "tourism": "attraction",
        "wheelchair": "limited"
      },
      "geometry": {
        "type": "Point",
        "coordinates": [
          83.0073734,
          25.2972001
        ]
      },
      "id": "node/293222739"
    },
    {
      "type": "Feature",
      "properties": {
        "@id": "node/293445050",
        "tourism": "hotel"
      },
      "geometry": {
        "type": "Point",
        "coordinates": [
          82.9942911,
          25.3230425
        ]
      },
      "id": "node/293445050"
    },
    {
      "type": "Feature",
      "properties": {
        "@id": "node/293483127",
        "name": "Clark´s Hotel",
        "tourism": "hotel"
      },
      "geometry": {
        "type": "Point",
        "coordinates": [
          82.9778759,
          25.3364932
        ]
      },
      "id": "node/293483127"
    },
    {
      "type": "Feature",
      "properties": {
        "@id": "way/303202681",
        "building": "yes",
        "name": "D.E.I boys hostel 1992",
        "tourism": "hostel",
        "@geometry": "center"
      },
      "geometry": {
        "type": "Point",
        "coordinates": [
          78.0178575,
          27.2328906
        ]
      },
      "id": "way/303202681"
    },
    {
      "type": "Feature",
      "properties": {
        "@id": "way/321653075",
        "addr:city": "Varanasi",
        "building": "yes",
        "name": "Dr. B.R. Ambedkar Hostel",
        "tourism": "hostel",
        "@geometry": "center"
      },
      "geometry": {
        "type": "Point",
        "coordinates": [
          82.9975204,
          25.2673237
        ]
      },
      "id": "way/321653075"
    },
    {
      "type": "Feature",
      "properties": {
        "@id": "way/321653079",
        "addr:city": "Varanasi",
        "building": "yes",
        "name": "Powgi Girls Hostel",
        "tourism": "hostel",
        "@geometry": "center"
      },
      "geometry": {
        "type": "Point",
        "coordinates": [
          82.9868793,
          25.2742117
        ]
      },
      "id": "way/321653079"
    },
    {
      "type": "Feature",
      "properties": {
        "@id": "way/321776938",
        "addr:city": "Varanasi",
        "building": "yes",
        "name": "Molecular Biology Transit House",
        "tourism": "hostel",
        "@geometry": "center"
      },
      "geometry": {
        "type": "Point",
        "coordinates": [
          82.9900338,
          25.2756821
        ]
      },
      "id": "way/321776938"
    },
    {
      "type": "Feature",
      "properties": {
        "@id": "way/321776939",
        "building": "yes",
        "name": "Faculty Guest House",
        "tourism": "hostel",
        "@geometry": "center"
      },
      "geometry": {
        "type": "Point",
        "coordinates": [
          82.9901251,
          25.2763545
        ]
      },
      "id": "way/321776939"
    },
    {
      "type": "Feature",
      "properties": {
        "@id": "way/321776963",
        "addr:city": "Varanasi",
        "building": "yes",
        "name": "University Guest House",
        "tourism": "hostel",
        "@geometry": "center"
      },
      "geometry": {
        "type": "Point",
        "coordinates": [
          82.9961145,
          25.2726695
        ]
      },
      "id": "way/321776963"
    },
    {
      "type": "Feature",
      "properties": {
        "@id": "way/322459733",
        "building": "yes",
        "fee": "no",
        "name": "Bharat Kala Bhavan",
        "tourism": "museum",
        "@geometry": "center"
      },
      "geometry": {
        "type": "Point",
        "coordinates": [
          82.9959094,
          25.2714339
        ]
      },
      "id": "way/322459733"
    },
    {
      "type": "Feature",
      "properties": {
        "@id": "way/328631919",
        "name": "Niladri Camp",
        "tourism": "camp_site",
        "@geometry": "center"
      },
      "geometry": {
        "type": "Point",
        "coordinates": [
          82.9518311,
          24.6598105
        ]
      },
      "id": "way/328631919"
    },
    {
      "type": "Feature",
      "properties": {
        "@id": "way/334669315",
        "building": "residential",
        "name": "Баладжи",
        "tourism": "hotel",
        "@geometry": "center"
      },
      "geometry": {
        "type": "Point",
        "coordinates": [
          77.6828928,
          27.5728582
        ]
      },
      "id": "way/334669315"
    },
    {
      "type": "Feature",
      "properties": {
        "@id": "way/335875703",
        "building": "yes",
        "tourism": "hotel",
        "@geometry": "center"
      },
      "geometry": {
        "type": "Point",
        "coordinates": [
          77.3796087,
          27.6548843
        ]
      },
      "id": "way/335875703"
    },
    {
      "type": "Feature",
      "properties": {
        "@id": "way/335875704",
        "building": "yes",
        "tourism": "hotel",
        "@geometry": "center"
      },
      "geometry": {
        "type": "Point",
        "coordinates": [
          77.3792438,
          27.6551003
        ]
      },
      "id": "way/335875704"
    },
    {
      "type": "Feature",
      "properties": {
        "@id": "way/335875706",
        "building": "yes",
        "tourism": "hotel",
        "@geometry": "center"
      },
      "geometry": {
        "type": "Point",
        "coordinates": [
          77.3794151,
          27.6549743
        ]
      },
      "id": "way/335875706"
    },
    {
      "type": "Feature",
      "properties": {
        "@id": "way/335875709",
        "building": "yes",
        "tourism": "hotel",
        "@geometry": "center"
      },
      "geometry": {
        "type": "Point",
        "coordinates": [
          77.3797732,
          27.6547209
        ]
      },
      "id": "way/335875709"
    },
    {
      "type": "Feature",
      "properties": {
        "@id": "way/346249182",
        "name": "Jaypee Palace Hotel",
        "tourism": "hotel",
        "@geometry": "center"
      },
      "geometry": {
        "type": "Point",
        "coordinates": [
          78.071118,
          27.153889
        ]
      },
      "id": "way/346249182"
    },
    {
      "type": "Feature",
      "properties": {
        "@id": "way/346810595",
        "landuse": "commercial",
        "name": "ITC Mughal",
        "tourism": "hotel",
        "@geometry": "center"
      },
      "geometry": {
        "type": "Point",
        "coordinates": [
          78.0443332,
          27.1608876
        ]
      },
      "id": "way/346810595"
    },
    {
      "type": "Feature",
      "properties": {
        "@id": "way/351155930",
        "building": "yes",
        "name": "Slate Pearl Coliving PG",
        "tourism": "hostel",
        "@geometry": "center"
      },
      "geometry": {
        "type": "Point",
        "coordinates": [
          77.3686283,
          28.5389014
        ]
      },
      "id": "way/351155930"
    },
    {
      "type": "Feature",
      "properties": {
        "@id": "way/351632324",
        "name": "Executive Block, Alakhnanda Apartment",
        "tourism": "apartment",
        "@geometry": "center"
      },
      "geometry": {
        "type": "Point",
        "coordinates": [
          77.3306151,
          28.6716093
        ]
      },
      "id": "way/351632324"
    },
    {
      "type": "Feature",
      "properties": {
        "@id": "way/351632325",
        "name": "Alaknanda Apartments, Block F",
        "tourism": "apartment",
        "@geometry": "center"
      },
      "geometry": {
        "type": "Point",
        "coordinates": [
          77.3304408,
          28.6724765
        ]
      },
      "id": "way/351632325"
    },
    {
      "type": "Feature",
      "properties": {
        "@id": "way/351632378",
        "building": "yes",
        "name": "Block E, Alaknanda Apartment",
        "tourism": "apartment",
        "@geometry": "center"
      },
      "geometry": {
        "type": "Point",
        "coordinates": [
          77.3304532,
          28.672044
        ]
      },
      "id": "way/351632378"
    },
    {
      "type": "Feature",
      "properties": {
        "@id": "way/351811740",
        "brand": "Radisson Blu",
        "brand:wikidata": "Q7281341",
        "building": "yes",
        "name": "Radisson BLU Kaushambi Dehli NCR",
        "operator": "Radisson",
        "tourism": "hotel",
        "@geometry": "center"
      },
      "geometry": {
        "type": "Point",
        "coordinates": [
          77.3277762,
          28.6365679
        ]
      },
      "id": "way/351811740"
    },
    {
      "type": "Feature",
      "properties": {
        "@id": "way/352281648",
        "addr:city": "Ghaziabad",
        "addr:housenumber": "D-75, Behind Kaushambi Metro Station",
        "addr:postcode": "201010",
        "brand": "OYO",
        "brand:wikidata": "Q24906315",
        "building": "yes",
        "name": "OYO Townhouse",
        "tourism": "hotel",
        "@geometry": "center"
      },
      "geometry": {
        "type": "Point",
        "coordinates": [
          77.3222942,
          28.6448516
        ]
      },
      "id": "way/352281648"
    },
    {
      "type": "Feature",
      "properties": {
        "@id": "way/356394936",
        "fixme": "boundary approximate",
        "historic": "archaeological_site",
        "name": "Group of Monuments - Fatehpur Sikri",
        "tourism": "attraction",
        "@geometry": "center"
      },
      "geometry": {
        "type": "Point",
        "coordinates": [
          77.6647247,
          27.0960224
        ]
      },
      "id": "way/356394936"
    },
    {
      "type": "Feature",
      "properties": {
        "@id": "way/356571982",
        "building": "yes",
        "name": "Rashmi Guest House",
        "tourism": "hotel",
        "@geometry": "center"
      },
      "geometry": {
        "type": "Point",
        "coordinates": [
          83.0109351,
          25.3080733
        ]
      },
      "id": "way/356571982"
    },
    {
      "type": "Feature",
      "properties": {
        "@id": "way/356639663",
        "building": "yes",
        "historic": "tomb",
        "name": "Gulab Bari",
        "tourism": "attraction",
        "wikipedia": "en:Gulab Bari",
        "@geometry": "center"
      },
      "geometry": {
        "type": "Point",
        "coordinates": [
          82.1445393,
          26.7660814
        ]
      },
      "id": "way/356639663"
    },
    {
      "type": "Feature",
      "properties": {
        "@id": "way/363080612",
        "building": "yes",
        "name": "Stops Hostel",
        "phone": "+918191853853",
        "tourism": "hostel",
        "@geometry": "center"
      },
      "geometry": {
        "type": "Point",
        "coordinates": [
          82.9995734,
          25.2993991
        ]
      },
      "id": "way/363080612"
    },
    {
      "type": "Feature",
      "properties": {
        "@id": "way/364730591",
        "addr:city": "Kalinjar",
        "addr:housenumber": "Nilkanth Temple",
        "addr:postcode": "210001",
        "addr:street": "Kalinjar Fort Hill Road",
        "historic": "castle",
        "name": "Kalinjar Fort",
        "ruins": "yes",
        "start_date": "C10",
        "tourism": "attraction",
        "wikidata": "Q3630997",
        "wikipedia": "en:Kalinjar Fort",
        "@geometry": "center"
      },
      "geometry": {
        "type": "Point",
        "coordinates": [
          80.4850118,
          24.99982
        ]
      },
      "id": "way/364730591"
    },
    {
      "type": "Feature",
      "properties": {
        "@id": "way/369149871",
        "building": "yes",
        "internet_access": "wlan",
        "name": "Hostel 1B",
        "operator": "Shiv Nadar University",
        "tourism": "hostel",
        "wheelchair": "yes",
        "@geometry": "center"
      },
      "geometry": {
        "type": "Point",
        "coordinates": [
          77.5730534,
          28.5241233
        ]
      },
      "id": "way/369149871"
    },
    {
      "type": "Feature",
      "properties": {
        "@id": "way/369149873",
        "building": "yes",
        "internet_access": "wlan",
        "name": "Hostel 1A",
        "operator": "Shiv Nadar University",
        "tourism": "hostel",
        "@geometry": "center"
      },
      "geometry": {
        "type": "Point",
        "coordinates": [
          77.572992,
          28.5247857
        ]
      },
      "id": "way/369149873"
    },
    {
      "type": "Feature",
      "properties": {
        "@id": "way/369149874",
        "building": "yes",
        "name": "Hostel 1C",
        "operator": "Shiv Nadar University",
        "tourism": "hostel",
        "@geometry": "center"
      },
      "geometry": {
        "type": "Point",
        "coordinates": [
          77.5723457,
          28.5243944
        ]
      },
      "id": "way/369149874"
    },
    {
      "type": "Feature",
      "properties": {
        "@id": "way/369216636",
        "building": "yes",
        "internet_access": "wlan",
        "name": "Hostel 2A",
        "operator": "Shiv Nadar University",
        "tourism": "hostel",
        "@geometry": "center"
      },
      "geometry": {
        "type": "Point",
        "coordinates": [
          77.5731497,
          28.5232614
        ]
      },
      "id": "way/369216636"
    },
    {
      "type": "Feature",
      "properties": {
        "@id": "way/369217548",
        "building": "yes",
        "internet_access": "wlan",
        "name": "Hostel 2B",
        "operator": "Shiv Nadar University",
        "tourism": "hostel",
        "@geometry": "center"
      },
      "geometry": {
        "type": "Point",
        "coordinates": [
          77.5734213,
          28.5227756
        ]
      },
      "id": "way/369217548"
    },
    {
      "type": "Feature",
      "properties": {
        "@id": "way/369249655",
        "building": "yes",
        "internet_access": "wlan",
        "name": "Hostel 2C",
        "operator": "Shiv Nadar University",
        "tourism": "hostel",
        "@geometry": "center"
      },
      "geometry": {
        "type": "Point",
        "coordinates": [
          77.5727665,
          28.5227515
        ]
      },
      "id": "way/369249655"
    },
    {
      "type": "Feature",
      "properties": {
        "@id": "way/369376659",
        "building": "yes",
        "internet_access": "wlan",
        "name": "Hostel 3C",
        "operator": "Shiv Nadar University",
        "tourism": "hostel",
        "@geometry": "center"
      },
      "geometry": {
        "type": "Point",
        "coordinates": [
          77.5714177,
          28.524837
        ]
      },
      "id": "way/369376659"
    },
    {
      "type": "Feature",
      "properties": {
        "@id": "way/369376660",
        "building": "yes",
        "internet_access": "wlan",
        "name": "Hostel 3A",
        "operator": "Shiv Nadar University",
        "tourism": "hostel",
        "@geometry": "center"
      },
      "geometry": {
        "type": "Point",
        "coordinates": [
          77.5709531,
          28.5253015
        ]
      },
      "id": "way/369376660"
    },
    {
      "type": "Feature",
      "properties": {
        "@id": "way/369386752",
        "building": "yes",
        "internet_access": "wlan",
        "name": "Hostel 3B",
        "operator": "Shiv Nadar University",
        "tourism": "hostel",
        "@geometry": "center"
      },
      "geometry": {
        "type": "Point",
        "coordinates": [
          77.5707543,
          28.5247612
        ]
      },
      "id": "way/369386752"
    },
    {
      "type": "Feature",
      "properties": {
        "@id": "way/375257537",
        "building": "yes",
        "heritage:operator": "whc",
        "historic": "tomb",
        "landmark": "1",
        "name": "Taj Mahal",
        "name:am": "ታጅ ማሃል",
        "name:ar": "تاج محل",
        "name:arz": "تاج محل",
        "name:az-Arab": "تاج محل",
        "name:azb": "تاج محل",
        "name:ba": "Таж Махал",
        "name:be": "Тадж-Махал",
        "name:be-tarask": "Тадж Магал",
        "name:bg": "Тадж Махал",
        "name:bn": "তাজমহল",
        "name:bxr": "Тадж-Махал",
        "name:ce": "Тадж-Махал",
        "name:cs": "Tádž Mahal",
        "name:de": "Tadsch Mahal",
        "name:el": "Τατζ Μαχάλ",
        "name:en": "Taj Mahal",
        "name:fa": "تاج محل",
        "name:gu": "તાજ મહેલ",
        "name:he": "טאג' מהאל",
        "name:hi": "ताज महल",
        "name:hy": "Թաջ Մահալ",
        "name:hyw": "Թաժ Մահալ",
        "name:ja": "タージ・マハル",
        "name:kab-Arab": "تاج محل",
        "name:kk": "Тәж Махал",
        "name:kk-Arab": "ٴتاج ماحال",
        "name:kn": "ತಾಜ್ ಮಹಲ್",
        "name:ks": "تاج مَحل",
        "name:ky": "Таж-Махал",
        "name:ml": "താജ് മഹൽ",
        "name:pa": "ਤਾਜ ਮਹਿਲ",
        "name:pnb": "تاج محل",
        "name:ps": "تاج محل",
        "name:ru": "Тадж-Махал",
        "name:sd": "تاج محل",
        "name:ta": "தாஜ் மகால்",
        "name:te": "తాజ్ మహల్",
        "name:tr": "taç mahal",
        "name:tw": "泰姬瑪哈陵",
        "name:uk": "Тадж Махал",
        "name:ur": "تاج محل",
        "name:zh": "泰姬陵",
        "ref:whc": "252",
        "roof:colour": "white",
        "start_date": "1632",
        "survey:date": "2023-06-18",
        "tomb": "mausoleum",
        "tourism": "attraction",
        "website": "https://www.tajmahal.gov.in/",
        "whc:criteria": "(i)",
        "whc:inscription_date": "1983",
        "wheelchair": "yes",
        "wikidata": "Q9141",
        "wikipedia": "hi:ताजमहल",
        "wikipedia:ur": "تاج محل",
        "@geometry": "center"
      },
      "geometry": {
        "type": "Point",
        "coordinates": [
          78.0420903,
          27.175009
        ]
      },
      "id": "way/375257537"
    },
    {
      "type": "Feature",
      "properties": {
        "@id": "way/378105192",
        "addr:city": "Agra",
        "addr:state": "Uttar Pradesh",
        "building": "yes",
        "historic": "monument",
        "name": "एतमाद-उद-दौला का मक़बरा",
        "name:en": "I'timād-ud-Daulah's Tomb",
        "name:hi": "एतमाद-उद-दौला का मक़बरा",
        "name:ru": "Гробница Итимад-уд-Даулы",
        "name:ur": "مقبرہ اعتماد الدولہ",
        "name:zh": "小泰姬陵",
        "opening_hours": "Fr-Th 08:00-24:00",
        "tourism": "attraction",
        "wikidata": "Q1318766",
        "wikipedia": "en:Tomb of I'timād-ud-Daulah",
        "@geometry": "center"
      },
      "geometry": {
        "type": "Point",
        "coordinates": [
          78.0309945,
          27.1928678
        ]
      },
      "id": "way/378105192"
    },
    {
      "type": "Feature",
      "properties": {
        "@id": "way/387663200",
        "building": "yes",
        "name": "Girls HOstel",
        "smoking": "yes",
        "tourism": "hostel",
        "@geometry": "center"
      },
      "geometry": {
        "type": "Point",
        "coordinates": [
          77.604655,
          29.1481029
        ]
      },
      "id": "way/387663200"
    },
    {
      "type": "Feature",
      "properties": {
        "@id": "way/387663202",
        "building": "yes",
        "name": "Boys Hostell",
        "tourism": "hostel",
        "@geometry": "center"
      },
      "geometry": {
        "type": "Point",
        "coordinates": [
          77.6041956,
          29.1485755
        ]
      },
      "id": "way/387663202"
    },
    {
      "type": "Feature",
      "properties": {
        "@id": "way/402325790",
        "tourism": "attraction",
        "@geometry": "center"
      },
      "geometry": {
        "type": "Point",
        "coordinates": [
          77.3148332,
          28.5641676
        ]
      },
      "id": "way/402325790"
    },
    {
      "type": "Feature",
      "properties": {
        "@id": "way/407528677",
        "building": "yes",
        "internet_access": "wlan",
        "internet_access:fee": "yes",
        "name": "Ramada Plaza Jhv",
        "tourism": "hotel",
        "@geometry": "center"
      },
      "geometry": {
        "type": "Point",
        "coordinates": [
          82.9764399,
          25.3369355
        ]
      },
      "id": "way/407528677"
    },
    {
      "type": "Feature",
      "properties": {
        "@id": "way/456168474",
        "building": "yes",
        "building:levels": "1",
        "description": "Residential hostel of boys with 100+ capacity of students.\nthis building also has Dining hall for boarders residing in the campus including the boarders of Jamal Hostel on the opposite side of the building.",
        "name": "Rasool Hostel",
        "tourism": "hostel",
        "@geometry": "center"
      },
      "geometry": {
        "type": "Point",
        "coordinates": [
          78.0761078,
          27.9201105
        ]
      },
      "id": "way/456168474"
    },
    {
      "type": "Feature",
      "properties": {
        "@id": "way/456168476",
        "building": "yes",
        "building:levels": "1",
        "description": "This hostel is being used by the students of STS School and is famous for its Warden Mr. Akhtar Hussain Sahab from Rampur. This hostel also has a capacity of 100+ students.",
        "name": "Jamal Hostel",
        "tourism": "hostel",
        "@geometry": "center"
      },
      "geometry": {
        "type": "Point",
        "coordinates": [
          78.0759552,
          27.9181287
        ]
      },
      "id": "way/456168476"
    },
    {
      "type": "Feature",
      "properties": {
        "@id": "way/462023185",
        "internet_access": "wlan",
        "internet_access:fee": "yes",
        "internet_access:ssid": "RGIPTWBS1",
        "name": "Hostels",
        "smoking": "no",
        "tourism": "hostel",
        "@geometry": "center"
      },
      "geometry": {
        "type": "Point",
        "coordinates": [
          81.505278,
          26.2648936
        ]
      },
      "id": "way/462023185"
    },
    {
      "type": "Feature",
      "properties": {
        "@id": "way/466386107",
        "tourism": "hotel",
        "@geometry": "center"
      },
      "geometry": {
        "type": "Point",
        "coordinates": [
          83.03603,
          25.2966724
        ]
      },
      "id": "way/466386107"
    },
    {
      "type": "Feature",
      "properties": {
        "@id": "node/466555475",
        "artwork_type": "statue",
        "tourism": "artwork"
      },
      "geometry": {
        "type": "Point",
        "coordinates": [
          77.4499573,
          28.6672627
        ]
      },
      "id": "node/466555475"
    },
    {
      "type": "Feature",
      "properties": {
        "@id": "way/469052856",
        "building": "yes",
        "name": "Shibli College Guest House",
        "tourism": "hostel",
        "@geometry": "center"
      },
      "geometry": {
        "type": "Point",
        "coordinates": [
          83.1852742,
          26.0766346
        ]
      },
      "id": "way/469052856"
    },
    {
      "type": "Feature",
      "properties": {
        "@id": "way/471478597",
        "tourism": "hotel",
        "@geometry": "center"
      },
      "geometry": {
        "type": "Point",
        "coordinates": [
          82.5455638,
          25.15019
        ]
      },
      "id": "way/471478597"
    },
    {
      "type": "Feature",
      "properties": {
        "@id": "way/477239233",
        "name": "Rani mahal",
        "tourism": "attraction",
        "@geometry": "center"
      },
      "geometry": {
        "type": "Point",
        "coordinates": [
          78.5798827,
          25.4583003
        ]
      },
      "id": "way/477239233"
    },
    {
      "type": "Feature",
      "properties": {
        "@id": "way/481421934",
        "amenity": "place_of_worship",
        "artwork_type": "statue",
        "building": "yes",
        "name": "Buddha statue",
        "religion": "buddhist",
        "tourism": "artwork",
        "@geometry": "center"
      },
      "geometry": {
        "type": "Point",
        "coordinates": [
          83.0333805,
          25.3866407
        ]
      },
      "id": "way/481421934"
    },
    {
      "type": "Feature",
      "properties": {
        "@id": "way/490103297",
        "alt_name": "Hall of Public Audience",
        "building": "yes",
        "name": "Diwan-i-Aam",
        "name:hi": "दीवान-ए-आम",
        "tourism": "attraction",
        "@geometry": "center"
      },
      "geometry": {
        "type": "Point",
        "coordinates": [
          78.0225413,
          27.1789741
        ]
      },
      "id": "way/490103297"
    },
    {
      "type": "Feature",
      "properties": {
        "@id": "way/490321400",
        "building": "yes",
        "name": "Sheesh Mahal",
        "tourism": "attraction",
        "@geometry": "center"
      },
      "geometry": {
        "type": "Point",
        "coordinates": [
          78.023134,
          27.1787596
        ]
      },
      "id": "way/490321400"
    },
    {
      "type": "Feature",
      "properties": {
        "@id": "way/500892845",
        "castle_type": "fortress",
        "historic": "castle",
        "name": "Bhuragarh Fort",
        "tourism": "attraction",
        "wikidata": "Q11922628",
        "@geometry": "center"
      },
      "geometry": {
        "type": "Point",
        "coordinates": [
          80.3100841,
          25.4759619
        ]
      },
      "id": "way/500892845"
    },
    {
      "type": "Feature",
      "properties": {
        "@id": "way/503900145",
        "building": "yes",
        "name": "Parivar Marriage Hall",
        "tourism": "guest_house",
        "@geometry": "center"
      },
      "geometry": {
        "type": "Point",
        "coordinates": [
          79.1333134,
          25.2385869
        ]
      },
      "id": "way/503900145"
    },
    {
      "type": "Feature",
      "properties": {
        "@id": "way/503900147",
        "building": "yes",
        "tourism": "guest_house",
        "@geometry": "center"
      },
      "geometry": {
        "type": "Point",
        "coordinates": [
          79.1330313,
          25.2386241
        ]
      },
      "id": "way/503900147"
    },
    {
      "type": "Feature",
      "properties": {
        "@id": "way/503904103",
        "building": "yes",
        "name": "Dooger singh Hostel",
        "tourism": "hostel",
        "@geometry": "center"
      },
      "geometry": {
        "type": "Point",
        "coordinates": [
          79.5565036,
          25.5852634
        ]
      },
      "id": "way/503904103"
    },
    {
      "type": "Feature",
      "properties": {
        "@id": "way/503904133",
        "building": "yes",
        "name": "Avatikabai Hostel",
        "tourism": "hostel",
        "@geometry": "center"
      },
      "geometry": {
        "type": "Point",
        "coordinates": [
          79.5593006,
          25.5838111
        ]
      },
      "id": "way/503904133"
    },
    {
      "type": "Feature",
      "properties": {
        "@id": "way/506244031",
        "building": "yes",
        "guest_house": "student_accommodation",
        "tourism": "hostel",
        "@geometry": "center"
      },
      "geometry": {
        "type": "Point",
        "coordinates": [
          81.9124407,
          25.3226887
        ]
      },
      "id": "way/506244031"
    },
    {
      "type": "Feature",
      "properties": {
        "@id": "way/511972324",
        "addr:city": "Kanpur",
        "addr:district": "Kanpur",
        "addr:postcode": "208001",
        "building": "yes",
        "building:levels": "3",
        "name": "KIT Girls Hostel",
        "tourism": "hostel",
        "@geometry": "center"
      },
      "geometry": {
        "type": "Point",
        "coordinates": [
          80.4248098,
          26.368443
        ]
      },
      "id": "way/511972324"
    },
    {
      "type": "Feature",
      "properties": {
        "@id": "way/511980875",
        "amenity": "planetarium",
        "building": "yes",
        "name": "Jawahar Planetarium",
        "name:etymology:wikidata": "Q1047",
        "tourism": "museum",
        "@geometry": "center"
      },
      "geometry": {
        "type": "Point",
        "coordinates": [
          81.8603473,
          25.4588372
        ]
      },
      "id": "way/511980875"
    },
    {
      "type": "Feature",
      "properties": {
        "@id": "node/534503057",
        "name": "Shiva Guest House",
        "tourism": "guest_house"
      },
      "geometry": {
        "type": "Point",
        "coordinates": [
          80.9866812,
          26.8601977
        ]
      },
      "id": "node/534503057"
    },
    {
      "type": "Feature",
      "properties": {
        "@id": "way/544111763",
        "addr:city": "Lucknow",
        "addr:country": "IN",
        "addr:housenumber": "TCG -7/7",
        "addr:postcode": "226010",
        "addr:street": "Vibhuti Khand",
        "building": "yes",
        "contact:facebook": "https://www.facebook.com/LucknowHiltonGardenInn",
        "contact:instagram": "https://www.instagram.com/hgilucknow/",
        "contact:linkedin": "https://www.linkedin.com/company/hiltongardeninnlucknow",
        "email": "achint.rastogi@hilton.com",
        "internet_access": "wlan",
        "name": "Hilton Garden Inn Lucknow",
        "operator": "Hilton Hotels",
        "phone": "+91-522-427 7777",
        "rooms": "125",
        "smoking": "separated",
        "stars": "4",
        "tourism": "hotel",
        "website": "https://www.hilton.com/en/hotels/lkogigi-hilton-garden-inn-lucknow/",
        "wheelchair": "yes",
        "@geometry": "center"
      },
      "geometry": {
        "type": "Point",
        "coordinates": [
          81.0080473,
          26.8641762
        ]
      },
      "id": "way/544111763"
    },
    {
      "type": "Feature",
      "properties": {
        "@id": "way/545675000",
        "addr:city": "Varanasi",
        "addr:postcode": "221001",
        "addr:street": "Dashashwamedh Road",
        "building": "yes",
        "check_date:internet_access": "2023-10-29",
        "internet_access": "wlan",
        "internet_access:fee": "no",
        "name": "Santana Varanasi",
        "name:en": "Santana Varanasi Guesthouse",
        "name:ja": "サンタナバラナシ",
        "operator": "Santana",
        "tourism": "guest_house",
        "@geometry": "center"
      },
      "geometry": {
        "type": "Point",
        "coordinates": [
          83.008832,
          25.3069941
        ]
      },
      "id": "way/545675000"
    },
    {
      "type": "Feature",
      "properties": {
        "@id": "way/550951222",
        "name": "Atithi Grah",
        "tourism": "hotel",
        "@geometry": "center"
      },
      "geometry": {
        "type": "Point",
        "coordinates": [
          83.035193,
          24.2133764
        ]
      },
      "id": "way/550951222"
    },
    {
      "type": "Feature",
      "properties": {
        "@id": "node/567267944",
        "name": "Maya",
        "tourism": "hotel"
      },
      "geometry": {
        "type": "Point",
        "coordinates": [
          78.0373174,
          27.166379
        ]
      },
      "id": "node/567267944"
    },
    {
      "type": "Feature",
      "properties": {
        "@id": "way/579168390",
        "building": "yes",
        "name": "Sleep inn",
        "source": "DigitalGlobe-Standard",
        "tourism": "hotel",
        "@geometry": "center"
      },
      "geometry": {
        "type": "Point",
        "coordinates": [
          78.0349906,
          27.1606463
        ]
      },
      "id": "way/579168390"
    },
    {
      "type": "Feature",
      "properties": {
        "@id": "way/579168395",
        "building": "yes",
        "name": "Hotel Mansingh Palace",
        "source": "DigitalGlobe-Standard",
        "tourism": "hotel",
        "@geometry": "center"
      },
      "geometry": {
        "type": "Point",
        "coordinates": [
          78.0353623,
          27.1609788
        ]
      },
      "id": "way/579168395"
    },
    {
      "type": "Feature",
      "properties": {
        "@id": "way/579191943",
        "name": "Hotel Lake View",
        "source": "DigitalGlobe-Standard, GPS",
        "tourism": "hotel",
        "@geometry": "center"
      },
      "geometry": {
        "type": "Point",
        "coordinates": [
          77.6576181,
          27.1149228
        ]
      },
      "id": "way/579191943"
    },
    {
      "type": "Feature",
      "properties": {
        "@id": "way/608015620",
        "building": "yes",
        "internet_access": "wlan",
        "level": "3",
        "name": "Rajendra Bhavan",
        "name_1": "Rajendra Bhavan",
        "rooms": "432",
        "smoking": "no",
        "tourism": "hostel",
        "@geometry": "center"
      },
      "geometry": {
        "type": "Point",
        "coordinates": [
          77.373331,
          28.6298173
        ]
      },
      "id": "way/608015620"
    },
    {
      "type": "Feature",
      "properties": {
        "@id": "way/608015634",
        "building": "yes",
        "internet_access": "wlan",
        "name": "Sarojni Bhavan",
        "operator": "Papia",
        "smoking": "no",
        "tourism": "hostel",
        "@geometry": "center"
      },
      "geometry": {
        "type": "Point",
        "coordinates": [
          77.3720722,
          28.6292775
        ]
      },
      "id": "way/608015634"
    },
    {
      "type": "Feature",
      "properties": {
        "@id": "way/608015640",
        "building": "yes",
        "internet_access": "wlan",
        "name": "H5",
        "smoking": "no",
        "tourism": "hostel",
        "@geometry": "center"
      },
      "geometry": {
        "type": "Point",
        "coordinates": [
          77.3737938,
          28.6293098
        ]
      },
      "id": "way/608015640"
    },
    {
      "type": "Feature",
      "properties": {
        "@id": "way/608015645",
        "building": "yes",
        "name": "H4",
        "tourism": "hostel",
        "@geometry": "center"
      },
      "geometry": {
        "type": "Point",
        "coordinates": [
          77.3738178,
          28.6298141
        ]
      },
      "id": "way/608015645"
    },
    {
      "type": "Feature",
      "properties": {
        "@id": "node/608440527",
        "addr:city": "Agra",
        "addr:country": "IN",
        "addr:postcode": "282001",
        "addr:street": "Fatehabad Road",
        "name": "The Gateway Hotel",
        "tourism": "hotel"
      },
      "geometry": {
        "type": "Point",
        "coordinates": [
          78.0407622,
          27.1615917
        ]
      },
      "id": "node/608440527"
    },
    {
      "type": "Feature",
      "properties": {
        "@id": "way/621477591",
        "amenity": "place_of_worship",
        "historic": "archaeological_site",
        "name": "Barghad Ghat",
        "religion": "hindu",
        "tourism": "attraction",
        "@geometry": "center"
      },
      "geometry": {
        "type": "Point",
        "coordinates": [
          81.8279668,
          25.4194514
        ]
      },
      "id": "way/621477591"
    },
    {
      "type": "Feature",
      "properties": {
        "@id": "way/621496598",
        "name": "Swaraj Bhavan",
        "tourism": "attraction",
        "@geometry": "center"
      },
      "geometry": {
        "type": "Point",
        "coordinates": [
          81.8604074,
          25.4601381
        ]
      },
      "id": "way/621496598"
    },
    {
      "type": "Feature",
      "properties": {
        "@id": "way/627142462",
        "name": "Flag Post",
        "tourism": "attraction",
        "@geometry": "center"
      },
      "geometry": {
        "type": "Point",
        "coordinates": [
          81.8677847,
          25.4412448
        ]
      },
      "id": "way/627142462"
    },
    {
      "type": "Feature",
      "properties": {
        "@id": "way/627778611",
        "name": "Fun Gaon",
        "tourism": "theme_park",
        "@geometry": "center"
      },
      "geometry": {
        "type": "Point",
        "coordinates": [
          81.6871769,
          25.4247645
        ]
      },
      "id": "way/627778611"
    },
    {
      "type": "Feature",
      "properties": {
        "@id": "way/628136946",
        "building": "yes",
        "name": "Kundan Guest House",
        "tourism": "guest_house",
        "@geometry": "center"
      },
      "geometry": {
        "type": "Point",
        "coordinates": [
          81.8657979,
          25.4584494
        ]
      },
      "id": "way/628136946"
    },
    {
      "type": "Feature",
      "properties": {
        "@id": "node/655308753",
        "name": "Marina",
        "tourism": "hotel"
      },
      "geometry": {
        "type": "Point",
        "coordinates": [
          78.0026026,
          27.1974545
        ]
      },
      "id": "node/655308753"
    },
    {
      "type": "Feature",
      "properties": {
        "@id": "way/656585609",
        "building": "yes",
        "gender": "male",
        "male": "yes",
        "tourism": "hostel",
        "@geometry": "center"
      },
      "geometry": {
        "type": "Point",
        "coordinates": [
          77.5521197,
          27.6464974
        ]
      },
      "id": "way/656585609"
    },
    {
      "type": "Feature",
      "properties": {
        "@id": "way/656590608",
        "area": "yes",
        "artwork_type": "statue",
        "tourism": "artwork",
        "@geometry": "center"
      },
      "geometry": {
        "type": "Point",
        "coordinates": [
          77.5529344,
          27.6485924
        ]
      },
      "id": "way/656590608"
    },
    {
      "type": "Feature",
      "properties": {
        "@id": "way/668632398",
        "addr:city": "Agra",
        "addr:postcode": "282001",
        "addr:street": "Fatehabad Road",
        "brand": "Ramada",
        "building": "yes",
        "name": "Ramada Plaza",
        "phone": "+91 56271 23500",
        "tourism": "hotel",
        "@geometry": "center"
      },
      "geometry": {
        "type": "Point",
        "coordinates": [
          78.0926888,
          27.1382967
        ]
      },
      "id": "way/668632398"
    },
    {
      "type": "Feature",
      "properties": {
        "@id": "way/669949272",
        "amenity": "place_of_worship",
        "name": "Jama Masjid",
        "religion": "muslim",
        "tourism": "attraction",
        "wikidata": "Q6127157",
        "@geometry": "center"
      },
      "geometry": {
        "type": "Point",
        "coordinates": [
          82.6850577,
          25.7590223
        ]
      },
      "id": "way/669949272"
    },
    {
      "type": "Feature",
      "properties": {
        "@id": "way/670471392",
        "amenity": "place_of_worship",
        "name": "Maheshwari Devi Temple",
        "religion": "hindu",
        "tourism": "attraction",
        "@geometry": "center"
      },
      "geometry": {
        "type": "Point",
        "coordinates": [
          80.3315711,
          25.4736605
        ]
      },
      "id": "way/670471392"
    },
    {
      "type": "Feature",
      "properties": {
        "@id": "way/682313342",
        "building": "yes",
        "tourism": "museum",
        "@geometry": "center"
      },
      "geometry": {
        "type": "Point",
        "coordinates": [
          80.9557051,
          26.8453914
        ]
      },
      "id": "way/682313342"
    },
    {
      "type": "Feature",
      "properties": {
        "@id": "node/691687059",
        "name": "Howard Park Plaza",
        "tourism": "hotel",
        "website": "https://www.parkplaza.com/agrain"
      },
      "geometry": {
        "type": "Point",
        "coordinates": [
          78.0368457,
          27.1628283
        ]
      },
      "id": "node/691687059"
    },
    {
      "type": "Feature",
      "properties": {
        "@id": "way/692387488",
        "area": "yes",
        "artwork_type": "statue",
        "tourism": "artwork",
        "@geometry": "center"
      },
      "geometry": {
        "type": "Point",
        "coordinates": [
          77.3496933,
          28.6828136
        ]
      },
      "id": "way/692387488"
    },
    {
      "type": "Feature",
      "properties": {
        "@id": "way/703917084",
        "air_conditioning": "no",
        "building": "yes",
        "internet_access": "wlan",
        "name": "BrijRama Palace",
        "name:en": "BrijRama Palace",
        "tourism": "hotel",
        "@geometry": "center"
      },
      "geometry": {
        "type": "Point",
        "coordinates": [
          83.0093457,
          25.3053483
        ]
      },
      "id": "way/703917084"
    },
    {
      "type": "Feature",
      "properties": {
        "@id": "way/704905546",
        "addr:city": "Kanpur",
        "charge": "70 INR",
        "fee": "yes",
        "name": "Kanpur Zoological Park",
        "tourism": "zoo",
        "wikidata": "Q4731647",
        "wikipedia": "en:Kanpur Zoological Park",
        "@geometry": "center"
      },
      "geometry": {
        "type": "Point",
        "coordinates": [
          80.2979471,
          26.4997932
        ]
      },
      "id": "way/704905546"
    },
    {
      "type": "Feature",
      "properties": {
        "@id": "node/709660160",
        "addr:postcode": "211004",
        "building": "school",
        "int_name": "MNIT",
        "name": "MNNIT Hostel Area",
        "source": "survey -- I live here",
        "tourism": "hostel",
        "website": "http://www.mnnit.ac.in/"
      },
      "geometry": {
        "type": "Point",
        "coordinates": [
          81.8682931,
          25.4951993
        ]
      },
      "id": "node/709660160"
    },
    {
      "type": "Feature",
      "properties": {
        "@id": "way/729367496",
        "addr:city": "Varanasi",
        "addr:housenumber": "B 1/128 M",
        "addr:postcode": "221005",
        "addr:street": "Dumraon Colony, Assi",
        "air_conditioning": "yes",
        "building": "yes",
        "building:levels": "3",
        "guest_house": "backpacker_hostel",
        "height": "11",
        "internet_access": "wlan",
        "internet_access:fee": "no",
        "internet_access:ssid": "Banaras Hostel",
        "name": "Banaras Hostel, Varanasi",
        "operator": "https://banarashostel.com",
        "rooms": "70",
        "tourism": "hostel",
        "website": "https://banarashostel.com",
        "@geometry": "center"
      },
      "geometry": {
        "type": "Point",
        "coordinates": [
          83.0052836,
          25.2868469
        ]
      },
      "id": "way/729367496"
    },
    {
      "type": "Feature",
      "properties": {
        "@id": "node/746665592",
        "name": "The Oberoi Amarvilas",
        "stars": "5",
        "tourism": "hotel"
      },
      "geometry": {
        "type": "Point",
        "coordinates": [
          78.0489443,
          27.167935
        ]
      },
      "id": "node/746665592"
    },
    {
      "type": "Feature",
      "properties": {
        "@id": "node/746672698",
        "name": "ITC Mughal",
        "stars": "5",
        "tourism": "hotel"
      },
      "geometry": {
        "type": "Point",
        "coordinates": [
          78.0439887,
          27.1610537
        ]
      },
      "id": "node/746672698"
    },
    {
      "type": "Feature",
      "properties": {
        "@id": "way/756285501",
        "building": "yes",
        "name": "Handicraft museum",
        "tourism": "museum",
        "@geometry": "center"
      },
      "geometry": {
        "type": "Point",
        "coordinates": [
          82.9757451,
          25.3836114
        ]
      },
      "id": "way/756285501"
    },
    {
      "type": "Feature",
      "properties": {
        "@id": "way/757854085",
        "building": "yes",
        "tourism": "hostel",
        "@geometry": "center"
      },
      "geometry": {
        "type": "Point",
        "coordinates": [
          83.3807787,
          26.7433493
        ]
      },
      "id": "way/757854085"
    },
    {
      "type": "Feature",
      "properties": {
        "@id": "way/800791379",
        "building": "yes",
        "tourism": "hostel",
        "@geometry": "center"
      },
      "geometry": {
        "type": "Point",
        "coordinates": [
          82.9696211,
          25.3441636
        ]
      },
      "id": "way/800791379"
    },
    {
      "type": "Feature",
      "properties": {
        "@id": "way/805942119",
        "building": "yes",
        "tourism": "hotel",
        "@geometry": "center"
      },
      "geometry": {
        "type": "Point",
        "coordinates": [
          81.372016,
          25.6084529
        ]
      },
      "id": "way/805942119"
    },
    {
      "type": "Feature",
      "properties": {
        "@id": "way/805942142",
        "building": "yes",
        "tourism": "hotel",
        "@geometry": "center"
      },
      "geometry": {
        "type": "Point",
        "coordinates": [
          81.3753151,
          25.60934
        ]
      },
      "id": "way/805942142"
    },
    {
      "type": "Feature",
      "properties": {
        "@id": "way/805942146",
        "building": "yes",
        "tourism": "hotel",
        "@geometry": "center"
      },
      "geometry": {
        "type": "Point",
        "coordinates": [
          81.3759991,
          25.6095516
        ]
      },
      "id": "way/805942146"
    },
    {
      "type": "Feature",
      "properties": {
        "@id": "way/805942148",
        "building": "yes",
        "tourism": "hotel",
        "@geometry": "center"
      },
      "geometry": {
        "type": "Point",
        "coordinates": [
          81.3754599,
          25.6096496
        ]
      },
      "id": "way/805942148"
    },
    {
      "type": "Feature",
      "properties": {
        "@id": "way/805942149",
        "building": "yes",
        "tourism": "hotel",
        "@geometry": "center"
      },
      "geometry": {
        "type": "Point",
        "coordinates": [
          81.375248,
          25.6097306
        ]
      },
      "id": "way/805942149"
    },
    {
      "type": "Feature",
      "properties": {
        "@id": "way/807059355",
        "building": "yes",
        "name": "Allahabad University Girls Hostel",
        "tourism": "hostel",
        "@geometry": "center"
      },
      "geometry": {
        "type": "Point",
        "coordinates": [
          81.8631812,
          25.4682066
        ]
      },
      "id": "way/807059355"
    },
    {
      "type": "Feature",
      "properties": {
        "@id": "way/809123464",
        "tourism": "camp_pitch",
        "@geometry": "center"
      },
      "geometry": {
        "type": "Point",
        "coordinates": [
          80.6090379,
          25.3367839
        ]
      },
      "id": "way/809123464"
    },
    {
      "type": "Feature",
      "properties": {
        "@id": "way/825147772",
        "area": "yes",
        "artwork_type": "statue",
        "tourism": "artwork",
        "@geometry": "center"
      },
      "geometry": {
        "type": "Point",
        "coordinates": [
          80.3213465,
          25.6123799
        ]
      },
      "id": "way/825147772"
    },
    {
      "type": "Feature",
      "properties": {
        "@id": "way/843831325",
        "building": "yes",
        "name": "Birla Dharamshala",
        "tourism": "hotel",
        "@geometry": "center"
      },
      "geometry": {
        "type": "Point",
        "coordinates": [
          82.2011782,
          26.7928253
        ]
      },
      "id": "way/843831325"
    },
    {
      "type": "Feature",
      "properties": {
        "@id": "way/849785819",
        "tourism": "camp_site",
        "@geometry": "center"
      },
      "geometry": {
        "type": "Point",
        "coordinates": [
          80.5011005,
          25.1494139
        ]
      },
      "id": "way/849785819"
    },
    {
      "type": "Feature",
      "properties": {
        "@id": "way/850346909",
        "area": "yes",
        "artwork_type": "statue",
        "tourism": "artwork",
        "@geometry": "center"
      },
      "geometry": {
        "type": "Point",
        "coordinates": [
          80.9536357,
          25.3435221
        ]
      },
      "id": "way/850346909"
    },
    {
      "type": "Feature",
      "properties": {
        "@id": "way/854126265",
        "tourism": "guest_house",
        "@geometry": "center"
      },
      "geometry": {
        "type": "Point",
        "coordinates": [
          81.8172213,
          25.4165615
        ]
      },
      "id": "way/854126265"
    },
    {
      "type": "Feature",
      "properties": {
        "@id": "way/854899175",
        "building": "yes",
        "name": "#acnindiafy21",
        "tourism": "hotel",
        "@geometry": "center"
      },
      "geometry": {
        "type": "Point",
        "coordinates": [
          80.3350394,
          25.4760362
        ]
      },
      "id": "way/854899175"
    },
    {
      "type": "Feature",
      "properties": {
        "@id": "way/857420389",
        "addr:city": "Varanasi",
        "addr:postcode": "221005",
        "addr:street": "Aryabhatt Hostel Road",
        "air_conditioning": "yes",
        "building": "yes",
        "description": "first year students",
        "guest_house": "hostel",
        "internet_access": "yes",
        "internet_access:fee": "customers",
        "name": "Aryabhatta Hostel",
        "operator": "Indian Institute of Technology (BHU), sanjay singh",
        "rooms": "400",
        "tourism": "hostel",
        "website": "https://iitbhu.ac.in/hostels/aryabhatta",
        "@geometry": "center"
      },
      "geometry": {
        "type": "Point",
        "coordinates": [
          82.9841823,
          25.2647843
        ]
      },
      "id": "way/857420389"
    },
    {
      "type": "Feature",
      "properties": {
        "@id": "way/857428859",
        "addr:city": "Varanasi",
        "addr:postcode": "221005",
        "addr:street": "IIT(BHU)",
        "building": "yes",
        "building:levels": "3",
        "guest_house": "student_accommodation",
        "height": "11",
        "internet_access": "wlan",
        "internet_access:fee": "customers",
        "name": "Gandhi Smriti Extension Girls Hostel IIT BHU (GAMCHA)",
        "operator": "IIT(BHU)",
        "tourism": "hostel",
        "@geometry": "center"
      },
      "geometry": {
        "type": "Point",
        "coordinates": [
          82.9844377,
          25.2605382
        ]
      },
      "id": "way/857428859"
    },
    {
      "type": "Feature",
      "properties": {
        "@id": "way/857511239",
        "building": "yes",
        "guest_house": "student_accommodation",
        "internet_access": "yes",
        "name": "Ramkrishna Hostel",
        "operator": "BHU",
        "tourism": "hostel",
        "@geometry": "center"
      },
      "geometry": {
        "type": "Point",
        "coordinates": [
          82.9863635,
          25.266596
        ]
      },
      "id": "way/857511239"
    },
    {
      "type": "Feature",
      "properties": {
        "@id": "way/864544050",
        "building": "yes",
        "name": "BHU Hostel",
        "tourism": "hostel",
        "@geometry": "center"
      },
      "geometry": {
        "type": "Point",
        "coordinates": [
          83.0046733,
          25.2765941
        ]
      },
      "id": "way/864544050"
    },
    {
      "type": "Feature",
      "properties": {
        "@id": "way/867983197",
        "building": "yes",
        "internet_access": "wlan",
        "internet_access:fee": "no",
        "name": "Naveen Girl's Hostel",
        "operator": "BHU",
        "tourism": "hostel",
        "@geometry": "center"
      },
      "geometry": {
        "type": "Point",
        "coordinates": [
          82.9834264,
          25.2667968
        ]
      },
      "id": "way/867983197"
    },
    {
      "type": "Feature",
      "properties": {
        "@id": "way/867985265",
        "building": "yes",
        "name": "Fine Arts hostel",
        "tourism": "hostel",
        "@geometry": "center"
      },
      "geometry": {
        "type": "Point",
        "coordinates": [
          82.9874984,
          25.2694545
        ]
      },
      "id": "way/867985265"
    },
    {
      "type": "Feature",
      "properties": {
        "@id": "way/868014832",
        "building": "yes",
        "name": "Lakshman Das Guest House",
        "tourism": "guest_house",
        "@geometry": "center"
      },
      "geometry": {
        "type": "Point",
        "coordinates": [
          82.9961217,
          25.2758722
        ]
      },
      "id": "way/868014832"
    },
    {
      "type": "Feature",
      "properties": {
        "@id": "way/868014833",
        "building": "yes",
        "name": "Lakshman Das Guest House",
        "tourism": "guest_house",
        "@geometry": "center"
      },
      "geometry": {
        "type": "Point",
        "coordinates": [
          82.9959481,
          25.2761171
        ]
      },
      "id": "way/868014833"
    },
    {
      "type": "Feature",
      "properties": {
        "@id": "way/911094675",
        "building": "yes",
        "name": "Rousha Inn",
        "tourism": "hotel",
        "@geometry": "center"
      },
      "geometry": {
        "type": "Point",
        "coordinates": [
          77.3232443,
          28.6450235
        ]
      },
      "id": "way/911094675"
    },
    {
      "type": "Feature",
      "properties": {
        "@id": "way/911095210",
        "building": "yes",
        "name": "Hotel Sunshine Inn",
        "tourism": "hotel",
        "@geometry": "center"
      },
      "geometry": {
        "type": "Point",
        "coordinates": [
          77.3275493,
          28.6450657
        ]
      },
      "id": "way/911095210"
    },
    {
      "type": "Feature",
      "properties": {
        "@id": "way/917697455",
        "building": "yes",
        "name": "Suvidha Girls Hostel",
        "tourism": "hostel",
        "@geometry": "center"
      },
      "geometry": {
        "type": "Point",
        "coordinates": [
          81.8512104,
          25.4538988
        ]
      },
      "id": "way/917697455"
    },
    {
      "type": "Feature",
      "properties": {
        "@id": "way/929514838",
        "area": "yes",
        "artwork_type": "statue",
        "tourism": "artwork",
        "@geometry": "center"
      },
      "geometry": {
        "type": "Point",
        "coordinates": [
          81.3082183,
          25.474572
        ]
      },
      "id": "way/929514838"
    },
    {
      "type": "Feature",
      "properties": {
        "@id": "way/930269655",
        "building": "yes",
        "guest_house": "hostel",
        "internet_access": "yes",
        "internet_access:fee": "no",
        "name": "Girls Hostel",
        "rooms": "200",
        "tourism": "hostel",
        "@geometry": "center"
      },
      "geometry": {
        "type": "Point",
        "coordinates": [
          77.5979109,
          27.6034571
        ]
      },
      "id": "way/930269655"
    },
    {
      "type": "Feature",
      "properties": {
        "@id": "node/943964349",
        "addr:city": "District Agra",
        "addr:street": "Mela Kothi' Chambal Safari Lodge, Village and P.O. Jarar, Bah",
        "name": "Chambal Safari Lodge",
        "phone": "+91 99970 66002",
        "tourism": "hotel",
        "website": "https://www.chambalsafari.com/"
      },
      "geometry": {
        "type": "Point",
        "coordinates": [
          78.5645799,
          26.8723126
        ]
      },
      "id": "node/943964349"
    },
    {
      "type": "Feature",
      "properties": {
        "@id": "way/945172786",
        "building": "school",
        "tourism": "hostel",
        "@geometry": "center"
      },
      "geometry": {
        "type": "Point",
        "coordinates": [
          77.4534489,
          28.5565769
        ]
      },
      "id": "way/945172786"
    },
    {
      "type": "Feature",
      "properties": {
        "@id": "way/945172790",
        "building": "school",
        "tourism": "guest_house",
        "@geometry": "center"
      },
      "geometry": {
        "type": "Point",
        "coordinates": [
          77.4552829,
          28.5563158
        ]
      },
      "id": "way/945172790"
    },
    {
      "type": "Feature",
      "properties": {
        "@id": "way/952163460",
        "brand": "Courtyard",
        "brand:wikidata": "Q1053170",
        "brand:wikipedia": "en:Courtyard by Marriott",
        "building": "yes",
        "name": "Courtyard",
        "official_name": "Courtyard by Marriott",
        "tourism": "hotel",
        "@geometry": "center"
      },
      "geometry": {
        "type": "Point",
        "coordinates": [
          80.8351299,
          25.4798216
        ]
      },
      "id": "way/952163460"
    },
    {
      "type": "Feature",
      "properties": {
        "@id": "way/952163461",
        "brand": "Courtyard",
        "brand:wikidata": "Q1053170",
        "brand:wikipedia": "en:Courtyard by Marriott",
        "building": "yes",
        "name": "Courtyard",
        "official_name": "Courtyard by Marriott",
        "tourism": "hotel",
        "@geometry": "center"
      },
      "geometry": {
        "type": "Point",
        "coordinates": [
          80.8352937,
          25.4798335
        ]
      },
      "id": "way/952163461"
    },
    {
      "type": "Feature",
      "properties": {
        "@id": "way/953132413",
        "brand": "Courtyard",
        "brand:wikidata": "Q1053170",
        "brand:wikipedia": "en:Courtyard by Marriott",
        "building": "yes",
        "name": "Courtyard",
        "official_name": "Courtyard by Marriott",
        "tourism": "hotel",
        "@geometry": "center"
      },
      "geometry": {
        "type": "Point",
        "coordinates": [
          80.642422,
          25.6160221
        ]
      },
      "id": "way/953132413"
    },
    {
      "type": "Feature",
      "properties": {
        "@id": "way/955285397",
        "name": "Lion Safari Etawah",
        "operator": "State government",
        "tourism": "zoo",
        "zoo": "safari_park",
        "@geometry": "center"
      },
      "geometry": {
        "type": "Point",
        "coordinates": [
          78.9911475,
          26.7701004
        ]
      },
      "id": "way/955285397"
    },
    {
      "type": "Feature",
      "properties": {
        "@id": "way/955383134",
        "building": "yes",
        "name": "Hotel Madhuvan Palace",
        "tourism": "hotel",
        "@geometry": "center"
      },
      "geometry": {
        "type": "Point",
        "coordinates": [
          82.9695727,
          25.2872133
        ]
      },
      "id": "way/955383134"
    },
    {
      "type": "Feature",
      "properties": {
        "@id": "way/955699195",
        "building": "yes",
        "name": "GM Guest House",
        "tourism": "guest_house",
        "@geometry": "center"
      },
      "geometry": {
        "type": "Point",
        "coordinates": [
          82.9874105,
          25.3115875
        ]
      },
      "id": "way/955699195"
    },
    {
      "type": "Feature",
      "properties": {
        "@id": "way/956077554",
        "building": "yes",
        "name": "Hotel Le Lotus Grand",
        "tourism": "hotel",
        "@geometry": "center"
      },
      "geometry": {
        "type": "Point",
        "coordinates": [
          82.9702046,
          25.2904573
        ]
      },
      "id": "way/956077554"
    },
    {
      "type": "Feature",
      "properties": {
        "@id": "node/958479027",
        "name": "Triveni Sangam",
        "name:kn": "ತ್ರಿವೇಣಿ ಸಂಗಮ",
        "place": "locality",
        "tourism": "attraction"
      },
      "geometry": {
        "type": "Point",
        "coordinates": [
          81.8923259,
          25.4222299
        ]
      },
      "id": "node/958479027"
    },
    {
      "type": "Feature",
      "properties": {
        "@id": "node/960599747",
        "name": "Hotel the Oasis",
        "tourism": "hotel"
      },
      "geometry": {
        "type": "Point",
        "coordinates": [
          78.0366311,
          27.161931
        ]
      },
      "id": "node/960599747"
    },
    {
      "type": "Feature",
      "properties": {
        "@id": "way/975268916",
        "building": "yes",
        "guest_house": "student_accommodation",
        "name": "SGP BOYS hostel",
        "tourism": "hostel",
        "@geometry": "center"
      },
      "geometry": {
        "type": "Point",
        "coordinates": [
          81.5727366,
          26.4753975
        ]
      },
      "id": "way/975268916"
    },
    {
      "type": "Feature",
      "properties": {
        "@id": "way/975268917",
        "building": "yes",
        "name": "SGP GIRLS hostel",
        "tourism": "hostel",
        "@geometry": "center"
      },
      "geometry": {
        "type": "Point",
        "coordinates": [
          81.5697679,
          26.4750149
        ]
      },
      "id": "way/975268917"
    },
    {
      "type": "Feature",
      "properties": {
        "@id": "node/988809560",
        "name": "Ahilyabai Ghat",
        "name:hi": "अहिल्याबाई घाट",
        "tourism": "attraction",
        "wheelchair": "no"
      },
      "geometry": {
        "type": "Point",
        "coordinates": [
          83.0099782,
          25.3057223
        ]
      },
      "id": "node/988809560"
    },
    {
      "type": "Feature",
      "properties": {
        "@id": "node/988809566",
        "addr:city": "Varanasi",
        "name": "Elvis Guest House",
        "tourism": "hotel"
      },
      "geometry": {
        "type": "Point",
        "coordinates": [
          83.0060466,
          25.2934862
        ]
      },
      "id": "node/988809566"
    },
    {
      "type": "Feature",
      "properties": {
        "@id": "node/988809573",
        "name": "Raja Ghat",
        "tourism": "attraction",
        "wheelchair": "limited"
      },
      "geometry": {
        "type": "Point",
        "coordinates": [
          83.0076942,
          25.30225
        ]
      },
      "id": "node/988809573"
    },
    {
      "type": "Feature",
      "properties": {
        "@id": "node/988809580",
        "name": "Ranamahal Ghat",
        "tourism": "attraction"
      },
      "geometry": {
        "type": "Point",
        "coordinates": [
          83.0090711,
          25.3048094
        ]
      },
      "id": "node/988809580"
    },
    {
      "type": "Feature",
      "properties": {
        "@id": "node/988809589",
        "name": "Manasarowa Ghat",
        "tourism": "attraction",
        "wheelchair": "limited"
      },
      "geometry": {
        "type": "Point",
        "coordinates": [
          83.0074949,
          25.3015103
        ]
      },
      "id": "node/988809589"
    },
    {
      "type": "Feature",
      "properties": {
        "@id": "node/988809590",
        "addr:city": "Varanasi",
        "name": "Manmandir Ghat",
        "name:hi": "मानमंदिर घाट",
        "tourism": "attraction",
        "wheelchair": "no"
      },
      "geometry": {
        "type": "Point",
        "coordinates": [
          83.0109847,
          25.3076571
        ]
      },
      "id": "node/988809590"
    },
    {
      "type": "Feature",
      "properties": {
        "@id": "node/988809596",
        "addr:city": "Varanasi",
        "name": "Kedar Ghat",
        "tourism": "attraction",
        "wheelchair": "no"
      },
      "geometry": {
        "type": "Point",
        "coordinates": [
          83.0072819,
          25.2990503
        ]
      },
      "id": "node/988809596"
    },
    {
      "type": "Feature",
      "properties": {
        "@id": "node/988809597",
        "addr:city": "Varanasi",
        "name": "Badhaini Ghat",
        "tourism": "attraction",
        "wheelchair": "no"
      },
      "geometry": {
        "type": "Point",
        "coordinates": [
          83.0066896,
          25.2915331
        ]
      },
      "id": "node/988809597"
    },
    {
      "type": "Feature",
      "properties": {
        "@id": "node/988809606",
        "name": "Ganga Mahal Ghat",
        "tourism": "attraction",
        "wheelchair": "no"
      },
      "geometry": {
        "type": "Point",
        "coordinates": [
          83.0159097,
          25.3126169
        ]
      },
      "id": "node/988809606"
    },
    {
      "type": "Feature",
      "properties": {
        "@id": "node/988809614",
        "addr:city": "Varanasi",
        "name": "Lali Ghat",
        "tourism": "attraction",
        "wheelchair": "no"
      },
      "geometry": {
        "type": "Point",
        "coordinates": [
          83.0071507,
          25.2986004
        ]
      },
      "id": "node/988809614"
    },
    {
      "type": "Feature",
      "properties": {
        "@id": "node/988809623",
        "name": "Babua Pandey Ghat",
        "tourism": "attraction",
        "wheelchair": "limited"
      },
      "geometry": {
        "type": "Point",
        "coordinates": [
          83.0081833,
          25.3031486
        ]
      },
      "id": "node/988809623"
    },
    {
      "type": "Feature",
      "properties": {
        "@id": "node/988809629",
        "name": "Munshi Ghat",
        "tourism": "attraction",
        "wheelchair": "no"
      },
      "geometry": {
        "type": "Point",
        "coordinates": [
          83.0097583,
          25.3054507
        ]
      },
      "id": "node/988809629"
    },
    {
      "type": "Feature",
      "properties": {
        "@id": "node/988809632",
        "addr:city": "Varanasi",
        "name": "Karnataka Ghat",
        "tourism": "attraction",
        "wheelchair": "limited"
      },
      "geometry": {
        "type": "Point",
        "coordinates": [
          83.0072745,
          25.2977445
        ]
      },
      "id": "node/988809632"
    },
    {
      "type": "Feature",
      "properties": {
        "@id": "node/988809643",
        "name": "Narad Ghat",
        "tourism": "attraction",
        "wheelchair": "limited"
      },
      "geometry": {
        "type": "Point",
        "coordinates": [
          83.0075307,
          25.3017722
        ]
      },
      "id": "node/988809643"
    },
    {
      "type": "Feature",
      "properties": {
        "@id": "node/988809645",
        "internet_access": "yes",
        "internet_access:fee": "yes",
        "name": "Monu Family Guesthouse",
        "operator": "Monu Family",
        "tourism": "hotel",
        "wheelchair": "no"
      },
      "geometry": {
        "type": "Point",
        "coordinates": [
          83.0102945,
          25.3103097
        ]
      },
      "id": "node/988809645"
    },
    {
      "type": "Feature",
      "properties": {
        "@id": "node/988809648",
        "name": "Chousatti Ghat",
        "tourism": "attraction"
      },
      "geometry": {
        "type": "Point",
        "coordinates": [
          83.0088352,
          25.3043415
        ]
      },
      "id": "node/988809648"
    },
    {
      "type": "Feature",
      "properties": {
        "@id": "node/988809657",
        "name": "Ganesh Ghat",
        "tourism": "attraction"
      },
      "geometry": {
        "type": "Point",
        "coordinates": [
          83.0120709,
          25.3099798
        ]
      },
      "id": "node/988809657"
    },
    {
      "type": "Feature",
      "properties": {
        "@id": "node/988809661",
        "name": "Dr. Rajendra Prasad Ghat",
        "tourism": "attraction",
        "wheelchair": "no"
      },
      "geometry": {
        "type": "Point",
        "coordinates": [
          83.0106859,
          25.3071569
        ]
      },
      "id": "node/988809661"
    },
    {
      "type": "Feature",
      "properties": {
        "@id": "node/988809665",
        "addr:city": "Varanasi",
        "name": "Tulsi Ghat",
        "tourism": "attraction",
        "wheelchair": "no"
      },
      "geometry": {
        "type": "Point",
        "coordinates": [
          83.0063426,
          25.29024
        ]
      },
      "id": "node/988809665"
    },
    {
      "type": "Feature",
      "properties": {
        "@id": "node/988809674",
        "name": "Sankatha Ghat",
        "tourism": "attraction",
        "wheelchair": "no"
      },
      "geometry": {
        "type": "Point",
        "coordinates": [
          83.0156683,
          25.3123497
        ]
      },
      "id": "node/988809674"
    },
    {
      "type": "Feature",
      "properties": {
        "@id": "node/1003857373",
        "addr:city": "Agra",
        "name": "Laurie's Hotel",
        "tourism": "hotel"
      },
      "geometry": {
        "type": "Point",
        "coordinates": [
          78.00856,
          27.1681349
        ]
      },
      "id": "node/1003857373"
    },
    {
      "type": "Feature",
      "properties": {
        "@id": "way/1027052084",
        "addr:city": "Varanasi",
        "addr:postcode": "221002",
        "addr:street": "Nadesar Palace Grounds",
        "brand": "Taj",
        "brand:wikidata": "Q1521893",
        "building": "yes",
        "internet_access": "wlan",
        "internet_access:fee": "customers",
        "name": "Taj Nadesar Palace",
        "official_name": "Taj Hotels",
        "phone": "+91 542-6660001",
        "rooms": "320",
        "tourism": "hotel",
        "website": "https://www.tajhotels.com/en-in/taj/taj-nadesar-palace-varanasi/",
        "@geometry": "center"
      },
      "geometry": {
        "type": "Point",
        "coordinates": [
          82.9882396,
          25.336264
        ]
      },
      "id": "way/1027052084"
    },
    {
      "type": "Feature",
      "properties": {
        "@id": "way/1033118968",
        "building": "yes",
        "building:levels": "2",
        "museum": "history",
        "name": "Edward VII Memorial Hall Kanpur Sangrahalaya",
        "tourism": "museum",
        "@geometry": "center"
      },
      "geometry": {
        "type": "Point",
        "coordinates": [
          80.361983,
          26.4668931
        ]
      },
      "id": "way/1033118968"
    },
    {
      "type": "Feature",
      "properties": {
        "@id": "way/1051043587",
        "building": "yes",
        "name": "Kendranchal (Central Government Touring Hostel)",
        "operator": "Central Public Works Department",
        "tourism": "guest_house",
        "@geometry": "center"
      },
      "geometry": {
        "type": "Point",
        "coordinates": [
          82.9754731,
          25.3842657
        ]
      },
      "id": "way/1051043587"
    },
    {
      "type": "Feature",
      "properties": {
        "@id": "way/1085152813",
        "addr:city": "Pukhrayan Kanpur Dehat",
        "addr:postcode": "209111",
        "addr:street": "Main Road",
        "air_conditioning": "no",
        "building": "yes",
        "guest_house": "guest_house",
        "internet_access": "no",
        "name": "Shehnai Villa",
        "tourism": "guest_house",
        "@geometry": "center"
      },
      "geometry": {
        "type": "Point",
        "coordinates": [
          79.8321524,
          26.2177882
        ]
      },
      "id": "way/1085152813"
    },
    {
      "type": "Feature",
      "properties": {
        "@id": "way/1098721355",
        "building": "yes",
        "layer": "1",
        "name": "Hotel Harsh Ananda",
        "name:hi": "होटल हर्ष आनंद",
        "phone": "+91-9984502097",
        "tourism": "hotel",
        "website": "http://www.hotelharshananda.com/",
        "@geometry": "center"
      },
      "geometry": {
        "type": "Point",
        "coordinates": [
          81.8291557,
          25.4515087
        ]
      },
      "id": "way/1098721355"
    },
    {
      "type": "Feature",
      "properties": {
        "@id": "way/1100740788",
        "brand": "Courtyard",
        "brand:wikidata": "Q1053170",
        "building": "yes",
        "name": "Courtyard",
        "official_name": "Courtyard by Marriott",
        "tourism": "hotel",
        "@geometry": "center"
      },
      "geometry": {
        "type": "Point",
        "coordinates": [
          82.3210028,
          24.8470322
        ]
      },
      "id": "way/1100740788"
    },
    {
      "type": "Feature",
      "properties": {
        "@id": "way/1100740789",
        "brand": "Courtyard",
        "brand:wikidata": "Q1053170",
        "building": "yes",
        "name": "Courtyard",
        "official_name": "Courtyard by Marriott",
        "tourism": "hotel",
        "@geometry": "center"
      },
      "geometry": {
        "type": "Point",
        "coordinates": [
          82.3210889,
          24.846977
        ]
      },
      "id": "way/1100740789"
    },
    {
      "type": "Feature",
      "properties": {
        "@id": "way/1100740792",
        "brand": "Courtyard",
        "brand:wikidata": "Q1053170",
        "building": "yes",
        "name": "Courtyard",
        "official_name": "Courtyard by Marriott",
        "tourism": "hotel",
        "@geometry": "center"
      },
      "geometry": {
        "type": "Point",
        "coordinates": [
          82.3209363,
          24.8468218
        ]
      },
      "id": "way/1100740792"
    },
    {
      "type": "Feature",
      "properties": {
        "@id": "way/1100752408",
        "brand": "Courtyard",
        "brand:wikidata": "Q1053170",
        "building": "yes",
        "name": "Courtyard",
        "official_name": "Courtyard by Marriott",
        "tourism": "hotel",
        "@geometry": "center"
      },
      "geometry": {
        "type": "Point",
        "coordinates": [
          82.3211958,
          24.8481096
        ]
      },
      "id": "way/1100752408"
    },
    {
      "type": "Feature",
      "properties": {
        "@id": "way/1100752477",
        "brand": "Courtyard",
        "brand:wikidata": "Q1053170",
        "building": "yes",
        "name": "Courtyard",
        "official_name": "Courtyard by Marriott",
        "tourism": "hotel",
        "@geometry": "center"
      },
      "geometry": {
        "type": "Point",
        "coordinates": [
          82.3217611,
          24.8476142
        ]
      },
      "id": "way/1100752477"
    },
    {
      "type": "Feature",
      "properties": {
        "@id": "way/1100752478",
        "brand": "Courtyard",
        "brand:wikidata": "Q1053170",
        "building": "yes",
        "name": "Courtyard",
        "official_name": "Courtyard by Marriott",
        "tourism": "hotel",
        "@geometry": "center"
      },
      "geometry": {
        "type": "Point",
        "coordinates": [
          82.3216528,
          24.8476776
        ]
      },
      "id": "way/1100752478"
    },
    {
      "type": "Feature",
      "properties": {
        "@id": "way/1100752479",
        "brand": "Courtyard",
        "brand:wikidata": "Q1053170",
        "building": "yes",
        "name": "Courtyard",
        "official_name": "Courtyard by Marriott",
        "tourism": "hotel",
        "@geometry": "center"
      },
      "geometry": {
        "type": "Point",
        "coordinates": [
          82.3215176,
          24.8476681
        ]
      },
      "id": "way/1100752479"
    },
    {
      "type": "Feature",
      "properties": {
        "@id": "way/1100752480",
        "brand": "Courtyard",
        "brand:wikidata": "Q1053170",
        "building": "yes",
        "name": "Courtyard",
        "official_name": "Courtyard by Marriott",
        "tourism": "hotel",
        "@geometry": "center"
      },
      "geometry": {
        "type": "Point",
        "coordinates": [
          82.3215864,
          24.8476065
        ]
      },
      "id": "way/1100752480"
    },
    {
      "type": "Feature",
      "properties": {
        "@id": "way/1100757345",
        "brand": "Courtyard",
        "brand:wikidata": "Q1053170",
        "building": "yes",
        "name": "Courtyard",
        "official_name": "Courtyard by Marriott",
        "tourism": "hotel",
        "@geometry": "center"
      },
      "geometry": {
        "type": "Point",
        "coordinates": [
          82.3221124,
          24.8496383
        ]
      },
      "id": "way/1100757345"
    },
    {
      "type": "Feature",
      "properties": {
        "@id": "way/1100867558",
        "brand": "Courtyard",
        "brand:wikidata": "Q1053170",
        "building": "yes",
        "name": "Courtyard",
        "official_name": "Courtyard by Marriott",
        "tourism": "hotel",
        "@geometry": "center"
      },
      "geometry": {
        "type": "Point",
        "coordinates": [
          82.3281702,
          24.9078108
        ]
      },
      "id": "way/1100867558"
    },
    {
      "type": "Feature",
      "properties": {
        "@id": "way/1100978541",
        "brand": "Courtyard",
        "brand:wikidata": "Q1053170",
        "building": "yes",
        "name": "Courtyard",
        "official_name": "Courtyard by Marriott",
        "tourism": "hotel",
        "@geometry": "center"
      },
      "geometry": {
        "type": "Point",
        "coordinates": [
          82.4983397,
          25.0938722
        ]
      },
      "id": "way/1100978541"
    },
    {
      "type": "Feature",
      "properties": {
        "@id": "way/1100984351",
        "brand": "Courtyard",
        "brand:wikidata": "Q1053170",
        "building": "yes",
        "name": "Courtyard",
        "official_name": "Courtyard by Marriott",
        "tourism": "hotel",
        "@geometry": "center"
      },
      "geometry": {
        "type": "Point",
        "coordinates": [
          82.3208776,
          24.8598147
        ]
      },
      "id": "way/1100984351"
    },
    {
      "type": "Feature",
      "properties": {
        "@id": "way/1101048766",
        "brand": "Courtyard",
        "brand:wikidata": "Q1053170",
        "building": "yes",
        "name": "Courtyard",
        "official_name": "Courtyard by Marriott",
        "tourism": "hotel",
        "@geometry": "center"
      },
      "geometry": {
        "type": "Point",
        "coordinates": [
          82.2924541,
          24.8710417
        ]
      },
      "id": "way/1101048766"
    },
    {
      "type": "Feature",
      "properties": {
        "@id": "way/1103862248",
        "addr:city": "Ayodhya",
        "addr:street": "4 way NH27",
        "building": "yes",
        "name": "Surya Palace",
        "tourism": "hotel",
        "@geometry": "center"
      },
      "geometry": {
        "type": "Point",
        "coordinates": [
          82.2233035,
          26.7967765
        ]
      },
      "id": "way/1103862248"
    },
    {
      "type": "Feature",
      "properties": {
        "@id": "way/1111778540",
        "addr:city": "Agra",
        "addr:postcode": "282001",
        "building": "yes",
        "email": "booking@thehosteller.com",
        "internet_access": "wlan",
        "name": "Hosteller",
        "operator": "The Hosteller",
        "tourism": "hostel",
        "website": "https://www.thehosteller.com/hostels/the-hosteller-agra",
        "@geometry": "center"
      },
      "geometry": {
        "type": "Point",
        "coordinates": [
          78.0507762,
          27.1670169
        ]
      },
      "id": "way/1111778540"
    },
    {
      "type": "Feature",
      "properties": {
        "@id": "way/1119299435",
        "name": "The Legend Hotel",
        "tourism": "hotel",
        "website": "https://www.hotelthelegend.com/",
        "@geometry": "center"
      },
      "geometry": {
        "type": "Point",
        "coordinates": [
          81.8332865,
          25.460561
        ]
      },
      "id": "way/1119299435"
    },
    {
      "type": "Feature",
      "properties": {
        "@id": "way/1125039502",
        "building": "yes",
        "name": "Piccadily",
        "tourism": "hotel",
        "@geometry": "center"
      },
      "geometry": {
        "type": "Point",
        "coordinates": [
          80.8949212,
          26.7983659
        ]
      },
      "id": "way/1125039502"
    },
    {
      "type": "Feature",
      "properties": {
        "@id": "way/1125044359",
        "building": "yes",
        "name": "Arora Guest House",
        "tourism": "guest_house",
        "@geometry": "center"
      },
      "geometry": {
        "type": "Point",
        "coordinates": [
          80.9053208,
          26.8102761
        ]
      },
      "id": "way/1125044359"
    },
    {
      "type": "Feature",
      "properties": {
        "@id": "way/1168966886",
        "addr:city": "Kushinagar",
        "building": "yes",
        "building:levels": "2",
        "internet_access": "wlan",
        "name": "Hotel Metteyye Residency",
        "tourism": "hotel",
        "website": "https://hotelmetteyyeresidency.com/",
        "@geometry": "center"
      },
      "geometry": {
        "type": "Point",
        "coordinates": [
          83.8974837,
          26.7367908
        ]
      },
      "id": "way/1168966886"
    },
    {
      "type": "Feature",
      "properties": {
        "@id": "way/1168966905",
        "building": "yes",
        "name": "The Imperial Kushinagar",
        "tourism": "hotel",
        "@geometry": "center"
      },
      "geometry": {
        "type": "Point",
        "coordinates": [
          83.8977582,
          26.7366782
        ]
      },
      "id": "way/1168966905"
    },
    {
      "type": "Feature",
      "properties": {
        "@id": "way/1168966913",
        "addr:city": "Kushinagar",
        "air_conditioning": "yes",
        "building": "yes",
        "internet_access": "wlan",
        "name": "The Royal Residency",
        "phone": "05564273011",
        "tourism": "hotel",
        "website": "theroyalresidencyhotels.com",
        "wikidata": "Q63099748",
        "@geometry": "center"
      },
      "geometry": {
        "type": "Point",
        "coordinates": [
          83.8944834,
          26.7368663
        ]
      },
      "id": "way/1168966913"
    },
    {
      "type": "Feature",
      "properties": {
        "@id": "way/1168966914",
        "addr:city": "Kushinagar",
        "building": "yes",
        "name": "Lotus Nikko Hotel",
        "tourism": "hotel",
        "@geometry": "center"
      },
      "geometry": {
        "type": "Point",
        "coordinates": [
          83.8932171,
          26.7372954
        ]
      },
      "id": "way/1168966914"
    },
    {
      "type": "Feature",
      "properties": {
        "@id": "way/1168966915",
        "building": "yes",
        "tourism": "hotel",
        "@geometry": "center"
      },
      "geometry": {
        "type": "Point",
        "coordinates": [
          83.893104,
          26.7372814
        ]
      },
      "id": "way/1168966915"
    },
    {
      "type": "Feature",
      "properties": {
        "@id": "way/1170447124",
        "addr:city": "Varanasi",
        "building": "yes",
        "guest_house": "student_accommodation",
        "internet_access": "wlan",
        "internet_access:fee": "yes",
        "name": "Satish Dhawan",
        "rooms": "300+",
        "tourism": "hostel",
        "@geometry": "center"
      },
      "geometry": {
        "type": "Point",
        "coordinates": [
          82.9847984,
          25.2641421
        ]
      },
      "id": "way/1170447124"
    },
    {
      "type": "Feature",
      "properties": {
        "@id": "way/1172194235",
        "building": "yes",
        "tourism": "guest_house",
        "@geometry": "center"
      },
      "geometry": {
        "type": "Point",
        "coordinates": [
          80.8920184,
          26.8154672
        ]
      },
      "id": "way/1172194235"
    },
    {
      "type": "Feature",
      "properties": {
        "@id": "way/1172194236",
        "building": "yes",
        "tourism": "guest_house",
        "@geometry": "center"
      },
      "geometry": {
        "type": "Point",
        "coordinates": [
          80.8916289,
          26.8156348
        ]
      },
      "id": "way/1172194236"
    },
    {
      "type": "Feature",
      "properties": {
        "@id": "way/1172807119",
        "building": "yes",
        "tourism": "guest_house",
        "@geometry": "center"
      },
      "geometry": {
        "type": "Point",
        "coordinates": [
          83.4049496,
          26.772538
        ]
      },
      "id": "way/1172807119"
    },
    {
      "type": "Feature",
      "properties": {
        "@id": "way/1173122398",
        "addr:postcode": "208020",
        "building": "yes",
        "guest_house": "guest_house",
        "name": "Officers Guest House",
        "tourism": "guest_house",
        "@geometry": "center"
      },
      "geometry": {
        "type": "Point",
        "coordinates": [
          80.2377064,
          26.4835309
        ]
      },
      "id": "way/1173122398"
    },
    {
      "type": "Feature",
      "properties": {
        "@id": "way/1173124207",
        "addr:postcode": "208020",
        "building": "yes",
        "tourism": "guest_house",
        "@geometry": "center"
      },
      "geometry": {
        "type": "Point",
        "coordinates": [
          80.2361018,
          26.4837112
        ]
      },
      "id": "way/1173124207"
    },
    {
      "type": "Feature",
      "properties": {
        "@id": "way/1173534601",
        "building": "yes",
        "name": "awadh complex",
        "tourism": "hotel",
        "@geometry": "center"
      },
      "geometry": {
        "type": "Point",
        "coordinates": [
          79.444888,
          25.9847033
        ]
      },
      "id": "way/1173534601"
    },
    {
      "type": "Feature",
      "properties": {
        "@id": "way/1180165390",
        "area": "yes",
        "name": "Raaj Darbaar",
        "tourism": "attraction",
        "@geometry": "center"
      },
      "geometry": {
        "type": "Point",
        "coordinates": [
          83.9839356,
          26.9105547
        ]
      },
      "id": "way/1180165390"
    },
    {
      "type": "Feature",
      "properties": {
        "@id": "node/1184480065",
        "name": "Yogi Lodge",
        "tourism": "hotel"
      },
      "geometry": {
        "type": "Point",
        "coordinates": [
          83.0047378,
          25.2868863
        ]
      },
      "id": "node/1184480065"
    },
    {
      "type": "Feature",
      "properties": {
        "@id": "node/1191477979",
        "name": "Zoo Ticket Office",
        "tourism": "attraction"
      },
      "geometry": {
        "type": "Point",
        "coordinates": [
          83.0266699,
          25.3813264
        ]
      },
      "id": "node/1191477979"
    },
    {
      "type": "Feature",
      "properties": {
        "@id": "node/1191555633",
        "amenity": "place_of_worship",
        "artwork_type": "statue",
        "name": "Giant Buddha Statue",
        "religion": "buddhist",
        "tourism": "artwork"
      },
      "geometry": {
        "type": "Point",
        "coordinates": [
          83.0213529,
          25.3776905
        ]
      },
      "id": "node/1191555633"
    },
    {
      "type": "Feature",
      "properties": {
        "@id": "node/1191657127",
        "addr:city": "Varanasi",
        "name": "Ramnagar Fort",
        "tourism": "museum"
      },
      "geometry": {
        "type": "Point",
        "coordinates": [
          83.0248777,
          25.2705842
        ]
      },
      "id": "node/1191657127"
    },
    {
      "type": "Feature",
      "properties": {
        "@id": "way/1216496870",
        "building": "yes",
        "name": "Broadway Inn Hotel",
        "tourism": "hotel",
        "@geometry": "center"
      },
      "geometry": {
        "type": "Point",
        "coordinates": [
          77.7364641,
          28.9659557
        ]
      },
      "id": "way/1216496870"
    },
    {
      "type": "Feature",
      "properties": {
        "@id": "way/1230192817",
        "building": "yes",
        "guest_house": "student_accommodation",
        "internet_access": "wlan",
        "internet_access:fee": "customers",
        "name": "Jawahar Hostel",
        "operator": "Sharda University",
        "tourism": "hostel",
        "@geometry": "center"
      },
      "geometry": {
        "type": "Point",
        "coordinates": [
          77.4796439,
          28.4715499
        ]
      },
      "id": "way/1230192817"
    },
    {
      "type": "Feature",
      "properties": {
        "@id": "way/1232674704",
        "air_conditioning": "yes",
        "building": "yes",
        "guest_house": "student_accommodation",
        "internet_access": "yes",
        "internet_access:fee": "customers",
        "name": "Tagor Hostel",
        "operator": "Sharda University",
        "tourism": "hostel",
        "@geometry": "center"
      },
      "geometry": {
        "type": "Point",
        "coordinates": [
          77.479467,
          28.4717912
        ]
      },
      "id": "way/1232674704"
    },
    {
      "type": "Feature",
      "properties": {
        "@id": "way/1232674707",
        "building": "yes",
        "guest_house": "student_accommodation",
        "name": "Sarojini Girls Hostel",
        "operator": "Sharda University",
        "tourism": "hostel",
        "@geometry": "center"
      },
      "geometry": {
        "type": "Point",
        "coordinates": [
          77.4822663,
          28.4726145
        ]
      },
      "id": "way/1232674707"
    },
    {
      "type": "Feature",
      "properties": {
        "@id": "way/1232674708",
        "building": "yes",
        "guest_house": "student_accommodation",
        "name": "Mother Terresa Girls Hostel",
        "operator": "Sharda University",
        "tourism": "hostel",
        "@geometry": "center"
      },
      "geometry": {
        "type": "Point",
        "coordinates": [
          77.4822358,
          28.4727989
        ]
      },
      "id": "way/1232674708"
    },
    {
      "type": "Feature",
      "properties": {
        "@id": "way/1232674709",
        "building": "yes",
        "name": "Kasturba Girls Hostel",
        "operator": "Sharda University",
        "tourism": "hostel",
        "@geometry": "center"
      },
      "geometry": {
        "type": "Point",
        "coordinates": [
          77.4820711,
          28.4729034
        ]
      },
      "id": "way/1232674709"
    },
    {
      "type": "Feature",
      "properties": {
        "@id": "way/1256868941",
        "addr:city": "Varanasi",
        "addr:district": "Varanasi",
        "addr:housenumber": "Aryabhatta",
        "addr:postcode": "221005",
        "addr:street": "Aryabhatt Hostel Road",
        "building:levels": "4",
        "building:part": "yes",
        "guest_house": "hostel",
        "height": "12",
        "name": "Block C",
        "operator": "Indian Institute of Technology (BHU), sanjay singh",
        "tourism": "hostel",
        "@geometry": "center"
      },
      "geometry": {
        "type": "Point",
        "coordinates": [
          82.9841649,
          25.2647552
        ]
      },
      "id": "way/1256868941"
    },
    {
      "type": "Feature",
      "properties": {
        "@id": "way/1256869085",
        "addr:city": "Varanasi",
        "addr:district": "Varanasi",
        "addr:housenumber": "Aryabhatta",
        "addr:postcode": "221005",
        "addr:street": "Aryabhatt Hostel Road",
        "building:levels": "4",
        "building:part": "yes",
        "guest_house": "hostel",
        "height": "12",
        "name": "Block B",
        "operator": "Indian Institute of Technology (BHU), sanjay singh",
        "tourism": "hostel",
        "@geometry": "center"
      },
      "geometry": {
        "type": "Point",
        "coordinates": [
          82.9841614,
          25.2644386
        ]
      },
      "id": "way/1256869085"
    },
    {
      "type": "Feature",
      "properties": {
        "@id": "way/1256869271",
        "addr:city": "Varanasi",
        "addr:district": "Varanasi",
        "addr:housenumber": "Aryabhatta",
        "addr:postcode": "221005",
        "addr:street": "Aryabhatt Hostel Road",
        "building:levels": "4",
        "building:part": "yes",
        "guest_house": "hostel",
        "height": "12",
        "internet_access": "wlan",
        "internet_access:fee": "no",
        "name": "Block D",
        "operator": "Indian Institute of Technology (BHU), sanjay singh",
        "tourism": "hostel",
        "@geometry": "center"
      },
      "geometry": {
        "type": "Point",
        "coordinates": [
          82.9841782,
          25.2650645
        ]
      },
      "id": "way/1256869271"
    },
    {
      "type": "Feature",
      "properties": {
        "@id": "way/1257530101",
        "building": "yes",
        "tourism": "motel",
        "@geometry": "center"
      },
      "geometry": {
        "type": "Point",
        "coordinates": [
          82.2126592,
          25.3580878
        ]
      },
      "id": "way/1257530101"
    },
    {
      "type": "Feature",
      "properties": {
        "@id": "way/1257530107",
        "building": "yes",
        "tourism": "motel",
        "@geometry": "center"
      },
      "geometry": {
        "type": "Point",
        "coordinates": [
          82.1662888,
          25.366492
        ]
      },
      "id": "way/1257530107"
    },
    {
      "type": "Feature",
      "properties": {
        "@id": "way/1257701562",
        "building": "yes",
        "name": "JM VISTARA HOTEL BLY",
        "tourism": "hotel",
        "@geometry": "center"
      },
      "geometry": {
        "type": "Point",
        "coordinates": [
          79.4364592,
          28.3857238
        ]
      },
      "id": "way/1257701562"
    },
    {
      "type": "Feature",
      "properties": {
        "@id": "way/1257701563",
        "building": "yes",
        "name": "NAVEEN GUEST HOUSE BLY",
        "tourism": "guest_house",
        "@geometry": "center"
      },
      "geometry": {
        "type": "Point",
        "coordinates": [
          79.4365127,
          28.3860346
        ]
      },
      "id": "way/1257701563"
    },
    {
      "type": "Feature",
      "properties": {
        "@id": "way/1257834067",
        "building": "yes",
        "name": "HOTEL MIDTOWN",
        "tourism": "hotel",
        "@geometry": "center"
      },
      "geometry": {
        "type": "Point",
        "coordinates": [
          79.4313701,
          28.3799888
        ]
      },
      "id": "way/1257834067"
    },
    {
      "type": "Feature",
      "properties": {
        "@id": "way/1257875515",
        "building": "yes",
        "name": "New Youth Hostel",
        "tourism": "hostel",
        "@geometry": "center"
      },
      "geometry": {
        "type": "Point",
        "coordinates": [
          78.015923,
          27.2254151
        ]
      },
      "id": "way/1257875515"
    },
    {
      "type": "Feature",
      "properties": {
        "@id": "way/1258174128",
        "building": "yes",
        "name": "Yatri Sadan",
        "tourism": "guest_house",
        "@geometry": "center"
      },
      "geometry": {
        "type": "Point",
        "coordinates": [
          78.0125777,
          27.2192881
        ]
      },
      "id": "way/1258174128"
    },
    {
      "type": "Feature",
      "properties": {
        "@id": "way/1258208309",
        "addr:city": "Varanasi",
        "addr:district": "Varanasi",
        "addr:housenumber": "SA 2/320",
        "addr:postcode": "221001",
        "addr:street": "Chhota Lalpur, Pandeypur, Uttar Pradesh",
        "brand": "DoubleTree",
        "brand:wikidata": "Q2504643",
        "building": "yes",
        "contact:email": "reservations@dtbhvaranasi.com",
        "contact:facebook": "https://www.facebook.com/doubletreebyhiltonvaranasi",
        "contact:instagram": "https://www.instagram.com/doubletreebyhiltonvaranasi/",
        "contact:linkedin": "https://in.linkedin.com/company/doubletreebyhilton-varanasi",
        "name": "DoubleTree by Hilton Varanasi",
        "official_name": "DoubleTree by Hilton",
        "operator": "Hilton",
        "phone": "+91 542 718 0000",
        "rooms": "144",
        "tourism": "hotel",
        "website": "https://www.hilton.com/en/hotels/vnsdidi-doubletree-varanasi/",
        "wheelchair": "yes",
        "@geometry": "center"
      },
      "geometry": {
        "type": "Point",
        "coordinates": [
          82.9942136,
          25.3515644
        ]
      },
      "id": "way/1258208309"
    },
    {
      "type": "Feature",
      "properties": {
        "@id": "way/1258302587",
        "building": "yes",
        "name": "Hotel Meghalaya",
        "tourism": "hotel",
        "@geometry": "center"
      },
      "geometry": {
        "type": "Point",
        "coordinates": [
          81.0102906,
          26.8071834
        ]
      },
      "id": "way/1258302587"
    },
    {
      "type": "Feature",
      "properties": {
        "@id": "way/1265415758",
        "building": "yes",
        "name": "Dwarka Kunj",
        "tourism": "hotel",
        "@geometry": "center"
      },
      "geometry": {
        "type": "Point",
        "coordinates": [
          77.694669,
          27.575445
        ]
      },
      "id": "way/1265415758"
    },
    {
      "type": "Feature",
      "properties": {
        "@id": "way/1268422228",
        "building": "yes",
        "name": "Bedzzz",
        "tourism": "hotel",
        "@geometry": "center"
      },
      "geometry": {
        "type": "Point",
        "coordinates": [
          83.0016158,
          25.3091672
        ]
      },
      "id": "way/1268422228"
    },
    {
      "type": "Feature",
      "properties": {
        "@id": "way/1269878461",
        "name": "Picture Gallery",
        "name:en": "Hussainnabad Imambara (Hussainabad Picture Gallery)",
        "opening_hours": "Sa-Th 10:00-18:00",
        "tourism": "museum",
        "@geometry": "center"
      },
      "geometry": {
        "type": "Point",
        "coordinates": [
          80.9075408,
          26.8749968
        ]
      },
      "id": "way/1269878461"
    },
    {
      "type": "Feature",
      "properties": {
        "@id": "way/1270054811",
        "building": "yes",
        "name": "Hotel Empress Court",
        "tourism": "hotel",
        "@geometry": "center"
      },
      "geometry": {
        "type": "Point",
        "coordinates": [
          77.6975332,
          28.9986684
        ]
      },
      "id": "way/1270054811"
    },
    {
      "type": "Feature",
      "properties": {
        "@id": "node/1301107205",
        "UPLABDHI": "guest_house",
        "designation": "ACCOMADATIONS",
        "name": "UPLABDHI",
        "source": "SURVEY",
        "tourism": "guest_house"
      },
      "geometry": {
        "type": "Point",
        "coordinates": [
          77.712116,
          28.9887622
        ]
      },
      "id": "node/1301107205"
    },
    {
      "type": "Feature",
      "properties": {
        "@id": "way/1305228216",
        "tourism": "hotel",
        "@geometry": "center"
      },
      "geometry": {
        "type": "Point",
        "coordinates": [
          82.8499765,
          25.4410515
        ]
      },
      "id": "way/1305228216"
    },
    {
      "type": "Feature",
      "properties": {
        "@id": "way/1305228217",
        "building": "yes",
        "tourism": "hotel",
        "@geometry": "center"
      },
      "geometry": {
        "type": "Point",
        "coordinates": [
          82.8555704,
          25.4446747
        ]
      },
      "id": "way/1305228217"
    },
    {
      "type": "Feature",
      "properties": {
        "@id": "way/1305228225",
        "building": "yes",
        "tourism": "hotel",
        "@geometry": "center"
      },
      "geometry": {
        "type": "Point",
        "coordinates": [
          82.8561208,
          25.4446965
        ]
      },
      "id": "way/1305228225"
    },
    {
      "type": "Feature",
      "properties": {
        "@id": "node/1323385105",
        "name": "Guest House Sechuan",
        "tourism": "hotel"
      },
      "geometry": {
        "type": "Point",
        "coordinates": [
          83.9016162,
          26.7357955
        ]
      },
      "id": "node/1323385105"
    },
    {
      "type": "Feature",
      "properties": {
        "@id": "node/1323385106",
        "name": "Rahi Pathik Niwas",
        "tourism": "hotel"
      },
      "geometry": {
        "type": "Point",
        "coordinates": [
          83.8878403,
          26.7392066
        ]
      },
      "id": "node/1323385106"
    },
    {
      "type": "Feature",
      "properties": {
        "@id": "node/1323434287",
        "name": "Govt. Buddha Museum",
        "tourism": "museum"
      },
      "geometry": {
        "type": "Point",
        "coordinates": [
          83.8932475,
          26.7387113
        ]
      },
      "id": "node/1323434287"
    },
    {
      "type": "Feature",
      "properties": {
        "@id": "node/1323442507",
        "name": "Tourist Office",
        "tourism": "information"
      },
      "geometry": {
        "type": "Point",
        "coordinates": [
          83.887684,
          26.7387658
        ]
      },
      "id": "node/1323442507"
    },
    {
      "type": "Feature",
      "properties": {
        "@id": "way/1326313208",
        "tourism": "attraction",
        "@geometry": "center"
      },
      "geometry": {
        "type": "Point",
        "coordinates": [
          79.8185107,
          28.6423857
        ]
      },
      "id": "way/1326313208"
    },
    {
      "type": "Feature",
      "properties": {
        "@id": "node/1343050908",
        "name": "Bombay Palace",
        "name:ur": "بمبئی محل",
        "tourism": "hotel"
      },
      "geometry": {
        "type": "Point",
        "coordinates": [
          79.0156541,
          28.7938808
        ]
      },
      "id": "node/1343050908"
    },
    {
      "type": "Feature",
      "properties": {
        "@id": "node/1343050938",
        "name": "Hotel Delite",
        "name:ur": "ہوٹل ڈیلیٹ",
        "tourism": "hotel"
      },
      "geometry": {
        "type": "Point",
        "coordinates": [
          79.0154692,
          28.7932044
        ]
      },
      "id": "node/1343050938"
    },
    {
      "type": "Feature",
      "properties": {
        "@id": "node/1343051181",
        "name": "Hotel Lords",
        "name:ur": "ہوٹل لارڈز",
        "tourism": "hotel"
      },
      "geometry": {
        "type": "Point",
        "coordinates": [
          79.0155127,
          28.7930822
        ]
      },
      "id": "node/1343051181"
    },
    {
      "type": "Feature",
      "properties": {
        "@id": "way/1351752936",
        "building": "yes",
        "name": "N7",
        "tourism": "hostel",
        "@geometry": "center"
      },
      "geometry": {
        "type": "Point",
        "coordinates": [
          77.373336,
          28.6292941
        ]
      },
      "id": "way/1351752936"
    },
    {
      "type": "Feature",
      "properties": {
        "@id": "way/1351757583",
        "addr:city": "Noida",
        "addr:postcode": "201309",
        "addr:street": "C Block, Phase 2, Industrial Area, Sector 62",
        "building": "yes",
        "name": "JSS Girls Hostel",
        "tourism": "hostel",
        "@geometry": "center"
      },
      "geometry": {
        "type": "Point",
        "coordinates": [
          77.3587915,
          28.6119854
        ]
      },
      "id": "way/1351757583"
    },
    {
      "type": "Feature",
      "properties": {
        "@id": "way/1356598446",
        "building": "yes",
        "building:levels": "10",
        "layer": "1",
        "name": "Prafulla Chnadra Ray Hostel, iit bhu",
        "tourism": "hostel",
        "@geometry": "center"
      },
      "geometry": {
        "type": "Point",
        "coordinates": [
          82.9849861,
          25.2652232
        ]
      },
      "id": "way/1356598446"
    },
    {
      "type": "Feature",
      "properties": {
        "@id": "way/1360301545",
        "tourism": "picnic_site",
        "@geometry": "center"
      },
      "geometry": {
        "type": "Point",
        "coordinates": [
          77.404589,
          28.5866009
        ]
      },
      "id": "way/1360301545"
    },
    {
      "type": "Feature",
      "properties": {
        "@id": "way/1360303848",
        "building": "yes",
        "name": "Royal Apartments",
        "tourism": "apartment",
        "@geometry": "center"
      },
      "geometry": {
        "type": "Point",
        "coordinates": [
          78.0914623,
          27.9038731
        ]
      },
      "id": "way/1360303848"
    },
    {
      "type": "Feature",
      "properties": {
        "@id": "way/1360308563",
        "building": "yes",
        "layer": "1",
        "name": "Central Tower Apartment",
        "tourism": "apartment",
        "@geometry": "center"
      },
      "geometry": {
        "type": "Point",
        "coordinates": [
          78.0898687,
          27.9051076
        ]
      },
      "id": "way/1360308563"
    },
    {
      "type": "Feature",
      "properties": {
        "@id": "way/1360315529",
        "tourism": "picnic_site",
        "@geometry": "center"
      },
      "geometry": {
        "type": "Point",
        "coordinates": [
          77.4047508,
          28.5872859
        ]
      },
      "id": "way/1360315529"
    },
    {
      "type": "Feature",
      "properties": {
        "@id": "way/1360402181",
        "building": "yes",
        "name": "Pavitra Guest House",
        "tourism": "guest_house",
        "@geometry": "center"
      },
      "geometry": {
        "type": "Point",
        "coordinates": [
          83.3545826,
          26.8000089
        ]
      },
      "id": "way/1360402181"
    },
    {
      "type": "Feature",
      "properties": {
        "@id": "way/1360556095",
        "building": "yes",
        "tourism": "hotel",
        "@geometry": "center"
      },
      "geometry": {
        "type": "Point",
        "coordinates": [
          80.912113,
          26.770243
        ]
      },
      "id": "way/1360556095"
    },
    {
      "type": "Feature",
      "properties": {
        "@id": "way/1360622756",
        "building": "yes",
        "name": "Palm Tree",
        "tourism": "hotel",
        "@geometry": "center"
      },
      "geometry": {
        "type": "Point",
        "coordinates": [
          78.0886344,
          27.9008442
        ]
      },
      "id": "way/1360622756"
    },
    {
      "type": "Feature",
      "properties": {
        "@id": "way/1360699147",
        "brand": "OYO",
        "brand:wikidata": "Q24906315",
        "building": "yes",
        "name": "OYO",
        "tourism": "hotel",
        "@geometry": "center"
      },
      "geometry": {
        "type": "Point",
        "coordinates": [
          80.9962613,
          26.890392
        ]
      },
      "id": "way/1360699147"
    },
    {
      "type": "Feature",
      "properties": {
        "@id": "way/1360704891",
        "building": "yes",
        "name": "Sultanpur Hotel",
        "tourism": "hotel",
        "@geometry": "center"
      },
      "geometry": {
        "type": "Point",
        "coordinates": [
          82.0664865,
          26.260827
        ]
      },
      "id": "way/1360704891"
    },
    {
      "type": "Feature",
      "properties": {
        "@id": "way/1361426713",
        "building": "yes",
        "tourism": "hostel",
        "@geometry": "center"
      },
      "geometry": {
        "type": "Point",
        "coordinates": [
          82.9889514,
          25.3300998
        ]
      },
      "id": "way/1361426713"
    },
    {
      "type": "Feature",
      "properties": {
        "@id": "way/1361426714",
        "tourism": "hostel",
        "@geometry": "center"
      },
      "geometry": {
        "type": "Point",
        "coordinates": [
          82.9892124,
          25.3303151
        ]
      },
      "id": "way/1361426714"
    },
    {
      "type": "Feature",
      "properties": {
        "@id": "way/1361488777",
        "building": "yes",
        "name": "Sheela Shree",
        "tourism": "hotel",
        "@geometry": "center"
      },
      "geometry": {
        "type": "Point",
        "coordinates": [
          78.6141517,
          25.4571877
        ]
      },
      "id": "way/1361488777"
    },
    {
      "type": "Feature",
      "properties": {
        "@id": "way/1363346057",
        "building": "yes",
        "layer": "1",
        "tourism": "hotel",
        "@geometry": "center"
      },
      "geometry": {
        "type": "Point",
        "coordinates": [
          82.9860396,
          25.3371075
        ]
      },
      "id": "way/1363346057"
    },
    {
      "type": "Feature",
      "properties": {
        "@id": "way/1364329865",
        "building": "yes",
        "museum": "history",
        "name": "Rani Jhansi Museum",
        "name:etymology:wikidata": "Q181878",
        "tourism": "museum",
        "@geometry": "center"
      },
      "geometry": {
        "type": "Point",
        "coordinates": [
          78.5730768,
          25.4534566
        ]
      },
      "id": "way/1364329865"
    },
    {
      "type": "Feature",
      "properties": {
        "@id": "way/1368144917",
        "name": "Shivalaya Park",
        "name:hi": "शिवालय पार्क",
        "tourism": "theme_park",
        "@geometry": "center"
      },
      "geometry": {
        "type": "Point",
        "coordinates": [
          81.8660834,
          25.4208999
        ]
      },
      "id": "way/1368144917"
    },
    {
      "type": "Feature",
      "properties": {
        "@id": "way/1369170234",
        "tourism": "hotel",
        "@geometry": "center"
      },
      "geometry": {
        "type": "Point",
        "coordinates": [
          82.8525032,
          25.4361372
        ]
      },
      "id": "way/1369170234"
    },
    {
      "type": "Feature",
      "properties": {
        "@id": "way/1369170235",
        "building": "yes",
        "tourism": "hotel",
        "@geometry": "center"
      },
      "geometry": {
        "type": "Point",
        "coordinates": [
          82.8522723,
          25.4358123
        ]
      },
      "id": "way/1369170235"
    },
    {
      "type": "Feature",
      "properties": {
        "@id": "way/1369170242",
        "tourism": "hotel",
        "@geometry": "center"
      },
      "geometry": {
        "type": "Point",
        "coordinates": [
          82.8529231,
          25.4358696
        ]
      },
      "id": "way/1369170242"
    },
    {
      "type": "Feature",
      "properties": {
        "@id": "way/1369170243",
        "building": "yes",
        "tourism": "hotel",
        "@geometry": "center"
      },
      "geometry": {
        "type": "Point",
        "coordinates": [
          82.8530321,
          25.4360448
        ]
      },
      "id": "way/1369170243"
    },
    {
      "type": "Feature",
      "properties": {
        "@id": "way/1373616069",
        "area": "yes",
        "artwork_type": "statue",
        "tourism": "artwork",
        "@geometry": "center"
      },
      "geometry": {
        "type": "Point",
        "coordinates": [
          81.8632976,
          25.3905336
        ]
      },
      "id": "way/1373616069"
    },
    {
      "type": "Feature",
      "properties": {
        "@id": "way/1376785574",
        "addr:city": "Lucknow",
        "addr:housenumber": "5",
        "addr:place": "Vipul Khand",
        "addr:postcode": "226010",
        "addr:suburb": "Gomti Nagar",
        "area": "yes",
        "email": "reservation@dayalparadise.com",
        "name": "Dayal Paradise",
        "phone": "+91 522 405 9999",
        "tourism": "hotel",
        "website": "https://www.dayalparadise.com/",
        "@geometry": "center"
      },
      "geometry": {
        "type": "Point",
        "coordinates": [
          80.9909895,
          26.842692
        ]
      },
      "id": "way/1376785574"
    },
    {
      "type": "Feature",
      "properties": {
        "@id": "way/1376973072",
        "building": "yes",
        "tourism": "hostel",
        "@geometry": "center"
      },
      "geometry": {
        "type": "Point",
        "coordinates": [
          81.0570391,
          26.8933272
        ]
      },
      "id": "way/1376973072"
    },
    {
      "type": "Feature",
      "properties": {
        "@id": "way/1381420164",
        "area": "yes",
        "artwork_type": "statue",
        "tourism": "artwork",
        "@geometry": "center"
      },
      "geometry": {
        "type": "Point",
        "coordinates": [
          83.3847016,
          26.7467478
        ]
      },
      "id": "way/1381420164"
    },
    {
      "type": "Feature",
      "properties": {
        "@id": "way/1381609934",
        "addr:city": "Prayagraj",
        "addr:district": "Prayagraj",
        "addr:postcode": "211001",
        "addr:street": "Strachey Road",
        "level": "5",
        "name": "Rosewood Hotel & Banquet",
        "tourism": "hotel",
        "@geometry": "center"
      },
      "geometry": {
        "type": "Point",
        "coordinates": [
          81.8330332,
          25.4554993
        ]
      },
      "id": "way/1381609934"
    },
    {
      "type": "Feature",
      "properties": {
        "@id": "way/1382367293",
        "building": "college",
        "name": "Maharana Pratap Inter College Hostel",
        "tourism": "hostel",
        "@geometry": "center"
      },
      "geometry": {
        "type": "Point",
        "coordinates": [
          83.370716,
          26.7501899
        ]
      },
      "id": "way/1382367293"
    },
    {
      "type": "Feature",
      "properties": {
        "@id": "way/1387601904",
        "alt_name": "SMD Hostel",
        "building": "residential",
        "internet_access": "wlan",
        "internet_access:fee": "no",
        "name": "Smt. Moona Devi Hostel",
        "operator": "Banaras Hindu university",
        "tourism": "hostel",
        "@geometry": "center"
      },
      "geometry": {
        "type": "Point",
        "coordinates": [
          82.9905736,
          25.2755417
        ]
      },
      "id": "way/1387601904"
    },
    {
      "type": "Feature",
      "properties": {
        "@id": "way/1387602220",
        "building": "yes",
        "guest_house": "student_accommodation",
        "internet_access": "wlan",
        "internet_access:fee": "no",
        "name": "Lal Bahadur Shastri Hostel",
        "operator": "Banaras Hindu University",
        "tourism": "hostel",
        "@geometry": "center"
      },
      "geometry": {
        "type": "Point",
        "coordinates": [
          82.9919957,
          25.2752896
        ]
      },
      "id": "way/1387602220"
    },
    {
      "type": "Feature",
      "properties": {
        "@id": "way/1387604411",
        "building": "yes",
        "name": "Kaveri Hostel",
        "tourism": "hostel",
        "@geometry": "center"
      },
      "geometry": {
        "type": "Point",
        "coordinates": [
          82.9931208,
          25.2770478
        ]
      },
      "id": "way/1387604411"
    },
    {
      "type": "Feature",
      "properties": {
        "@id": "way/1387604412",
        "building": "yes",
        "name": "Godavari Hostel",
        "tourism": "hostel",
        "@geometry": "center"
      },
      "geometry": {
        "type": "Point",
        "coordinates": [
          82.9934707,
          25.2771899
        ]
      },
      "id": "way/1387604412"
    },
    {
      "type": "Feature",
      "properties": {
        "@id": "way/1387604413",
        "building": "yes",
        "name": "Saraswati Hostel",
        "tourism": "hostel",
        "@geometry": "center"
      },
      "geometry": {
        "type": "Point",
        "coordinates": [
          82.9938428,
          25.2772999
        ]
      },
      "id": "way/1387604413"
    },
    {
      "type": "Feature",
      "properties": {
        "@id": "way/1387604414",
        "building": "yes",
        "name": "Jamuna Hostel",
        "tourism": "hostel",
        "@geometry": "center"
      },
      "geometry": {
        "type": "Point",
        "coordinates": [
          82.9944096,
          25.2774474
        ]
      },
      "id": "way/1387604414"
    },
    {
      "type": "Feature",
      "properties": {
        "@id": "way/1387604415",
        "building": "yes",
        "name": "Ganga Hostel",
        "tourism": "hostel",
        "@geometry": "center"
      },
      "geometry": {
        "type": "Point",
        "coordinates": [
          82.9947145,
          25.2775856
        ]
      },
      "id": "way/1387604415"
    },
    {
      "type": "Feature",
      "properties": {
        "@id": "way/1387604416",
        "building": "yes",
        "name": "Nagarjun Hostel",
        "tourism": "hostel",
        "@geometry": "center"
      },
      "geometry": {
        "type": "Point",
        "coordinates": [
          82.9932991,
          25.2764773
        ]
      },
      "id": "way/1387604416"
    },
    {
      "type": "Feature",
      "properties": {
        "@id": "way/1387604417",
        "building": "yes",
        "tourism": "hostel",
        "@geometry": "center"
      },
      "geometry": {
        "type": "Point",
        "coordinates": [
          82.994129,
          25.2767766
        ]
      },
      "id": "way/1387604417"
    },
    {
      "type": "Feature",
      "properties": {
        "@id": "way/1387604418",
        "building": "yes",
        "name": "Punarvasu Atreya Hostel",
        "tourism": "hostel",
        "@geometry": "center"
      },
      "geometry": {
        "type": "Point",
        "coordinates": [
          82.9940514,
          25.2759674
        ]
      },
      "id": "way/1387604418"
    },
    {
      "type": "Feature",
      "properties": {
        "@id": "way/1427651943",
        "building": "hotel",
        "building:levels": "4",
        "name": "Amaraa Hotel",
        "tourism": "hotel",
        "@geometry": "center"
      },
      "geometry": {
        "type": "Point",
        "coordinates": [
          81.0135676,
          26.8200591
        ]
      },
      "id": "way/1427651943"
    },
    {
      "type": "Feature",
      "properties": {
        "@id": "way/1442128103",
        "addr:city": "Maharajganj",
        "addr:district": "Maharajganj",
        "addr:postcode": "273303",
        "addr:street": "KMC Medical College Road",
        "building": "yes",
        "building:levels": "7",
        "name": "Boys' Hostel (MBBS)",
        "tourism": "hostel",
        "@geometry": "center"
      },
      "geometry": {
        "type": "Point",
        "coordinates": [
          83.4775332,
          27.1106946
        ]
      },
      "id": "way/1442128103"
    },
    {
      "type": "Feature",
      "properties": {
        "@id": "way/1442128384",
        "addr:city": "Maharajganj",
        "addr:district": "Maharajganj",
        "addr:postcode": "273303",
        "addr:street": "KMC Medical College Road",
        "building": "yes",
        "building:levels": "7",
        "name": "Girls' Hostel (MBBS)",
        "tourism": "hostel",
        "@geometry": "center"
      },
      "geometry": {
        "type": "Point",
        "coordinates": [
          83.4762431,
          27.1109957
        ]
      },
      "id": "way/1442128384"
    },
    {
      "type": "Feature",
      "properties": {
        "@id": "way/1448724952",
        "building": "yes",
        "internet_access": "wlan",
        "name": "Hostel 17-18",
        "tourism": "hostel",
        "@geometry": "center"
      },
      "geometry": {
        "type": "Point",
        "coordinates": [
          80.8944834,
          26.9376987
        ]
      },
      "id": "way/1448724952"
    },
    {
      "type": "Feature",
      "properties": {
        "@id": "way/1455075290",
        "building": "yes",
        "name": "Paras Inn",
        "tourism": "hotel",
        "@geometry": "center"
      },
      "geometry": {
        "type": "Point",
        "coordinates": [
          80.9672253,
          26.8827441
        ]
      },
      "id": "way/1455075290"
    },
    {
      "type": "Feature",
      "properties": {
        "@id": "way/1455075293",
        "building": "yes",
        "name": "Vindhyavasini Guest House",
        "tourism": "hotel",
        "@geometry": "center"
      },
      "geometry": {
        "type": "Point",
        "coordinates": [
          80.9664484,
          26.879675
        ]
      },
      "id": "way/1455075293"
    },
    {
      "type": "Feature",
      "properties": {
        "@id": "way/1455128003",
        "building": "yes",
        "name": "Sapna Clarks Inn",
        "tourism": "hotel",
        "@geometry": "center"
      },
      "geometry": {
        "type": "Point",
        "coordinates": [
          80.9651039,
          26.8998525
        ]
      },
      "id": "way/1455128003"
    },
    {
      "type": "Feature",
      "properties": {
        "@id": "way/1457672019",
        "brand": "Park Inn",
        "brand:wikidata": "Q60711675",
        "name": "Park Inn by Radisson",
        "tourism": "hotel",
        "@geometry": "center"
      },
      "geometry": {
        "type": "Point",
        "coordinates": [
          80.9604338,
          26.9048451
        ]
      },
      "id": "way/1457672019"
    },
    {
      "type": "Feature",
      "properties": {
        "@id": "way/1457672025",
        "building": "yes",
        "name": "Hotel Ratan International",
        "tourism": "hotel",
        "@geometry": "center"
      },
      "geometry": {
        "type": "Point",
        "coordinates": [
          80.9623578,
          26.9038917
        ]
      },
      "id": "way/1457672025"
    },
    {
      "type": "Feature",
      "properties": {
        "@id": "way/1457994889",
        "name": "H.A.L. Guest House",
        "tourism": "guest_house",
        "@geometry": "center"
      },
      "geometry": {
        "type": "Point",
        "coordinates": [
          80.9863789,
          26.8695217
        ]
      },
      "id": "way/1457994889"
    },
    {
      "type": "Feature",
      "properties": {
        "@id": "way/1461480937",
        "addr:city": "Lucknow",
        "building": "yes",
        "museum": "history",
        "name": "1857 Memorial Museum Residency",
        "name:en": "1857 Memorial Museum",
        "name:hi": "१८५७ समृति संग्रहालय",
        "opening_hours": "Mo-Su 09:00-17:00; Fr closed",
        "tourism": "museum",
        "@geometry": "center"
      },
      "geometry": {
        "type": "Point",
        "coordinates": [
          80.9254275,
          26.861453
        ]
      },
      "id": "way/1461480937"
    },
    {
      "type": "Feature",
      "properties": {
        "@id": "way/1461483477",
        "addr:city": "Lucknow",
        "addr:housenumber": "24",
        "addr:street": "Cantonment Road",
        "barrier": "wall",
        "brand": "Radisson",
        "contact:email": "reservationslucknow@radisson.com",
        "contact:phone": "+91 522 429 9900",
        "name": "Radisson",
        "tourism": "hotel",
        "@geometry": "center"
      },
      "geometry": {
        "type": "Point",
        "coordinates": [
          80.9353104,
          26.8456527
        ]
      },
      "id": "way/1461483477"
    },
    {
      "type": "Feature",
      "properties": {
        "@id": "way/1466378274",
        "building": "yes",
        "name": "Prithvi Resort",
        "tourism": "hotel",
        "@geometry": "center"
      },
      "geometry": {
        "type": "Point",
        "coordinates": [
          81.0083743,
          26.8001548
        ]
      },
      "id": "way/1466378274"
    },
    {
      "type": "Feature",
      "properties": {
        "@id": "node/1468369508",
        "name": "Youth Hostel",
        "tourism": "hostel"
      },
      "geometry": {
        "type": "Point",
        "coordinates": [
          78.0049243,
          27.1991292
        ]
      },
      "id": "node/1468369508"
    },
    {
      "type": "Feature",
      "properties": {
        "@id": "node/1469828353",
        "tourism": "museum"
      },
      "geometry": {
        "type": "Point",
        "coordinates": [
          77.6940894,
          27.5764791
        ]
      },
      "id": "node/1469828353"
    },
    {
      "type": "Feature",
      "properties": {
        "@id": "way/1471751551",
        "addr:housenumber": "149",
        "addr:street": "Delhi Road",
        "building": "yes",
        "name": "Sandal Wood",
        "phone": "+919917777793",
        "tourism": "hotel",
        "@geometry": "center"
      },
      "geometry": {
        "type": "Point",
        "coordinates": [
          77.6873848,
          28.9658247
        ]
      },
      "id": "way/1471751551"
    },
    {
      "type": "Feature",
      "properties": {
        "@id": "way/1482667590",
        "addr:city": "Varanasi",
        "addr:district": "Varanasi",
        "addr:housenumber": "Aryabhatta",
        "addr:postcode": "221005",
        "addr:street": "Aryabhatt Hostel Road",
        "building:levels": "4",
        "building:part": "yes",
        "guest_house": "hostel",
        "height": "12",
        "name": "Block A",
        "operator": "Indian Institute of Technology (BHU), sanjay singh",
        "start_date": "15th October 2013",
        "tourism": "hostel",
        "@geometry": "center"
      },
      "geometry": {
        "type": "Point",
        "coordinates": [
          82.984145,
          25.2640983
        ]
      },
      "id": "way/1482667590"
    },
    {
      "type": "Feature",
      "properties": {
        "@id": "way/1486470149",
        "addr:city": "Kanpur",
        "addr:district": "Kanpur",
        "addr:housenumber": "9C",
        "addr:postcode": "208007",
        "addr:street": "GT Rd, Krishna Puram",
        "air_conditioning": "yes",
        "bar": "yes",
        "check_in": "12:00",
        "check_out": "12:00",
        "internet_access": "yes",
        "internet_access:fee": "no",
        "name": "HOTEL MANOJ INTERNATIONAL",
        "phone": "+919389190458",
        "tourism": "hotel",
        "@geometry": "center"
      },
      "geometry": {
        "type": "Point",
        "coordinates": [
          80.3726074,
          26.423708
        ]
      },
      "id": "way/1486470149"
    },
    {
      "type": "Feature",
      "properties": {
        "@id": "way/1488497197",
        "building": "yes",
        "guest_house": "boys_pg",
        "name": "Stanza Living Adelaide House",
        "tourism": "hostel",
        "@geometry": "center"
      },
      "geometry": {
        "type": "Point",
        "coordinates": [
          77.4773922,
          28.4747445
        ]
      },
      "id": "way/1488497197"
    },
    {
      "type": "Feature",
      "properties": {
        "@id": "way/1488748509",
        "building": "hotel",
        "building:levels": "5",
        "roof:shape": "flat",
        "tourism": "hotel",
        "@geometry": "center"
      },
      "geometry": {
        "type": "Point",
        "coordinates": [
          80.2720505,
          26.4862805
        ]
      },
      "id": "way/1488748509"
    },
    {
      "type": "Feature",
      "properties": {
        "@id": "way/1488773320",
        "air_conditioning": "yes",
        "branch": "Keshavpuram",
        "brand": "OYO",
        "brand:wikidata": "Q24906315",
        "building": "hotel",
        "contact:mobile": "+91-63073-82848",
        "name": "Townhouse Hotel",
        "old_name": "Shri Pushpraj Hotel",
        "roof:shape": "flat",
        "sauna": "no",
        "toilets": "separate",
        "tourism": "hotel",
        "@geometry": "center"
      },
      "geometry": {
        "type": "Point",
        "coordinates": [
          80.2710812,
          26.483301
        ]
      },
      "id": "way/1488773320"
    },
    {
      "type": "Feature",
      "properties": {
        "@id": "way/1489353732",
        "building": "hotel",
        "building:levels": "4",
        "name": "Durga Lawn",
        "roof:shape": "flat",
        "tourism": "hotel",
        "@geometry": "center"
      },
      "geometry": {
        "type": "Point",
        "coordinates": [
          80.2703056,
          26.4836739
        ]
      },
      "id": "way/1489353732"
    },
    {
      "type": "Feature",
      "properties": {
        "@id": "way/1489353741",
        "building": "hotel",
        "building:levels": "4",
        "name": "Shivam Palace",
        "roof:shape": "flat",
        "tourism": "hotel",
        "@geometry": "center"
      },
      "geometry": {
        "type": "Point",
        "coordinates": [
          80.2705114,
          26.4837177
        ]
      },
      "id": "way/1489353741"
    },
    {
      "type": "Feature",
      "properties": {
        "@id": "node/1529193639",
        "name": "Kriti Gallery",
        "tourism": "museum",
        "website": "http://www.kritigallery.com"
      },
      "geometry": {
        "type": "Point",
        "coordinates": [
          82.980014,
          25.30463
        ]
      },
      "id": "node/1529193639"
    },
    {
      "type": "Feature",
      "properties": {
        "@id": "node/1536776438",
        "name": "Palace on the Ganges",
        "tourism": "hotel"
      },
      "geometry": {
        "type": "Point",
        "coordinates": [
          83.0056788,
          25.2882223
        ]
      },
      "id": "node/1536776438"
    },
    {
      "type": "Feature",
      "properties": {
        "@id": "node/1536852561",
        "name": "Temple on Ganges",
        "tourism": "hotel"
      },
      "geometry": {
        "type": "Point",
        "coordinates": [
          83.0058452,
          25.2884054
        ]
      },
      "id": "node/1536852561"
    },
    {
      "type": "Feature",
      "properties": {
        "@id": "node/1538127086",
        "addr:city": "Varanasi",
        "name": "Anandamayee Ghat",
        "tourism": "attraction",
        "wheelchair": "no"
      },
      "geometry": {
        "type": "Point",
        "coordinates": [
          83.0069269,
          25.2925757
        ]
      },
      "id": "node/1538127086"
    },
    {
      "type": "Feature",
      "properties": {
        "@id": "node/1538127088",
        "addr:city": "Varanasi",
        "name": "Chauki Ghat",
        "tourism": "attraction",
        "wheelchair": "no"
      },
      "geometry": {
        "type": "Point",
        "coordinates": [
          83.0074175,
          25.3004934
        ]
      },
      "id": "node/1538127088"
    },
    {
      "type": "Feature",
      "properties": {
        "@id": "node/1538127089",
        "name": "Darbhanga Ghat",
        "tourism": "attraction",
        "wheelchair": "no"
      },
      "geometry": {
        "type": "Point",
        "coordinates": [
          83.00954,
          25.3052209
        ]
      },
      "id": "node/1538127089"
    },
    {
      "type": "Feature",
      "properties": {
        "@id": "node/1538127090",
        "name": "Gaay Ghat",
        "tourism": "attraction",
        "wheelchair": "no"
      },
      "geometry": {
        "type": "Point",
        "coordinates": [
          83.0221361,
          25.318352
        ]
      },
      "id": "node/1538127090"
    },
    {
      "type": "Feature",
      "properties": {
        "@id": "node/1538127091",
        "name": "Harishchandra Ghat",
        "tourism": "attraction",
        "wheelchair": "no"
      },
      "geometry": {
        "type": "Point",
        "coordinates": [
          83.0071904,
          25.2983149
        ]
      },
      "id": "node/1538127091"
    },
    {
      "type": "Feature",
      "properties": {
        "@id": "node/1538127094",
        "name": "Jatar Ghat",
        "tourism": "attraction",
        "wheelchair": "no"
      },
      "geometry": {
        "type": "Point",
        "coordinates": [
          83.0168694,
          25.314458
        ]
      },
      "id": "node/1538127094"
    },
    {
      "type": "Feature",
      "properties": {
        "@id": "node/1538127095",
        "name": "Lal Ghat",
        "tourism": "attraction",
        "wheelchair": "no"
      },
      "geometry": {
        "type": "Point",
        "coordinates": [
          83.0205948,
          25.3172323
        ]
      },
      "id": "node/1538127095"
    },
    {
      "type": "Feature",
      "properties": {
        "@id": "node/1538127096",
        "name": "Lalita Ghat",
        "name:hi": "ललिता घाट",
        "tourism": "attraction",
        "wheelchair": "limited"
      },
      "geometry": {
        "type": "Point",
        "coordinates": [
          83.0128733,
          25.3096631
        ]
      },
      "id": "node/1538127096"
    },
    {
      "type": "Feature",
      "properties": {
        "@id": "node/1538127097",
        "name": "Mahanirvani Ghat",
        "tourism": "attraction",
        "wheelchair": "limited"
      },
      "geometry": {
        "type": "Point",
        "coordinates": [
          83.0069086,
          25.2960763
        ]
      },
      "id": "node/1538127097"
    },
    {
      "type": "Feature",
      "properties": {
        "@id": "node/1538127100",
        "addr:city": "Varanasi",
        "alt_name": "Burning Ghat",
        "name": "Manikarnika Ghat",
        "name:en": "Manikarnika Ghat(KOSTRI)",
        "name:hi": "Manikarnika Ghat (KOCTRI)",
        "tourism": "attraction",
        "wheelchair": "no"
      },
      "geometry": {
        "type": "Point",
        "coordinates": [
          83.014021,
          25.3107682
        ]
      },
      "id": "node/1538127100"
    },
    {
      "type": "Feature",
      "properties": {
        "@id": "node/1538127102",
        "name": "Mehfa Ghat",
        "tourism": "attraction",
        "wheelchair": "no"
      },
      "geometry": {
        "type": "Point",
        "coordinates": [
          83.0165616,
          25.3136844
        ]
      },
      "id": "node/1538127102"
    },
    {
      "type": "Feature",
      "properties": {
        "@id": "node/1538127104",
        "name": "Nandeshwar Ghat",
        "tourism": "attraction",
        "wheelchair": "no"
      },
      "geometry": {
        "type": "Point",
        "coordinates": [
          83.0246607,
          25.3198932
        ]
      },
      "id": "node/1538127104"
    },
    {
      "type": "Feature",
      "properties": {
        "@id": "node/1538127105",
        "name": "Niranjani Ghat",
        "tourism": "attraction",
        "wheelchair": "limited"
      },
      "geometry": {
        "type": "Point",
        "coordinates": [
          83.0070612,
          25.295569
        ]
      },
      "id": "node/1538127105"
    },
    {
      "type": "Feature",
      "properties": {
        "@id": "node/1538127106",
        "name": "Naya Ghat",
        "tourism": "attraction",
        "wheelchair": "no"
      },
      "geometry": {
        "type": "Point",
        "coordinates": [
          83.0284985,
          25.3220123
        ]
      },
      "id": "node/1538127106"
    },
    {
      "type": "Feature",
      "properties": {
        "@id": "node/1538127113",
        "addr:city": "Varanasi",
        "name": "Panchganga Ghat",
        "tourism": "attraction",
        "wheelchair": "no"
      },
      "geometry": {
        "type": "Point",
        "coordinates": [
          83.0179849,
          25.315019
        ]
      },
      "id": "node/1538127113"
    },
    {
      "type": "Feature",
      "properties": {
        "@id": "node/1538127116",
        "addr:city": "Varanasi",
        "name": "Panchkot Ghat",
        "tourism": "attraction",
        "wheelchair": "yes"
      },
      "geometry": {
        "type": "Point",
        "coordinates": [
          83.0071836,
          25.2938732
        ]
      },
      "id": "node/1538127116"
    },
    {
      "type": "Feature",
      "properties": {
        "@id": "node/1538127118",
        "name": "Prayag Ghat",
        "name:hi": "प्रयाग घाट",
        "tourism": "attraction",
        "wheelchair": "no"
      },
      "geometry": {
        "type": "Point",
        "coordinates": [
          83.0102699,
          25.3065683
        ]
      },
      "id": "node/1538127118"
    },
    {
      "type": "Feature",
      "properties": {
        "@id": "node/1538127119",
        "name": "Raj Ghat",
        "name:zh": "结束点",
        "tourism": "attraction",
        "wheelchair": "no"
      },
      "geometry": {
        "type": "Point",
        "coordinates": [
          83.0310405,
          25.3234066
        ]
      },
      "id": "node/1538127119"
    },
    {
      "type": "Feature",
      "properties": {
        "@id": "node/1538127121",
        "name": "Gwaljor Ghat",
        "tourism": "attraction",
        "wheelchair": "no"
      },
      "geometry": {
        "type": "Point",
        "coordinates": [
          83.0170255,
          25.3145937
        ]
      },
      "id": "node/1538127121"
    },
    {
      "type": "Feature",
      "properties": {
        "@id": "node/1538127122",
        "name": "Ram Ghat",
        "tourism": "attraction",
        "wheelchair": "no"
      },
      "geometry": {
        "type": "Point",
        "coordinates": [
          83.0167057,
          25.3141205
        ]
      },
      "id": "node/1538127122"
    },
    {
      "type": "Feature",
      "properties": {
        "@id": "node/1538127123",
        "name": "Prahlad Ghat",
        "tourism": "attraction",
        "wheelchair": "no"
      },
      "geometry": {
        "type": "Point",
        "coordinates": [
          83.0290449,
          25.3224031
        ]
      },
      "id": "node/1538127123"
    },
    {
      "type": "Feature",
      "properties": {
        "@id": "node/1538127124",
        "name": "Reewa Ghat",
        "tourism": "attraction",
        "wheelchair": "no"
      },
      "geometry": {
        "type": "Point",
        "coordinates": [
          83.0062958,
          25.2899023
        ]
      },
      "id": "node/1538127124"
    },
    {
      "type": "Feature",
      "properties": {
        "@id": "node/1538127125",
        "name": "Sakka Ghat",
        "tourism": "attraction",
        "wheelchair": "no"
      },
      "geometry": {
        "type": "Point",
        "coordinates": [
          83.0259173,
          25.3207522
        ]
      },
      "id": "node/1538127125"
    },
    {
      "type": "Feature",
      "properties": {
        "@id": "node/1538127126",
        "name": "Scindia Ghat",
        "tourism": "attraction",
        "wheelchair": "no"
      },
      "geometry": {
        "type": "Point",
        "coordinates": [
          83.0154329,
          25.3120646
        ]
      },
      "id": "node/1538127126"
    },
    {
      "type": "Feature",
      "properties": {
        "@id": "node/1538127127",
        "name": "Trilochan Ghat",
        "tourism": "attraction",
        "wheelchair": "no"
      },
      "geometry": {
        "type": "Point",
        "coordinates": [
          83.0234368,
          25.3189725
        ]
      },
      "id": "node/1538127127"
    },
    {
      "type": "Feature",
      "properties": {
        "@id": "node/1538127128",
        "addr:city": "Varanasi",
        "name": "Vijayana Ghat",
        "tourism": "attraction",
        "wheelchair": "no"
      },
      "geometry": {
        "type": "Point",
        "coordinates": [
          83.0072243,
          25.2988294
        ]
      },
      "id": "node/1538127128"
    },
    {
      "type": "Feature",
      "properties": {
        "@id": "node/1538128583",
        "name": "Sita Guest House",
        "tourism": "hotel",
        "website": "http://www.sitaguesthouse.in"
      },
      "geometry": {
        "type": "Point",
        "coordinates": [
          83.0085458,
          25.3043669
        ]
      },
      "id": "node/1538128583"
    },
    {
      "type": "Feature",
      "properties": {
        "@id": "node/1539343144",
        "name": "Digipatiya Ghat",
        "name:ko": "레바게스트하우스",
        "tourism": "attraction"
      },
      "geometry": {
        "type": "Point",
        "coordinates": [
          83.0083278,
          25.303696
        ]
      },
      "id": "node/1539343144"
    },
    {
      "type": "Feature",
      "properties": {
        "@id": "node/1539343147",
        "name": "Jalasayi Ghat",
        "tourism": "attraction",
        "wheelchair": "no"
      },
      "geometry": {
        "type": "Point",
        "coordinates": [
          83.0136803,
          25.3105516
        ]
      },
      "id": "node/1539343147"
    },
    {
      "type": "Feature",
      "properties": {
        "@id": "node/1539343151",
        "name": "Kschemeschwar Ghat",
        "tourism": "attraction",
        "wheelchair": "no"
      },
      "geometry": {
        "type": "Point",
        "coordinates": [
          83.0074205,
          25.3009846
        ]
      },
      "id": "node/1539343151"
    },
    {
      "type": "Feature",
      "properties": {
        "@id": "node/1539343160",
        "addr:city": "Varanasi",
        "name": "Prabhu Ghat",
        "tourism": "attraction",
        "wheelchair": "limited"
      },
      "geometry": {
        "type": "Point",
        "coordinates": [
          83.0073101,
          25.294807
        ]
      },
      "id": "node/1539343160"
    },
    {
      "type": "Feature",
      "properties": {
        "@id": "node/1545893678",
        "name": "Aghoreshwar Bhagwam Ram Ghat",
        "tourism": "attraction"
      },
      "geometry": {
        "type": "Point",
        "coordinates": [
          83.0131538,
          25.2757315
        ]
      },
      "id": "node/1545893678"
    },
    {
      "type": "Feature",
      "properties": {
        "@id": "node/1548647429",
        "name": "Chunar Fort",
        "tourism": "museum"
      },
      "geometry": {
        "type": "Point",
        "coordinates": [
          82.8748971,
          25.1251116
        ]
      },
      "id": "node/1548647429"
    },
    {
      "type": "Feature",
      "properties": {
        "@id": "node/1550241743",
        "name": "Adi Keshava Ghat",
        "tourism": "attraction"
      },
      "geometry": {
        "type": "Point",
        "coordinates": [
          83.0428908,
          25.3290192
        ]
      },
      "id": "node/1550241743"
    },
    {
      "type": "Feature",
      "properties": {
        "@id": "node/1550241751",
        "name": "Shitala Ghat",
        "tourism": "attraction",
        "wheelchair": "no"
      },
      "geometry": {
        "type": "Point",
        "coordinates": [
          83.020252,
          25.3165899
        ]
      },
      "id": "node/1550241751"
    },
    {
      "type": "Feature",
      "properties": {
        "@id": "node/1550241752",
        "name": "Badrinarayan Ghat",
        "tourism": "attraction",
        "wheelchair": "no"
      },
      "geometry": {
        "type": "Point",
        "coordinates": [
          83.0228183,
          25.3187303
        ]
      },
      "id": "node/1550241752"
    },
    {
      "type": "Feature",
      "properties": {
        "@id": "node/1550241754",
        "name": "Gola Ghat",
        "tourism": "attraction",
        "wheelchair": "no"
      },
      "geometry": {
        "type": "Point",
        "coordinates": [
          83.0240242,
          25.3194596
        ]
      },
      "id": "node/1550241754"
    },
    {
      "type": "Feature",
      "properties": {
        "@id": "node/1550241757",
        "name": "Hanumangadhi Ghat",
        "tourism": "attraction",
        "wheelchair": "no"
      },
      "geometry": {
        "type": "Point",
        "coordinates": [
          83.0214261,
          25.3176767
        ]
      },
      "id": "node/1550241757"
    },
    {
      "type": "Feature",
      "properties": {
        "@id": "node/1550241774",
        "name": "Ravidas Ghat",
        "tourism": "attraction"
      },
      "geometry": {
        "type": "Point",
        "coordinates": [
          83.00902,
          25.2835977
        ]
      },
      "id": "node/1550241774"
    },
    {
      "type": "Feature",
      "properties": {
        "@id": "node/1550241777",
        "name": "Telianala Ghat",
        "tourism": "attraction",
        "wheelchair": "no"
      },
      "geometry": {
        "type": "Point",
        "coordinates": [
          83.0267868,
          25.3211398
        ]
      },
      "id": "node/1550241777"
    },
    {
      "type": "Feature",
      "properties": {
        "@id": "node/1550251391",
        "name": "Broadway Hotel",
        "tourism": "hotel"
      },
      "geometry": {
        "type": "Point",
        "coordinates": [
          83.0025581,
          25.2969799
        ]
      },
      "id": "node/1550251391"
    },
    {
      "type": "Feature",
      "properties": {
        "@id": "node/1550251393",
        "addr:housenumber": "B.1/107",
        "addr:postcode": "222005",
        "addr:street": "Assi Ghat Road",
        "email": "hotel_haifa@hotmail.com",
        "internet_access": "wlan",
        "name": "Haifa Hotel",
        "phone": "+91 542 231 2960",
        "tourism": "hotel",
        "website": "http://www.hotelhaifavns.com"
      },
      "geometry": {
        "type": "Point",
        "coordinates": [
          83.0043309,
          25.2884745
        ]
      },
      "id": "node/1550251393"
    },
    {
      "type": "Feature",
      "properties": {
        "@id": "node/1553933087",
        "name": "Hotel Ashok",
        "tourism": "hotel"
      },
      "geometry": {
        "type": "Point",
        "coordinates": [
          82.9890022,
          25.3124809
        ]
      },
      "id": "node/1553933087"
    },
    {
      "type": "Feature",
      "properties": {
        "@id": "node/1554354349",
        "internet_access": "wlan",
        "name": "Divya Hotel",
        "opening_hours": "24/7",
        "tourism": "hotel"
      },
      "geometry": {
        "type": "Point",
        "coordinates": [
          83.0042372,
          25.2886257
        ]
      },
      "id": "node/1554354349"
    },
    {
      "type": "Feature",
      "properties": {
        "@id": "node/1555732649",
        "name": "Bhonsale Ghat",
        "tourism": "attraction",
        "wheelchair": "no"
      },
      "geometry": {
        "type": "Point",
        "coordinates": [
          83.015988,
          25.3128231
        ]
      },
      "id": "node/1555732649"
    },
    {
      "type": "Feature",
      "properties": {
        "@id": "node/1563504902",
        "air_conditioning": "no",
        "internet_access": "wlan",
        "name": "Scindia Guest House",
        "tourism": "hotel"
      },
      "geometry": {
        "type": "Point",
        "coordinates": [
          83.0150789,
          25.31203
        ]
      },
      "id": "node/1563504902"
    },
    {
      "type": "Feature",
      "properties": {
        "@id": "node/1563505709",
        "addr:city": "Varanasi",
        "name": "Man Singh Astronomical Observatory",
        "tourism": "museum"
      },
      "geometry": {
        "type": "Point",
        "coordinates": [
          83.0110442,
          25.3088652
        ]
      },
      "id": "node/1563505709"
    },
    {
      "type": "Feature",
      "properties": {
        "@id": "node/1666774337",
        "name": "Gemini Continental",
        "tourism": "hotel"
      },
      "geometry": {
        "type": "Point",
        "coordinates": [
          80.936321,
          26.852589
        ]
      },
      "id": "node/1666774337"
    },
    {
      "type": "Feature",
      "properties": {
        "@id": "node/1710401331",
        "designation": "5 Star Deluxe",
        "name": "Wyndham Grand Agra",
        "tourism": "hotel"
      },
      "geometry": {
        "type": "Point",
        "coordinates": [
          78.0638321,
          27.1568439
        ]
      },
      "id": "node/1710401331"
    },
    {
      "type": "Feature",
      "properties": {
        "@id": "node/1827522829",
        "addr:city": "Noida",
        "addr:housenumber": "L-2",
        "addr:postcode": "201301",
        "addr:street": "Sector 18",
        "brand": "Radisson Blu",
        "brand:wikidata": "Q7281341",
        "name": "Radisson Blu MBD Hote",
        "operator": "Radisson",
        "tourism": "hotel",
        "wheelchair": "yes"
      },
      "geometry": {
        "type": "Point",
        "coordinates": [
          77.3225515,
          28.5685211
        ]
      },
      "id": "node/1827522829"
    },
    {
      "type": "Feature",
      "properties": {
        "@id": "node/1827525508",
        "name": "Savoy Suites",
        "tourism": "hotel"
      },
      "geometry": {
        "type": "Point",
        "coordinates": [
          77.3152466,
          28.5800504
        ]
      },
      "id": "node/1827525508"
    },
    {
      "type": "Feature",
      "properties": {
        "@id": "node/2046954218",
        "addr:city": "Kushinagar",
        "addr:street": "Buddha Marg",
        "name": "The Imperial Kushinagar",
        "tourism": "hotel"
      },
      "geometry": {
        "type": "Point",
        "coordinates": [
          83.8977894,
          26.7367612
        ]
      },
      "id": "node/2046954218"
    },
    {
      "type": "Feature",
      "properties": {
        "@id": "node/2057670176",
        "designation": "Sangam",
        "name": "Sangam",
        "tourism": "information"
      },
      "geometry": {
        "type": "Point",
        "coordinates": [
          81.8891327,
          25.4233218
        ]
      },
      "id": "node/2057670176"
    },
    {
      "type": "Feature",
      "properties": {
        "@id": "node/2126220869",
        "name": "Insight Journey Pvt Ltd.",
        "source": "GPS",
        "tourism": "information"
      },
      "geometry": {
        "type": "Point",
        "coordinates": [
          82.9539898,
          25.3312394
        ]
      },
      "id": "node/2126220869"
    },
    {
      "type": "Feature",
      "properties": {
        "@id": "node/2190737079",
        "name": "Hotel Om Sai Palace 09720201112",
        "tourism": "hostel"
      },
      "geometry": {
        "type": "Point",
        "coordinates": [
          78.0043422,
          27.1233632
        ]
      },
      "id": "node/2190737079"
    },
    {
      "type": "Feature",
      "properties": {
        "@id": "node/2246240209",
        "addr:street": "Datarangava Road",
        "name": "Satkar Palace",
        "tourism": "hotel",
        "website": "www.hotelsatkarpalace.com"
      },
      "geometry": {
        "type": "Point",
        "coordinates": [
          83.0799906,
          27.2613181
        ]
      },
      "id": "node/2246240209"
    },
    {
      "type": "Feature",
      "properties": {
        "@id": "node/2246543236",
        "name": "U.P. Government Tourist Bungalow",
        "tourism": "hotel"
      },
      "geometry": {
        "type": "Point",
        "coordinates": [
          82.0412796,
          27.5035561
        ]
      },
      "id": "node/2246543236"
    },
    {
      "type": "Feature",
      "properties": {
        "@id": "node/2254978001",
        "name": "Lotus Nikko Sravasti",
        "tourism": "hotel"
      },
      "geometry": {
        "type": "Point",
        "coordinates": [
          82.0457092,
          27.5021572
        ]
      },
      "id": "node/2254978001"
    },
    {
      "type": "Feature",
      "properties": {
        "@id": "node/2317302904",
        "name": "VILAS HOTEL",
        "tourism": "hotel"
      },
      "geometry": {
        "type": "Point",
        "coordinates": [
          81.8346747,
          25.4539396
        ]
      },
      "id": "node/2317302904"
    },
    {
      "type": "Feature",
      "properties": {
        "@id": "node/2317349974",
        "name": "Hotel Regency",
        "tourism": "hotel"
      },
      "geometry": {
        "type": "Point",
        "coordinates": [
          81.838631,
          25.455556
        ]
      },
      "id": "node/2317349974"
    },
    {
      "type": "Feature",
      "properties": {
        "@id": "node/2317361237",
        "name": "LIC Guesthouse",
        "tourism": "guest_house"
      },
      "geometry": {
        "type": "Point",
        "coordinates": [
          81.841989,
          25.454713
        ]
      },
      "id": "node/2317361237"
    },
    {
      "type": "Feature",
      "properties": {
        "@id": "node/2322522420",
        "internet_access": "no",
        "name": "Hotel Metro",
        "tourism": "hotel"
      },
      "geometry": {
        "type": "Point",
        "coordinates": [
          80.907891,
          26.818672
        ]
      },
      "id": "node/2322522420"
    },
    {
      "type": "Feature",
      "properties": {
        "@id": "node/2377296735",
        "name": "Shanti",
        "tourism": "guest_house"
      },
      "geometry": {
        "type": "Point",
        "coordinates": [
          83.0133924,
          25.3116626
        ]
      },
      "id": "node/2377296735"
    },
    {
      "type": "Feature",
      "properties": {
        "@id": "node/2505539934",
        "name": "Ray of Maya",
        "tourism": "hotel"
      },
      "geometry": {
        "type": "Point",
        "coordinates": [
          78.0364429,
          27.1661393
        ]
      },
      "id": "node/2505539934"
    },
    {
      "type": "Feature",
      "properties": {
        "@id": "node/2564422083",
        "email": "info@hotelvrindavangarden.in",
        "internet_access": "yes",
        "name": "Vrindavan Garden",
        "phone": "+91 565 2442230;+91 9756709122",
        "tourism": "hotel",
        "website": "http://www.hotelvrindavangarden.in/"
      },
      "geometry": {
        "type": "Point",
        "coordinates": [
          77.6925349,
          27.5725287
        ]
      },
      "id": "node/2564422083"
    },
    {
      "type": "Feature",
      "properties": {
        "@id": "node/2653408995",
        "addr:city": "Agra",
        "name": "Clarks Shiraz",
        "tourism": "hotel"
      },
      "geometry": {
        "type": "Point",
        "coordinates": [
          78.0248611,
          27.1584871
        ]
      },
      "id": "node/2653408995"
    },
    {
      "type": "Feature",
      "properties": {
        "@id": "node/2654011318",
        "name": "Mangalam Palace",
        "tourism": "hotel"
      },
      "geometry": {
        "type": "Point",
        "coordinates": [
          77.6660905,
          27.0943033
        ]
      },
      "id": "node/2654011318"
    },
    {
      "type": "Feature",
      "properties": {
        "@id": "node/2654011931",
        "name": "Saniya Palace",
        "survey:date": "2023-01-27",
        "tourism": "hotel"
      },
      "geometry": {
        "type": "Point",
        "coordinates": [
          78.0433777,
          27.1691149
        ]
      },
      "id": "node/2654011931"
    },
    {
      "type": "Feature",
      "properties": {
        "@id": "node/2708871444",
        "addr:city": "Varanasi",
        "addr:housenumber": "D 17/122",
        "addr:postcode": "221001",
        "addr:street": "DASHASWAMEDH GHAT",
        "air_conditioning": "no",
        "amenity": "restaurant",
        "capacity": "25",
        "cuisine": "pizza",
        "diet:vegan": "yes",
        "diet:vegetarian": "yes",
        "indoor_seating": "yes",
        "internet_access": "wlan",
        "name": "SHRI Guest House",
        "opening_hours": "07:30+",
        "outdoor_seating": "no",
        "smoking": "no",
        "tourism": "guest_house",
        "website": "http://www.shriguesthouse.com",
        "wheelchair": "yes"
      },
      "geometry": {
        "type": "Point",
        "coordinates": [
          83.0098553,
          25.3069623
        ]
      },
      "id": "node/2708871444"
    },
    {
      "type": "Feature",
      "properties": {
        "@id": "node/2739693369",
        "fixme": "What is the attraction?",
        "tourism": "attraction"
      },
      "geometry": {
        "type": "Point",
        "coordinates": [
          78.015602,
          27.1591283
        ]
      },
      "id": "node/2739693369"
    },
    {
      "type": "Feature",
      "properties": {
        "@id": "node/2805194168",
        "internet_access": "wlan",
        "name": "Kedareswar",
        "tourism": "guest_house",
        "website": "http://www.kedareswarguesthouse.com/",
        "wheelchair": "limited"
      },
      "geometry": {
        "type": "Point",
        "coordinates": [
          83.0072656,
          25.3005423
        ]
      },
      "id": "node/2805194168"
    },
    {
      "type": "Feature",
      "properties": {
        "@id": "node/2876633626",
        "name": "Bithur",
        "name:en": "Bithoor",
        "name:hi": "बिठूर",
        "name:zh": "比托奥尔",
        "place": "town",
        "tourism": "attraction",
        "wikidata": "Q861837",
        "wikipedia": "hi:बिठूर"
      },
      "geometry": {
        "type": "Point",
        "coordinates": [
          80.2722286,
          26.6008094
        ]
      },
      "id": "node/2876633626"
    },
    {
      "type": "Feature",
      "properties": {
        "@id": "node/2882968783",
        "name": "janki ghat",
        "tourism": "attraction",
        "wheelchair": "no"
      },
      "geometry": {
        "type": "Point",
        "coordinates": [
          83.006778,
          25.2919529
        ]
      },
      "id": "node/2882968783"
    },
    {
      "type": "Feature",
      "properties": {
        "@id": "node/2882969072",
        "addr:city": "Varanasi",
        "name": "Shivala Ghat",
        "tourism": "attraction",
        "wheelchair": "no"
      },
      "geometry": {
        "type": "Point",
        "coordinates": [
          83.0071513,
          25.2964656
        ]
      },
      "id": "node/2882969072"
    },
    {
      "type": "Feature",
      "properties": {
        "@id": "node/2882969384",
        "addr:city": "Varanasi",
        "name": "Jain Ghat",
        "tourism": "attraction",
        "wheelchair": "no"
      },
      "geometry": {
        "type": "Point",
        "coordinates": [
          83.0070247,
          25.2930166
        ]
      },
      "id": "node/2882969384"
    },
    {
      "type": "Feature",
      "properties": {
        "@id": "node/2920357375",
        "name": "Padmini Hotel",
        "tourism": "hotel"
      },
      "geometry": {
        "type": "Point",
        "coordinates": [
          83.045676,
          24.2281041
        ]
      },
      "id": "node/2920357375"
    },
    {
      "type": "Feature",
      "properties": {
        "@id": "node/2920357378",
        "name": "Picnic Spot",
        "tourism": "picnic_site"
      },
      "geometry": {
        "type": "Point",
        "coordinates": [
          83.0057979,
          24.2259921
        ]
      },
      "id": "node/2920357378"
    },
    {
      "type": "Feature",
      "properties": {
        "@id": "node/3078050430",
        "name": "sapru hostel",
        "tourism": "hostel"
      },
      "geometry": {
        "type": "Point",
        "coordinates": [
          78.0009025,
          27.1875736
        ]
      },
      "id": "node/3078050430"
    },
    {
      "type": "Feature",
      "properties": {
        "@id": "node/3079634679",
        "name": "mathur vaishay hostel (boys hostel)",
        "tourism": "hostel"
      },
      "geometry": {
        "type": "Point",
        "coordinates": [
          77.9972672,
          27.1812902
        ]
      },
      "id": "node/3079634679"
    },
    {
      "type": "Feature",
      "properties": {
        "@id": "node/3079683133",
        "name": "splender hotel",
        "tourism": "hotel"
      },
      "geometry": {
        "type": "Point",
        "coordinates": [
          78.0092453,
          27.1740869
        ]
      },
      "id": "node/3079683133"
    },
    {
      "type": "Feature",
      "properties": {
        "@id": "node/3092005125",
        "name": "PALIBAL CHAURAHA",
        "tourism": "information"
      },
      "geometry": {
        "type": "Point",
        "coordinates": [
          78.5807445,
          27.1041883
        ]
      },
      "id": "node/3092005125"
    },
    {
      "type": "Feature",
      "properties": {
        "@id": "node/3092167479",
        "name": "LABHAUAA",
        "tourism": "information"
      },
      "geometry": {
        "type": "Point",
        "coordinates": [
          78.5706012,
          27.1271195
        ]
      },
      "id": "node/3092167479"
    },
    {
      "type": "Feature",
      "properties": {
        "@id": "node/3093577853",
        "name": "parashuram colony",
        "tourism": "information"
      },
      "geometry": {
        "type": "Point",
        "coordinates": [
          77.824014,
          26.9422195
        ]
      },
      "id": "node/3093577853"
    },
    {
      "type": "Feature",
      "properties": {
        "@id": "node/3093577986",
        "name": "saiyan road tiraha",
        "tourism": "information"
      },
      "geometry": {
        "type": "Point",
        "coordinates": [
          77.823548,
          26.9420461
        ]
      },
      "id": "node/3093577986"
    },
    {
      "type": "Feature",
      "properties": {
        "@id": "node/3093583250",
        "name": "dank bangla",
        "tourism": "information"
      },
      "geometry": {
        "type": "Point",
        "coordinates": [
          77.8212404,
          26.9438193
        ]
      },
      "id": "node/3093583250"
    },
    {
      "type": "Feature",
      "properties": {
        "@id": "node/3093583268",
        "name": "pani ki tanki",
        "tourism": "information"
      },
      "geometry": {
        "type": "Point",
        "coordinates": [
          77.8210267,
          26.944002
        ]
      },
      "id": "node/3093583268"
    },
    {
      "type": "Feature",
      "properties": {
        "@id": "node/3093663890",
        "name": "utigir chaoraha",
        "tourism": "information"
      },
      "geometry": {
        "type": "Point",
        "coordinates": [
          77.8156187,
          26.9442297
        ]
      },
      "id": "node/3093663890"
    },
    {
      "type": "Feature",
      "properties": {
        "@id": "node/3093665732",
        "name": "pathwari mandir",
        "tourism": "information"
      },
      "geometry": {
        "type": "Point",
        "coordinates": [
          77.8172011,
          26.944183
        ]
      },
      "id": "node/3093665732"
    },
    {
      "type": "Feature",
      "properties": {
        "@id": "node/3093675583",
        "name": "MANCH",
        "tourism": "information"
      },
      "geometry": {
        "type": "Point",
        "coordinates": [
          78.7352987,
          27.3299861
        ]
      },
      "id": "node/3093675583"
    },
    {
      "type": "Feature",
      "properties": {
        "@id": "node/3093854070",
        "name": "smt shanti devi sarswati shishu mandir",
        "tourism": "information"
      },
      "geometry": {
        "type": "Point",
        "coordinates": [
          77.8231189,
          26.9413675
        ]
      },
      "id": "node/3093854070"
    },
    {
      "type": "Feature",
      "properties": {
        "@id": "node/3093891513",
        "name": "village cheet",
        "tourism": "information"
      },
      "geometry": {
        "type": "Point",
        "coordinates": [
          77.8372827,
          26.9915745
        ]
      },
      "id": "node/3093891513"
    },
    {
      "type": "Feature",
      "properties": {
        "@id": "node/3093918780",
        "name": "panch dev mandir",
        "tourism": "information"
      },
      "geometry": {
        "type": "Point",
        "coordinates": [
          77.8241434,
          26.9425817
        ]
      },
      "id": "node/3093918780"
    },
    {
      "type": "Feature",
      "properties": {
        "@id": "node/3093921544",
        "name": "dauji mandir",
        "tourism": "information"
      },
      "geometry": {
        "type": "Point",
        "coordinates": [
          77.8242614,
          26.942204
        ]
      },
      "id": "node/3093921544"
    },
    {
      "type": "Feature",
      "properties": {
        "@id": "node/3102616859",
        "name": "JP hotel",
        "tourism": "hotel"
      },
      "geometry": {
        "type": "Point",
        "coordinates": [
          78.0041491,
          27.2101291
        ]
      },
      "id": "node/3102616859"
    },
    {
      "type": "Feature",
      "properties": {
        "@id": "node/3102629303",
        "name": "the kamta hotel",
        "tourism": "hotel"
      },
      "geometry": {
        "type": "Point",
        "coordinates": [
          78.0072791,
          27.2103421
        ]
      },
      "id": "node/3102629303"
    },
    {
      "type": "Feature",
      "properties": {
        "@id": "node/3103736029",
        "name": "lic office;thomson hostel",
        "office": "yes",
        "tourism": "hostel"
      },
      "geometry": {
        "type": "Point",
        "coordinates": [
          78.0010227,
          27.1884901
        ]
      },
      "id": "node/3103736029"
    },
    {
      "type": "Feature",
      "properties": {
        "@id": "node/3104171133",
        "name": "moti palace hotel",
        "tourism": "hotel"
      },
      "geometry": {
        "type": "Point",
        "coordinates": [
          78.0054876,
          27.1793172
        ]
      },
      "id": "node/3104171133"
    },
    {
      "type": "Feature",
      "properties": {
        "@id": "node/3104171136",
        "name": "Taj way hotel",
        "tourism": "hotel"
      },
      "geometry": {
        "type": "Point",
        "coordinates": [
          78.0045112,
          27.1798565
        ]
      },
      "id": "node/3104171136"
    },
    {
      "type": "Feature",
      "properties": {
        "@id": "node/3104178213",
        "name": "Sai president hotel",
        "tourism": "hotel"
      },
      "geometry": {
        "type": "Point",
        "coordinates": [
          78.0084326,
          27.1749197
        ]
      },
      "id": "node/3104178213"
    },
    {
      "type": "Feature",
      "properties": {
        "@id": "node/3104185675",
        "addr:city": "Agra",
        "name": "Pentas hotel",
        "tourism": "hotel"
      },
      "geometry": {
        "type": "Point",
        "coordinates": [
          78.0090452,
          27.1721075
        ]
      },
      "id": "node/3104185675"
    },
    {
      "type": "Feature",
      "properties": {
        "@id": "node/3104199535",
        "addr:city": "Agra",
        "name": "Sanjay hotel",
        "tourism": "hotel"
      },
      "geometry": {
        "type": "Point",
        "coordinates": [
          78.0072884,
          27.1689863
        ]
      },
      "id": "node/3104199535"
    },
    {
      "type": "Feature",
      "properties": {
        "@id": "node/3113274503",
        "name": "Hotel Sheela Inn",
        "tourism": "hotel"
      },
      "geometry": {
        "type": "Point",
        "coordinates": [
          78.051029,
          27.1675087
        ]
      },
      "id": "node/3113274503"
    },
    {
      "type": "Feature",
      "properties": {
        "@id": "node/3113274697",
        "name": "Hotel Taj Resorts",
        "tourism": "hotel"
      },
      "geometry": {
        "type": "Point",
        "coordinates": [
          78.0510533,
          27.1683242
        ]
      },
      "id": "node/3113274697"
    },
    {
      "type": "Feature",
      "properties": {
        "@id": "node/3113275081",
        "name": "Hotel tara Grand",
        "tourism": "hotel"
      },
      "geometry": {
        "type": "Point",
        "coordinates": [
          78.0511311,
          27.1682765
        ]
      },
      "id": "node/3113275081"
    },
    {
      "type": "Feature",
      "properties": {
        "@id": "node/3113307255",
        "name": "Hotel Taj Kema",
        "tourism": "hotel"
      },
      "geometry": {
        "type": "Point",
        "coordinates": [
          78.0462163,
          27.1712851
        ]
      },
      "id": "node/3113307255"
    },
    {
      "type": "Feature",
      "properties": {
        "@id": "node/3113320150",
        "name": "Hotel Atulyaa Taj",
        "tourism": "hotel"
      },
      "geometry": {
        "type": "Point",
        "coordinates": [
          78.0507154,
          27.1684804
        ]
      },
      "id": "node/3113320150"
    },
    {
      "type": "Feature",
      "properties": {
        "@id": "node/3113408188",
        "name": "Hoel Rashmi",
        "tourism": "hotel"
      },
      "geometry": {
        "type": "Point",
        "coordinates": [
          78.0506456,
          27.1681266
        ]
      },
      "id": "node/3113408188"
    },
    {
      "type": "Feature",
      "properties": {
        "@id": "node/3160523165",
        "name": "Hotel Varuna",
        "tourism": "hotel"
      },
      "geometry": {
        "type": "Point",
        "coordinates": [
          82.9916772,
          25.318406
        ]
      },
      "id": "node/3160523165"
    },
    {
      "type": "Feature",
      "properties": {
        "@id": "node/3212642610",
        "name": "Bateshwar",
        "place": "village",
        "tourism": "attraction"
      },
      "geometry": {
        "type": "Point",
        "coordinates": [
          78.5435748,
          26.9353164
        ]
      },
      "id": "node/3212642610"
    },
    {
      "type": "Feature",
      "properties": {
        "@id": "node/3225695193",
        "addr:city": "Vanarasi",
        "addr:housenumber": "B. 3/97",
        "addr:postcode": "221001",
        "addr:street": "Shivala",
        "name": "OM Home Guest House",
        "source": "GPS",
        "tourism": "guest_house"
      },
      "geometry": {
        "type": "Point",
        "coordinates": [
          83.0060307,
          25.2944549
        ]
      },
      "id": "node/3225695193"
    },
    {
      "type": "Feature",
      "properties": {
        "@id": "node/3225702248",
        "addr:city": "Vanarasi",
        "addr:postcode": "221001",
        "name": "M.K.P. Guest House",
        "source": "GPS",
        "tourism": "guest_house"
      },
      "geometry": {
        "type": "Point",
        "coordinates": [
          83.0050678,
          25.2937007
        ]
      },
      "id": "node/3225702248"
    },
    {
      "type": "Feature",
      "properties": {
        "@id": "node/3225702249",
        "addr:city": "Varanasi",
        "addr:postcode": "221001",
        "name": "Sameer Paying Guest House",
        "source": "GPS",
        "tourism": "guest_house"
      },
      "geometry": {
        "type": "Point",
        "coordinates": [
          83.0057625,
          25.2949302
        ]
      },
      "id": "node/3225702249"
    },
    {
      "type": "Feature",
      "properties": {
        "@id": "node/3225717257",
        "addr:city": "Varanasi",
        "addr:postcode": "221001",
        "name": "Shree Rangam Paying Guest House",
        "source": "GPS",
        "tourism": "guest_house"
      },
      "geometry": {
        "type": "Point",
        "coordinates": [
          83.0053816,
          25.2873444
        ]
      },
      "id": "node/3225717257"
    },
    {
      "type": "Feature",
      "properties": {
        "@id": "node/3225730030",
        "addr:city": "Varanasi",
        "addr:postcode": "221001",
        "name": "Siyaram Guest House",
        "tourism": "guest_house"
      },
      "geometry": {
        "type": "Point",
        "coordinates": [
          83.0051858,
          25.2858189
        ]
      },
      "id": "node/3225730030"
    },
    {
      "type": "Feature",
      "properties": {
        "@id": "node/3225732159",
        "addr:city": "Varanasi",
        "addr:postcode": "221001",
        "name": "OM Guest House",
        "source": "GPS",
        "tourism": "guest_house"
      },
      "geometry": {
        "type": "Point",
        "coordinates": [
          83.0053575,
          25.2859402
        ]
      },
      "id": "node/3225732159"
    },
    {
      "type": "Feature",
      "properties": {
        "@id": "node/3225733708",
        "addr:city": "Varanasi",
        "addr:postcode": "221001",
        "name": "Kesher Paying Guest House",
        "source": "GPS",
        "tourism": "guest_house"
      },
      "geometry": {
        "type": "Point",
        "coordinates": [
          83.005328,
          25.2850695
        ]
      },
      "id": "node/3225733708"
    },
    {
      "type": "Feature",
      "properties": {
        "@id": "node/3225738129",
        "addr:city": "Varanasi",
        "addr:postcode": "221001",
        "name": "Ishan Paying Guest House",
        "source": "GPS",
        "tourism": "guest_house"
      },
      "geometry": {
        "type": "Point",
        "coordinates": [
          83.005556,
          25.2850768
        ]
      },
      "id": "node/3225738129"
    },
    {
      "type": "Feature",
      "properties": {
        "@id": "node/3225740934",
        "addr:city": "Varanasi",
        "addr:postcode": "221001",
        "name": "Kedar Paying Guest House",
        "source": "GPS",
        "tourism": "guest_house"
      },
      "geometry": {
        "type": "Point",
        "coordinates": [
          83.0048184,
          25.2845166
        ]
      },
      "id": "node/3225740934"
    },
    {
      "type": "Feature",
      "properties": {
        "@id": "node/3225755186",
        "addr:city": "Varanasi",
        "addr:postcode": "221001",
        "internet_access": "wlan",
        "name": "Lord Vishnu Guest House",
        "source": "GPS",
        "tourism": "guest_house"
      },
      "geometry": {
        "type": "Point",
        "coordinates": [
          83.0079002,
          25.3035387
        ]
      },
      "id": "node/3225755186"
    },
    {
      "type": "Feature",
      "properties": {
        "@id": "node/3225755601",
        "addr:city": "Varanasi",
        "addr:postcode": "221001",
        "internet_access": "wlan",
        "name": "Leela Guest House",
        "source": "GPS",
        "tourism": "guest_house",
        "wheelchair": "no"
      },
      "geometry": {
        "type": "Point",
        "coordinates": [
          83.0075569,
          25.3021178
        ]
      },
      "id": "node/3225755601"
    },
    {
      "type": "Feature",
      "properties": {
        "@id": "node/3225757776",
        "addr:city": "Varanasi",
        "addr:postcode": "221001",
        "guest_house": "guest_house",
        "internet_access": "wlan",
        "internet_access:fee": "customers",
        "name": "Vishnu Rest House",
        "source": "GPS",
        "tourism": "guest_house"
      },
      "geometry": {
        "type": "Point",
        "coordinates": [
          83.0080048,
          25.3035363
        ]
      },
      "id": "node/3225757776"
    },
    {
      "type": "Feature",
      "properties": {
        "@id": "node/3225770948",
        "addr:city": "Varanasi",
        "addr:postcode": "221001",
        "internet_access": "wlan",
        "name": "Peace Home Paying Guest House",
        "source": "GPS",
        "tourism": "guest_house"
      },
      "geometry": {
        "type": "Point",
        "coordinates": [
          83.0086808,
          25.3054713
        ]
      },
      "id": "node/3225770948"
    },
    {
      "type": "Feature",
      "properties": {
        "@id": "node/3225772062",
        "addr:city": "Varanasi",
        "addr:postcode": "221001",
        "name": "Modern Vision Guest House",
        "source": "GPS",
        "tourism": "guest_house"
      },
      "geometry": {
        "type": "Point",
        "coordinates": [
          83.0078841,
          25.3045887
        ]
      },
      "id": "node/3225772062"
    },
    {
      "type": "Feature",
      "properties": {
        "@id": "node/3253795459",
        "name": "Pyrenees Home Stay",
        "tourism": "guest_house"
      },
      "geometry": {
        "type": "Point",
        "coordinates": [
          78.053023,
          27.1599101
        ]
      },
      "id": "node/3253795459"
    },
    {
      "type": "Feature",
      "properties": {
        "@id": "node/3271150896",
        "addr:city": "Agra",
        "name": "India tourism office",
        "tourism": "information"
      },
      "geometry": {
        "type": "Point",
        "coordinates": [
          78.0108476,
          27.1640024
        ]
      },
      "id": "node/3271150896"
    },
    {
      "type": "Feature",
      "properties": {
        "@id": "node/3271165493",
        "addr:city": "Agra",
        "name": "REST HOUSE",
        "tourism": "hotel"
      },
      "geometry": {
        "type": "Point",
        "coordinates": [
          78.0146375,
          27.1678826
        ]
      },
      "id": "node/3271165493"
    },
    {
      "type": "Feature",
      "properties": {
        "@id": "node/3305357103",
        "name": "Hotel ANR",
        "tourism": "hotel"
      },
      "geometry": {
        "type": "Point",
        "coordinates": [
          80.9214561,
          26.8371877
        ]
      },
      "id": "node/3305357103"
    },
    {
      "type": "Feature",
      "properties": {
        "@id": "node/3307223918",
        "fixme": "Looks like an ancient property related to the Kasmanda dynasty, but no details available online.",
        "tourism": "attraction"
      },
      "geometry": {
        "type": "Point",
        "coordinates": [
          80.8220138,
          27.3784334
        ]
      },
      "id": "node/3307223918"
    },
    {
      "type": "Feature",
      "properties": {
        "@id": "node/3354645858",
        "name": "Mukha",
        "tourism": "viewpoint"
      },
      "geometry": {
        "type": "Point",
        "coordinates": [
          82.7146597,
          24.7369343
        ]
      },
      "id": "node/3354645858"
    },
    {
      "type": "Feature",
      "properties": {
        "@id": "node/3413009024",
        "information": "map",
        "map_type": "scheme",
        "tourism": "information"
      },
      "geometry": {
        "type": "Point",
        "coordinates": [
          77.6771616,
          27.5725718
        ]
      },
      "id": "node/3413009024"
    },
    {
      "type": "Feature",
      "properties": {
        "@id": "node/3512397623",
        "addr:city": "Agra",
        "addr:postcode": "282001",
        "addr:street": "Taj East Gate Road, Shilpgram VIP Raod",
        "addr:street_1": "Near Hotel The Oberoi Amar Vilas",
        "name": "Hotel Taj Plaza",
        "operator": "Siddharth Nandan",
        "phone": "915622231010, 3294100",
        "smoking": "isolated",
        "tourism": "hotel",
        "website": "https://www.hoteltajplazaagra.com/"
      },
      "geometry": {
        "type": "Point",
        "coordinates": [
          78.0502138,
          27.1684817
        ]
      },
      "id": "node/3512397623"
    },
    {
      "type": "Feature",
      "properties": {
        "@id": "node/3670045570",
        "name": "R B International",
        "tourism": "hotel"
      },
      "geometry": {
        "type": "Point",
        "coordinates": [
          83.0018899,
          25.2986073
        ]
      },
      "id": "node/3670045570"
    },
    {
      "type": "Feature",
      "properties": {
        "@id": "node/3676200488",
        "addr:housenumber": "7",
        "addr:street": "Fatehabad Road",
        "email": "info@hotellighthouseagra.com",
        "name": "The Light House",
        "opening_hours": "24/7",
        "phone": "+918191846846",
        "tourism": "hotel"
      },
      "geometry": {
        "type": "Point",
        "coordinates": [
          78.0620577,
          27.1528004
        ]
      },
      "id": "node/3676200488"
    },
    {
      "type": "Feature",
      "properties": {
        "@id": "node/3687776676",
        "name": "Raja Aman Singh Kalinjar Fort Museum",
        "opening_hours": "10:00-17:00",
        "operator": "U.P. Govt",
        "tourism": "museum"
      },
      "geometry": {
        "type": "Point",
        "coordinates": [
          80.4847229,
          24.9964989
        ]
      },
      "id": "node/3687776676"
    },
    {
      "type": "Feature",
      "properties": {
        "@id": "node/3734153931",
        "artwork_type": "statue",
        "name": "Nana Rao Peshva Statue",
        "tourism": "artwork"
      },
      "geometry": {
        "type": "Point",
        "coordinates": [
          80.2698015,
          26.6114315
        ]
      },
      "id": "node/3734153931"
    },
    {
      "type": "Feature",
      "properties": {
        "@id": "node/3755358876",
        "name": "Amar Hotel",
        "tourism": "hotel"
      },
      "geometry": {
        "type": "Point",
        "coordinates": [
          78.0335616,
          27.1609539
        ]
      },
      "id": "node/3755358876"
    },
    {
      "type": "Feature",
      "properties": {
        "@id": "node/3762150142",
        "name": "Taj inn hotel",
        "tourism": "hotel"
      },
      "geometry": {
        "type": "Point",
        "coordinates": [
          78.0390367,
          27.1619624
        ]
      },
      "id": "node/3762150142"
    },
    {
      "type": "Feature",
      "properties": {
        "@id": "node/3762162948",
        "name": "Hotel fvimal Dhara",
        "tourism": "hotel"
      },
      "geometry": {
        "type": "Point",
        "coordinates": [
          78.0058215,
          27.1795589
        ]
      },
      "id": "node/3762162948"
    },
    {
      "type": "Feature",
      "properties": {
        "@id": "node/3769956817",
        "name": "King Park Hotel",
        "tourism": "hotel"
      },
      "geometry": {
        "type": "Point",
        "coordinates": [
          78.0106275,
          27.1943372
        ]
      },
      "id": "node/3769956817"
    },
    {
      "type": "Feature",
      "properties": {
        "@id": "node/3770157656",
        "name": "dayalbasi girls hostel",
        "tourism": "hostel"
      },
      "geometry": {
        "type": "Point",
        "coordinates": [
          78.0036136,
          27.2313779
        ]
      },
      "id": "node/3770157656"
    },
    {
      "type": "Feature",
      "properties": {
        "@id": "node/3785765185",
        "name": "Hotel Ashish Palace",
        "tourism": "hotel"
      },
      "geometry": {
        "type": "Point",
        "coordinates": [
          78.0364533,
          27.1621798
        ]
      },
      "id": "node/3785765185"
    },
    {
      "type": "Feature",
      "properties": {
        "@id": "node/3785780184",
        "name": "Amar Palace Hotel",
        "tourism": "hotel"
      },
      "geometry": {
        "type": "Point",
        "coordinates": [
          78.0349937,
          27.1613146
        ]
      },
      "id": "node/3785780184"
    },
    {
      "type": "Feature",
      "properties": {
        "@id": "node/3792315594",
        "name": "master hotel",
        "tourism": "hotel"
      },
      "geometry": {
        "type": "Point",
        "coordinates": [
          78.7986132,
          26.9798385
        ]
      },
      "id": "node/3792315594"
    },
    {
      "type": "Feature",
      "properties": {
        "@id": "node/3852607923",
        "addr:city": "Agra",
        "addr:housenumber": "rajeev nagar",
        "addr:postcode": "282001",
        "addr:street": "Taj East Gate Road",
        "name": "big brother hostel agra",
        "note": "big brother hostel is 30 meter inside the narrow street",
        "tourism": "hostel"
      },
      "geometry": {
        "type": "Point",
        "coordinates": [
          78.0506849,
          27.1677322
        ]
      },
      "id": "node/3852607923"
    },
    {
      "type": "Feature",
      "properties": {
        "@id": "node/3882946968",
        "addr:city": "Agra",
        "name": "mughal hotel",
        "tourism": "hotel"
      },
      "geometry": {
        "type": "Point",
        "coordinates": [
          78.0444991,
          27.1602348
        ]
      },
      "id": "node/3882946968"
    },
    {
      "type": "Feature",
      "properties": {
        "@id": "node/3893485491",
        "name": "Jahangir's Palace",
        "name:hi": "जहांगीरी महल",
        "name:ru": "Джахангири-Махал",
        "tourism": "attraction"
      },
      "geometry": {
        "type": "Point",
        "coordinates": [
          78.0231386,
          27.177765
        ]
      },
      "id": "node/3893485491"
    },
    {
      "type": "Feature",
      "properties": {
        "@id": "node/3893486742",
        "addr:housenumber": "4",
        "addr:postcode": "282001",
        "addr:street": "Amar Lok Colony",
        "alt_name": "The Coral Tree Boutique Homestay",
        "beds": "12",
        "guest_house": "bed_and_breakfast",
        "internet_access": "yes",
        "internet_access:fee": "no",
        "name": "The Coral Tree Boutique Homestay",
        "phone": "+91 98376 09088",
        "rooms": "6",
        "tourism": "guest_house",
        "website": "https://www.thecoraltreehomestay.com"
      },
      "geometry": {
        "type": "Point",
        "coordinates": [
          78.0512558,
          27.1667334
        ]
      },
      "id": "node/3893486742"
    },
    {
      "type": "Feature",
      "properties": {
        "@id": "node/3926829702",
        "name": "Central Hotel",
        "tourism": "hotel"
      },
      "geometry": {
        "type": "Point",
        "coordinates": [
          80.9249952,
          26.8490973
        ]
      },
      "id": "node/3926829702"
    },
    {
      "type": "Feature",
      "properties": {
        "@id": "node/3994649680",
        "internet_access": "wlan",
        "name": "Backpacker Panda Friends",
        "operator": "Backpacker Panda",
        "tourism": "hostel"
      },
      "geometry": {
        "type": "Point",
        "coordinates": [
          78.0534034,
          27.1634384
        ]
      },
      "id": "node/3994649680"
    },
    {
      "type": "Feature",
      "properties": {
        "@id": "node/4057913535",
        "addr:block_number": "GH-07A",
        "addr:city": "Greater Noida",
        "addr:country": "IN",
        "addr:district": "Gautam Buddha Nagar",
        "addr:postcode": "201308",
        "addr:state": "Uttar Pradesh",
        "addr:street": "Phi-II",
        "building": "apartments",
        "building:fireproof": "yes",
        "name": "Anandashray Society",
        "opening_hours": "Mo, We-Su 10:00-18:00",
        "phone": "99 90 406699",
        "tourism": "apartment"
      },
      "geometry": {
        "type": "Point",
        "coordinates": [
          77.5176845,
          28.4475837
        ]
      },
      "id": "node/4057913535"
    },
    {
      "type": "Feature",
      "properties": {
        "@id": "node/4072890068",
        "internet_access": "wlan",
        "name": "Sheela",
        "opening_hours": "24/7",
        "tourism": "hotel"
      },
      "geometry": {
        "type": "Point",
        "coordinates": [
          78.0447017,
          27.1712717
        ]
      },
      "id": "node/4072890068"
    },
    {
      "type": "Feature",
      "properties": {
        "@id": "node/4079445106",
        "name": "Singh guesthouse",
        "note": "advised place to stay",
        "tourism": "guest_house"
      },
      "geometry": {
        "type": "Point",
        "coordinates": [
          83.0057614,
          25.2926577
        ]
      },
      "id": "node/4079445106"
    },
    {
      "type": "Feature",
      "properties": {
        "@id": "node/4085056136",
        "name": "Radha Krishna Guest House",
        "tourism": "guest_house"
      },
      "geometry": {
        "type": "Point",
        "coordinates": [
          83.0104742,
          25.3091536
        ]
      },
      "id": "node/4085056136"
    },
    {
      "type": "Feature",
      "properties": {
        "@id": "node/4089783592",
        "email": "goodideatravel@hotmail.com",
        "name": "Marilyn Guesthouse",
        "phone": "+91 542 2275125",
        "tourism": "guest_house"
      },
      "geometry": {
        "type": "Point",
        "coordinates": [
          83.0048368,
          25.2943165
        ]
      },
      "id": "node/4089783592"
    },
    {
      "type": "Feature",
      "properties": {
        "@id": "node/4095821427",
        "name": "Sre Sai Palace",
        "tourism": "hotel"
      },
      "geometry": {
        "type": "Point",
        "coordinates": [
          79.1272343,
          25.2640217
        ]
      },
      "id": "node/4095821427"
    },
    {
      "type": "Feature",
      "properties": {
        "@id": "node/4102879289",
        "addr:city": "Lucknow",
        "addr:housenumber": "36",
        "addr:street": "Cantonment Road",
        "internet_access": "wlan",
        "name": "The Grand Radiant",
        "phone": "0522-2200008",
        "tourism": "hotel",
        "website": "https://www.thegrandradiant.com/"
      },
      "geometry": {
        "type": "Point",
        "coordinates": [
          80.9368118,
          26.8420248
        ]
      },
      "id": "node/4102879289"
    },
    {
      "type": "Feature",
      "properties": {
        "@id": "node/4120114289",
        "email": "agra@zostel.com",
        "internet_access": "wlan",
        "name": "Zostel Agra",
        "phone": "+91 94 14 289737",
        "tourism": "hostel"
      },
      "geometry": {
        "type": "Point",
        "coordinates": [
          78.0558587,
          27.1643508
        ]
      },
      "id": "node/4120114289"
    },
    {
      "type": "Feature",
      "properties": {
        "@id": "node/4123683689",
        "name": "Royal Garden Guest House",
        "tourism": "hotel"
      },
      "geometry": {
        "type": "Point",
        "coordinates": [
          78.2391477,
          27.2194491
        ]
      },
      "id": "node/4123683689"
    },
    {
      "type": "Feature",
      "properties": {
        "@id": "node/4139842689",
        "internet_access": "wlan",
        "name": "Kumiko",
        "tourism": "guest_house",
        "wheelchair": "limited"
      },
      "geometry": {
        "type": "Point",
        "coordinates": [
          83.0072307,
          25.3029201
        ]
      },
      "id": "node/4139842689"
    },
    {
      "type": "Feature",
      "properties": {
        "@id": "node/4139843189",
        "internet_access": "wlan",
        "name": "Kumiko",
        "tourism": "guest_house",
        "wheelchair": "limited"
      },
      "geometry": {
        "type": "Point",
        "coordinates": [
          83.0073426,
          25.302635
        ]
      },
      "id": "node/4139843189"
    },
    {
      "type": "Feature",
      "properties": {
        "@id": "node/4142242189",
        "name": "Sankatha guesthouse",
        "tourism": "guest_house"
      },
      "geometry": {
        "type": "Point",
        "coordinates": [
          83.0131171,
          25.3111153
        ]
      },
      "id": "node/4142242189"
    },
    {
      "type": "Feature",
      "properties": {
        "@id": "node/4145977689",
        "name": "CBI IT",
        "tourism": "artwork"
      },
      "geometry": {
        "type": "Point",
        "coordinates": [
          81.3035558,
          26.9797204
        ]
      },
      "id": "node/4145977689"
    },
    {
      "type": "Feature",
      "properties": {
        "@id": "node/4152488291",
        "name": "Arail Ghat",
        "tourism": "information"
      },
      "geometry": {
        "type": "Point",
        "coordinates": [
          81.8807527,
          25.4207802
        ]
      },
      "id": "node/4152488291"
    },
    {
      "type": "Feature",
      "properties": {
        "@id": "node/4152493289",
        "addr:street": "Mau Bajar Road",
        "name": "Hotel Moti Palace",
        "tourism": "hotel"
      },
      "geometry": {
        "type": "Point",
        "coordinates": [
          79.1398249,
          25.2555487
        ]
      },
      "id": "node/4152493289"
    },
    {
      "type": "Feature",
      "properties": {
        "@id": "node/4158916489",
        "addr:street": "Chitra Elite Road",
        "name": "Hotel Smart",
        "tourism": "hotel"
      },
      "geometry": {
        "type": "Point",
        "coordinates": [
          78.5549118,
          25.4517124
        ]
      },
      "id": "node/4158916489"
    },
    {
      "type": "Feature",
      "properties": {
        "@id": "node/4160459489",
        "name": "Kiran Center",
        "opening_hours": "Mo-Sa 09:00-16:00",
        "phone": "+91 542 267 0165",
        "tourism": "museum",
        "website": "https://kiranvillage.org/"
      },
      "geometry": {
        "type": "Point",
        "coordinates": [
          82.9570694,
          25.2163845
        ]
      },
      "id": "node/4160459489"
    },
    {
      "type": "Feature",
      "properties": {
        "@id": "node/4162234389",
        "addr:street": "new bairahana",
        "name": "sundaram guest house",
        "opening_hours": "24/7",
        "tourism": "guest_house"
      },
      "geometry": {
        "type": "Point",
        "coordinates": [
          81.8574766,
          25.4387665
        ]
      },
      "id": "node/4162234389"
    },
    {
      "type": "Feature",
      "properties": {
        "@id": "node/4162241389",
        "addr:street": "new bairhana",
        "name": "parinay guest house",
        "tourism": "guest_house"
      },
      "geometry": {
        "type": "Point",
        "coordinates": [
          81.8597057,
          25.4394682
        ]
      },
      "id": "node/4162241389"
    },
    {
      "type": "Feature",
      "properties": {
        "@id": "node/4162242289",
        "addr:street": "new bairhana",
        "name": "akansha garden",
        "tourism": "guest_house"
      },
      "geometry": {
        "type": "Point",
        "coordinates": [
          81.8595725,
          25.4394485
        ]
      },
      "id": "node/4162242289"
    },
    {
      "type": "Feature",
      "properties": {
        "@id": "node/4162242689",
        "addr:street": "new bairhana",
        "name": "akansha garden",
        "tourism": "guest_house"
      },
      "geometry": {
        "type": "Point",
        "coordinates": [
          81.8595402,
          25.4394481
        ]
      },
      "id": "node/4162242689"
    },
    {
      "type": "Feature",
      "properties": {
        "@id": "node/4166007591",
        "internet_access": "wlan",
        "name": "Blox Backpackers Hostel",
        "tourism": "hostel"
      },
      "geometry": {
        "type": "Point",
        "coordinates": [
          83.0041892,
          25.2882629
        ]
      },
      "id": "node/4166007591"
    },
    {
      "type": "Feature",
      "properties": {
        "@id": "node/4169560490",
        "name": "Jayanti Palace",
        "tourism": "hotel"
      },
      "geometry": {
        "type": "Point",
        "coordinates": [
          79.1437668,
          25.2439196
        ]
      },
      "id": "node/4169560490"
    },
    {
      "type": "Feature",
      "properties": {
        "@id": "node/4179478413",
        "name": "Hotel Arjun",
        "tourism": "hotel"
      },
      "geometry": {
        "type": "Point",
        "coordinates": [
          81.8323249,
          25.4433729
        ]
      },
      "id": "node/4179478413"
    },
    {
      "type": "Feature",
      "properties": {
        "@id": "node/4183961545",
        "internet_access": "wlan",
        "tourism": "guest_house"
      },
      "geometry": {
        "type": "Point",
        "coordinates": [
          83.9019031,
          26.7360716
        ]
      },
      "id": "node/4183961545"
    },
    {
      "type": "Feature",
      "properties": {
        "@id": "node/4198287095",
        "addr:street": "Abhay Khand II, Indirapuram ",
        "name": "Gaur Green Avenue ",
        "tourism": "guest_house"
      },
      "geometry": {
        "type": "Point",
        "coordinates": [
          77.3420597,
          28.6344371
        ]
      },
      "id": "node/4198287095"
    },
    {
      "type": "Feature",
      "properties": {
        "@id": "node/4209863864",
        "name": "Zostel",
        "tourism": "hostel"
      },
      "geometry": {
        "type": "Point",
        "coordinates": [
          82.9994395,
          25.3113603
        ]
      },
      "id": "node/4209863864"
    },
    {
      "type": "Feature",
      "properties": {
        "@id": "node/4209896875",
        "check_date": "2024-01-23",
        "email": "siddhartharora2009@gmail.com",
        "internet_access": "wlan",
        "internet_access:fee": "customers",
        "name": "Hotel Sidhartha",
        "opening_hours": "24/7",
        "phone": "+91 562 223 0901",
        "tourism": "hotel",
        "website": "https://www.hotelsidharthaagra.com/"
      },
      "geometry": {
        "type": "Point",
        "coordinates": [
          78.040645,
          27.1694194
        ]
      },
      "id": "node/4209896875"
    },
    {
      "type": "Feature",
      "properties": {
        "@id": "node/4226594898",
        "name": "Mezbaan Motel Restaurant",
        "opening_hours": "24/7",
        "tourism": "motel"
      },
      "geometry": {
        "type": "Point",
        "coordinates": [
          79.9377981,
          27.8536518
        ]
      },
      "id": "node/4226594898"
    },
    {
      "type": "Feature",
      "properties": {
        "@id": "node/4226631791",
        "name": "Mezbann Motel Restaurant",
        "opening_hours": "24/7",
        "tourism": "hotel"
      },
      "geometry": {
        "type": "Point",
        "coordinates": [
          79.9380856,
          27.8538903
        ]
      },
      "id": "node/4226631791"
    },
    {
      "type": "Feature",
      "properties": {
        "@id": "node/4231935792",
        "name": "Jhansi Hotel",
        "tourism": "hotel"
      },
      "geometry": {
        "type": "Point",
        "coordinates": [
          78.5753186,
          25.4404566
        ]
      },
      "id": "node/4231935792"
    },
    {
      "type": "Feature",
      "properties": {
        "@id": "node/4266346102",
        "addr:street": "Dr Zakir Husain Road",
        "name": "Goyal Galaxy Guesthouse",
        "phone": "8445304640",
        "tourism": "hotel"
      },
      "geometry": {
        "type": "Point",
        "coordinates": [
          78.5035669,
          29.3076382
        ]
      },
      "id": "node/4266346102"
    },
    {
      "type": "Feature",
      "properties": {
        "@id": "node/4269938552",
        "addr:housenumber": "354",
        "addr:street": "delta 1 e block 354",
        "internet_access": "wlan",
        "name": "Flat",
        "opening_hours": "24/7",
        "phone": "8826839277",
        "tourism": "guest_house"
      },
      "geometry": {
        "type": "Point",
        "coordinates": [
          77.5260675,
          28.4846068
        ]
      },
      "id": "node/4269938552"
    },
    {
      "type": "Feature",
      "properties": {
        "@id": "node/4283204390",
        "name": "Uttar Pradesh Tourism",
        "tourism": "information"
      },
      "geometry": {
        "type": "Point",
        "coordinates": [
          80.9458249,
          26.8472513
        ]
      },
      "id": "node/4283204390"
    },
    {
      "type": "Feature",
      "properties": {
        "@id": "node/4297663090",
        "email": "booking@hoteldaawatplaceagra.com",
        "internet_access": "wlan",
        "name": "Daawat",
        "phone": "05624062103",
        "tourism": "hotel",
        "website": "www.hoteldaawatplaceagra.com"
      },
      "geometry": {
        "type": "Point",
        "coordinates": [
          78.0375916,
          27.1665216
        ]
      },
      "id": "node/4297663090"
    },
    {
      "type": "Feature",
      "properties": {
        "@id": "node/4306071195",
        "charge": "150 INR for foreigners",
        "fee": "yes",
        "name": "Taj Nature Walk",
        "opening_hours": "Mo-Su 06:00-19:00",
        "tourism": "zoo",
        "wheelchair": "limited",
        "zoo": "wildlife_park"
      },
      "geometry": {
        "type": "Point",
        "coordinates": [
          78.0485763,
          27.1702958
        ]
      },
      "id": "node/4306071195"
    },
    {
      "type": "Feature",
      "properties": {
        "@id": "node/4313825654",
        "internet_access": "wlan",
        "name": "Ganga Love Hotel",
        "phone": "+917398054186",
        "tourism": "hotel",
        "website": "http://www.gangalovedeluxe.in"
      },
      "geometry": {
        "type": "Point",
        "coordinates": [
          83.00618,
          25.29429
        ]
      },
      "id": "node/4313825654"
    },
    {
      "type": "Feature",
      "properties": {
        "@id": "node/4326965493",
        "name": "Treebo White Inn",
        "tourism": "hotel"
      },
      "geometry": {
        "type": "Point",
        "coordinates": [
          78.054145,
          27.1646686
        ]
      },
      "id": "node/4326965493"
    },
    {
      "type": "Feature",
      "properties": {
        "@id": "node/4346042693",
        "addr:street": "D. 32/125 Devnathpura",
        "email": "karanyadav1988@gmail.com",
        "internet_access": "wlan",
        "name": "Yaduvanshi Guest House",
        "opening_hours": "24/7",
        "phone": "09389230166",
        "tourism": "guest_house"
      },
      "geometry": {
        "type": "Point",
        "coordinates": [
          83.0076352,
          25.3050165
        ]
      },
      "id": "node/4346042693"
    },
    {
      "type": "Feature",
      "properties": {
        "@id": "node/4351058124",
        "name": "Crystal Sarovar Premiere Agra",
        "tourism": "hotel"
      },
      "geometry": {
        "type": "Point",
        "coordinates": [
          78.0513315,
          27.1574931
        ]
      },
      "id": "node/4351058124"
    },
    {
      "type": "Feature",
      "properties": {
        "@id": "node/4353682389",
        "name": "Rashmi Agra hotel",
        "tourism": "hotel"
      },
      "geometry": {
        "type": "Point",
        "coordinates": [
          78.050536,
          27.1683643
        ]
      },
      "id": "node/4353682389"
    },
    {
      "type": "Feature",
      "properties": {
        "@id": "node/4358812552",
        "name": "Hotel Harmony Inn",
        "tourism": "hotel"
      },
      "geometry": {
        "type": "Point",
        "coordinates": [
          77.7321263,
          28.9670084
        ]
      },
      "id": "node/4358812552"
    },
    {
      "type": "Feature",
      "properties": {
        "@id": "node/4360203189",
        "name": "Kalinjar Fort",
        "tourism": "attraction"
      },
      "geometry": {
        "type": "Point",
        "coordinates": [
          80.4832365,
          24.9990047
        ]
      },
      "id": "node/4360203189"
    },
    {
      "type": "Feature",
      "properties": {
        "@id": "node/4376877694",
        "name": "yamuna bridge",
        "tourism": "attraction"
      },
      "geometry": {
        "type": "Point",
        "coordinates": [
          80.6056989,
          25.7106881
        ]
      },
      "id": "node/4376877694"
    },
    {
      "type": "Feature",
      "properties": {
        "@id": "node/4376877695",
        "name": "yamuna ghat",
        "tourism": "viewpoint"
      },
      "geometry": {
        "type": "Point",
        "coordinates": [
          80.5700725,
          25.7144474
        ]
      },
      "id": "node/4376877695"
    },
    {
      "type": "Feature",
      "properties": {
        "@id": "node/4395275116",
        "addr:city": "AGRA",
        "addr:housenumber": "min MIG 36",
        "addr:postcode": "282001",
        "addr:street": "Shilpgram Road",
        "internet_access": "yes",
        "internet_access:fee": "no",
        "name": "Namastey Hostel",
        "operator": "namastey",
        "rooms": "15",
        "smoking": "yes",
        "tourism": "hostel"
      },
      "geometry": {
        "type": "Point",
        "coordinates": [
          78.0535362,
          27.1637831
        ]
      },
      "id": "node/4395275116"
    },
    {
      "type": "Feature",
      "properties": {
        "@id": "node/4407513006",
        "addr:housenumber": "7017639033",
        "addr:postcode": "244901",
        "addr:street": "utter persish",
        "name:en": "KHAN BULLDING",
        "tourism": "guest_house"
      },
      "geometry": {
        "type": "Point",
        "coordinates": [
          79.0209011,
          28.7976675
        ]
      },
      "id": "node/4407513006"
    },
    {
      "type": "Feature",
      "properties": {
        "@id": "node/4430094389",
        "name": "ताज महल संग्रहालय",
        "name:en": "Taj Mahal Museum",
        "name:zh": "泰姬陵",
        "opening_hours": "Mo-Su 00:00-00:00",
        "phone": "0562-6543823",
        "tourism": "museum"
      },
      "geometry": {
        "type": "Point",
        "coordinates": [
          78.0406323,
          27.1731379
        ]
      },
      "id": "node/4430094389"
    },
    {
      "type": "Feature",
      "properties": {
        "@id": "node/4432076289",
        "addr:street": "m.p.building",
        "name": "golghar",
        "name:hi": "golghar",
        "tourism": "hotel"
      },
      "geometry": {
        "type": "Point",
        "coordinates": [
          83.3756325,
          26.7538332
        ]
      },
      "id": "node/4432076289"
    },
    {
      "type": "Feature",
      "properties": {
        "@id": "node/4437041190",
        "name:en": "Indo-Nepal",
        "tourism": "hotel"
      },
      "geometry": {
        "type": "Point",
        "coordinates": [
          83.4669778,
          27.4727049
        ]
      },
      "id": "node/4437041190"
    },
    {
      "type": "Feature",
      "properties": {
        "@id": "node/4437311890",
        "internet_access": "wlan",
        "name:en": "SuperBlox",
        "tourism": "hostel"
      },
      "geometry": {
        "type": "Point",
        "coordinates": [
          83.0042024,
          25.2869402
        ]
      },
      "id": "node/4437311890"
    },
    {
      "type": "Feature",
      "properties": {
        "@id": "node/4443353492",
        "name:en": "Hotel Shyam Palace",
        "tourism": "hotel"
      },
      "geometry": {
        "type": "Point",
        "coordinates": [
          78.0402239,
          27.168818
        ]
      },
      "id": "node/4443353492"
    },
    {
      "type": "Feature",
      "properties": {
        "@id": "node/4444168090",
        "name:en": "karehda",
        "tourism": "artwork"
      },
      "geometry": {
        "type": "Point",
        "coordinates": [
          77.3831735,
          28.6829864
        ]
      },
      "id": "node/4444168090"
    },
    {
      "type": "Feature",
      "properties": {
        "@id": "node/4444174789",
        "name:en": "karehda",
        "tourism": "artwork"
      },
      "geometry": {
        "type": "Point",
        "coordinates": [
          77.3826078,
          28.6898135
        ]
      },
      "id": "node/4444174789"
    },
    {
      "type": "Feature",
      "properties": {
        "@id": "node/4446636094",
        "name:en": "Salone Ghat Mokaam",
        "tourism": "viewpoint"
      },
      "geometry": {
        "type": "Point",
        "coordinates": [
          82.5393066,
          26.6250845
        ]
      },
      "id": "node/4446636094"
    },
    {
      "type": "Feature",
      "properties": {
        "@id": "node/4464626990",
        "addr:street": "110-D, Mall Ave, Avas Vikas Colony, The Mall Avenue, Lucknow, Uttar Pradesh 226001, India",
        "internet_access": "wlan",
        "name:en": "Lucknow Homestay",
        "phone": "+915222235460",
        "tourism": "hostel",
        "website": "https://lucknowhomestay.wordpress.com/"
      },
      "geometry": {
        "type": "Point",
        "coordinates": [
          80.9500145,
          26.8319807
        ]
      },
      "id": "node/4464626990"
    },
    {
      "type": "Feature",
      "properties": {
        "@id": "node/4481000992",
        "name:en": "Hotel Kamal",
        "tourism": "hotel"
      },
      "geometry": {
        "type": "Point",
        "coordinates": [
          78.0424911,
          27.1691467
        ]
      },
      "id": "node/4481000992"
    },
    {
      "type": "Feature",
      "properties": {
        "@id": "node/4481035890",
        "name:en": "shanti lodge",
        "tourism": "guest_house"
      },
      "geometry": {
        "type": "Point",
        "coordinates": [
          78.0429333,
          27.168997
        ]
      },
      "id": "node/4481035890"
    },
    {
      "type": "Feature",
      "properties": {
        "@id": "node/4481339789",
        "name:en": "Hotel Amit",
        "tourism": "hotel"
      },
      "geometry": {
        "type": "Point",
        "coordinates": [
          83.382557,
          26.758259
        ]
      },
      "id": "node/4481339789"
    },
    {
      "type": "Feature",
      "properties": {
        "@id": "node/4497814289",
        "name:en": "Hotel Taj Sapphire",
        "tourism": "hotel"
      },
      "geometry": {
        "type": "Point",
        "coordinates": [
          78.0481516,
          27.1577181
        ]
      },
      "id": "node/4497814289"
    },
    {
      "type": "Feature",
      "properties": {
        "@id": "node/4503526574",
        "name": "Banaras Paying Guest House",
        "tourism": "hostel"
      },
      "geometry": {
        "type": "Point",
        "coordinates": [
          83.0049099,
          25.2888509
        ]
      },
      "id": "node/4503526574"
    },
    {
      "type": "Feature",
      "properties": {
        "@id": "node/4510780376",
        "tourism": "artwork"
      },
      "geometry": {
        "type": "Point",
        "coordinates": [
          79.8342476,
          27.8239806
        ]
      },
      "id": "node/4510780376"
    },
    {
      "type": "Feature",
      "properties": {
        "@id": "node/4510780377",
        "tourism": "artwork"
      },
      "geometry": {
        "type": "Point",
        "coordinates": [
          79.8324285,
          27.8254204
        ]
      },
      "id": "node/4510780377"
    },
    {
      "type": "Feature",
      "properties": {
        "@id": "node/4510780457",
        "tourism": "artwork"
      },
      "geometry": {
        "type": "Point",
        "coordinates": [
          79.8325083,
          27.8232697
        ]
      },
      "id": "node/4510780457"
    },
    {
      "type": "Feature",
      "properties": {
        "@id": "node/4511047729",
        "tourism": "artwork"
      },
      "geometry": {
        "type": "Point",
        "coordinates": [
          79.9256708,
          27.9076
        ]
      },
      "id": "node/4511047729"
    },
    {
      "type": "Feature",
      "properties": {
        "@id": "node/4511047951",
        "tourism": "artwork"
      },
      "geometry": {
        "type": "Point",
        "coordinates": [
          79.9216395,
          27.9045647
        ]
      },
      "id": "node/4511047951"
    },
    {
      "type": "Feature",
      "properties": {
        "@id": "node/4511376540",
        "tourism": "artwork"
      },
      "geometry": {
        "type": "Point",
        "coordinates": [
          79.6288387,
          27.3690447
        ]
      },
      "id": "node/4511376540"
    },
    {
      "type": "Feature",
      "properties": {
        "@id": "node/4517944529",
        "tourism": "attraction"
      },
      "geometry": {
        "type": "Point",
        "coordinates": [
          79.2468761,
          26.4967613
        ]
      },
      "id": "node/4517944529"
    },
    {
      "type": "Feature",
      "properties": {
        "@id": "node/4524138725",
        "tourism": "attraction"
      },
      "geometry": {
        "type": "Point",
        "coordinates": [
          78.1843831,
          27.2321731
        ]
      },
      "id": "node/4524138725"
    },
    {
      "type": "Feature",
      "properties": {
        "@id": "node/4524138732",
        "tourism": "attraction"
      },
      "geometry": {
        "type": "Point",
        "coordinates": [
          78.1852494,
          27.2339231
        ]
      },
      "id": "node/4524138732"
    },
    {
      "type": "Feature",
      "properties": {
        "@id": "node/4524297828",
        "name": "Fort Sasni",
        "tourism": "attraction"
      },
      "geometry": {
        "type": "Point",
        "coordinates": [
          78.0933479,
          27.7041174
        ]
      },
      "id": "node/4524297828"
    },
    {
      "type": "Feature",
      "properties": {
        "@id": "node/4539334690",
        "internet_access": "wlan",
        "name": "Sai palace",
        "name:en": "Sai palace",
        "tourism": "hotel"
      },
      "geometry": {
        "type": "Point",
        "coordinates": [
          78.0431531,
          27.1686711
        ]
      },
      "id": "node/4539334690"
    },
    {
      "type": "Feature",
      "properties": {
        "@id": "node/4544607497",
        "name:en": "Office",
        "tourism": "artwork"
      },
      "geometry": {
        "type": "Point",
        "coordinates": [
          77.3802706,
          28.665614
        ]
      },
      "id": "node/4544607497"
    },
    {
      "type": "Feature",
      "properties": {
        "@id": "node/4546288590",
        "name": "Shivakashi Guest House",
        "name:en": "Shivakashi Guest House",
        "tourism": "guest_house"
      },
      "geometry": {
        "type": "Point",
        "coordinates": [
          83.0083389,
          25.3045866
        ]
      },
      "id": "node/4546288590"
    },
    {
      "type": "Feature",
      "properties": {
        "@id": "node/4562769190",
        "addr:housenumber": "B30/107 G6",
        "addr:postcode": "221005",
        "addr:street": "prabhat nagar, Nagwa",
        "email": "purplelotusvaranasi@gmail.com",
        "internet_access": "wlan",
        "name": "Purple Lotus Home Stay",
        "name:it": "Purple Lotus Home Stay",
        "opening_hours": "24/7",
        "phone": "+ 91 91614 39000",
        "tourism": "guest_house"
      },
      "geometry": {
        "type": "Point",
        "coordinates": [
          83.0054471,
          25.2816312
        ]
      },
      "id": "node/4562769190"
    },
    {
      "type": "Feature",
      "properties": {
        "@id": "node/4568153289",
        "name:en": "Hotel Vardhman",
        "tourism": "hotel"
      },
      "geometry": {
        "type": "Point",
        "coordinates": [
          78.554801,
          25.4521604
        ]
      },
      "id": "node/4568153289"
    },
    {
      "type": "Feature",
      "properties": {
        "@id": "node/4569750689",
        "tourism": "artwork"
      },
      "geometry": {
        "type": "Point",
        "coordinates": [
          83.5307896,
          25.6405975
        ]
      },
      "id": "node/4569750689"
    },
    {
      "type": "Feature",
      "properties": {
        "@id": "node/4572824294",
        "addr:street": "Danganj dhabha",
        "tourism": "hotel"
      },
      "geometry": {
        "type": "Point",
        "coordinates": [
          83.0029969,
          25.5503176
        ]
      },
      "id": "node/4572824294"
    },
    {
      "type": "Feature",
      "properties": {
        "@id": "node/4577205018",
        "addr:housenumber": "154",
        "addr:postcode": "123",
        "addr:street": "bus stop colonelganj ",
        "email": "dir.hcitcomputer@rediffmail.com",
        "name": "Maa patesawri sweet hous",
        "opening_hours": "24/7",
        "phone": "9415452400",
        "tourism": "hotel"
      },
      "geometry": {
        "type": "Point",
        "coordinates": [
          81.701531,
          27.130085
        ]
      },
      "id": "node/4577205018"
    },
    {
      "type": "Feature",
      "properties": {
        "@id": "node/4583513989",
        "name:en": "Bundelkhand guests house",
        "tourism": "guest_house"
      },
      "geometry": {
        "type": "Point",
        "coordinates": [
          78.4622765,
          25.4601625
        ]
      },
      "id": "node/4583513989"
    },
    {
      "type": "Feature",
      "properties": {
        "@id": "node/4583590693",
        "name:en": "Bhavya marriage hall",
        "tourism": "guest_house"
      },
      "geometry": {
        "type": "Point",
        "coordinates": [
          78.5046318,
          25.4573979
        ]
      },
      "id": "node/4583590693"
    },
    {
      "type": "Feature",
      "properties": {
        "@id": "node/4583590694",
        "name:en": "Rangoli banquet",
        "tourism": "guest_house"
      },
      "geometry": {
        "type": "Point",
        "coordinates": [
          78.5334595,
          25.4562942
        ]
      },
      "id": "node/4583590694"
    },
    {
      "type": "Feature",
      "properties": {
        "@id": "node/4585135889",
        "name:en": "Retiring room",
        "tourism": "guest_house"
      },
      "geometry": {
        "type": "Point",
        "coordinates": [
          78.5534158,
          25.4430452
        ]
      },
      "id": "node/4585135889"
    },
    {
      "type": "Feature",
      "properties": {
        "@id": "node/4591850293",
        "name:en": "Seeta Hotel  and Restaurants",
        "tourism": "hotel"
      },
      "geometry": {
        "type": "Point",
        "coordinates": [
          78.5624774,
          25.450019
        ]
      },
      "id": "node/4591850293"
    },
    {
      "type": "Feature",
      "properties": {
        "@id": "node/4597088698",
        "addr:housenumber": "B3/95 Shivala",
        "name": "Panchkote Raj Ganges",
        "name:en": "Panchkote Raj Ganges",
        "name:es": "Panchkote Raj Ganges",
        "name:hi": "Panchkote Raj Ganges",
        "phone": "+91 9565846559",
        "tourism": "hotel",
        "website": "https://www.panchkoterajganges.com/"
      },
      "geometry": {
        "type": "Point",
        "coordinates": [
          83.0067582,
          25.2941604
        ]
      },
      "id": "node/4597088698"
    },
    {
      "type": "Feature",
      "properties": {
        "@id": "node/4599922231",
        "name": "Hotel Buddha Int.",
        "tourism": "hotel"
      },
      "geometry": {
        "type": "Point",
        "coordinates": [
          83.0263902,
          25.3762087
        ]
      },
      "id": "node/4599922231"
    },
    {
      "type": "Feature",
      "properties": {
        "@id": "node/4599930330",
        "name": "Hyatt Place",
        "tourism": "hotel"
      },
      "geometry": {
        "type": "Point",
        "coordinates": [
          83.0261981,
          25.370048
        ]
      },
      "id": "node/4599930330"
    },
    {
      "type": "Feature",
      "properties": {
        "@id": "node/4599930335",
        "name": "Lotus Int.",
        "tourism": "hotel"
      },
      "geometry": {
        "type": "Point",
        "coordinates": [
          83.0238446,
          25.3688449
        ]
      },
      "id": "node/4599930335"
    },
    {
      "type": "Feature",
      "properties": {
        "@id": "node/4603004089",
        "addr:housenumber": "544",
        "addr:postcode": "245101",
        "addr:street": "Galand",
        "name:en": "my home",
        "tourism": "guest_house"
      },
      "geometry": {
        "type": "Point",
        "coordinates": [
          77.5891195,
          28.6832045
        ]
      },
      "id": "node/4603004089"
    },
    {
      "type": "Feature",
      "properties": {
        "@id": "node/4608980489",
        "name:fr": "Dadou Badohi",
        "tourism": "guest_house"
      },
      "geometry": {
        "type": "Point",
        "coordinates": [
          82.6504708,
          25.35944
        ]
      },
      "id": "node/4608980489"
    },
    {
      "type": "Feature",
      "properties": {
        "@id": "node/4611886458",
        "name": "Grapevine",
        "tourism": "hotel"
      },
      "geometry": {
        "type": "Point",
        "coordinates": [
          83.0361447,
          25.296751
        ]
      },
      "id": "node/4611886458"
    },
    {
      "type": "Feature",
      "properties": {
        "@id": "node/4615799810",
        "name": "Roadhouse Hostel",
        "name:en": "Roadhouse Hostel",
        "name:hi": "Roadhouse Hostel",
        "tourism": "hostel"
      },
      "geometry": {
        "type": "Point",
        "coordinates": [
          83.0037117,
          25.2892698
        ]
      },
      "id": "node/4615799810"
    },
    {
      "type": "Feature",
      "properties": {
        "@id": "node/4625574392",
        "name": "Circuit House Jhansi",
        "tourism": "guest_house"
      },
      "geometry": {
        "type": "Point",
        "coordinates": [
          78.5615555,
          25.4518489
        ]
      },
      "id": "node/4625574392"
    },
    {
      "type": "Feature",
      "properties": {
        "@id": "node/4625576249",
        "name": "Rahi Veerangna Hotel",
        "tourism": "hotel"
      },
      "geometry": {
        "type": "Point",
        "coordinates": [
          78.5595476,
          25.4508212
        ]
      },
      "id": "node/4625576249"
    },
    {
      "type": "Feature",
      "properties": {
        "@id": "node/4636541991",
        "addr:housenumber": "B 7/12",
        "addr:postcode": "221001",
        "addr:street": "Sonapura Road",
        "internet_access": "wlan",
        "name": "Shanti palace",
        "name:en": "hotel Shanti palace&Roof hill restaurant",
        "opening_hours": "24/7",
        "phone": "05422450579",
        "tourism": "hotel"
      },
      "geometry": {
        "type": "Point",
        "coordinates": [
          83.0063504,
          25.3003114
        ]
      },
      "id": "node/4636541991"
    },
    {
      "type": "Feature",
      "properties": {
        "@id": "node/4644566241",
        "name": "Gokul Guest House",
        "tourism": "guest_house"
      },
      "geometry": {
        "type": "Point",
        "coordinates": [
          79.1383065,
          25.2463346
        ]
      },
      "id": "node/4644566241"
    },
    {
      "type": "Feature",
      "properties": {
        "@id": "node/4646803590",
        "tourism": "hotel"
      },
      "geometry": {
        "type": "Point",
        "coordinates": [
          78.0509611,
          27.168211
        ]
      },
      "id": "node/4646803590"
    },
    {
      "type": "Feature",
      "properties": {
        "@id": "node/4656104540",
        "addr:city": "Mirzapur",
        "name": "Ojhala Bridge",
        "tourism": "attraction"
      },
      "geometry": {
        "type": "Point",
        "coordinates": [
          82.5278024,
          25.1520807
        ]
      },
      "id": "node/4656104540"
    },
    {
      "type": "Feature",
      "properties": {
        "@id": "node/4656293634",
        "name": "Sandeep Int.",
        "tourism": "hotel"
      },
      "geometry": {
        "type": "Point",
        "coordinates": [
          82.5025196,
          25.1560298
        ]
      },
      "id": "node/4656293634"
    },
    {
      "type": "Feature",
      "properties": {
        "@id": "node/4656293750",
        "addr:city": "Mirzapur",
        "addr:postcode": "231001",
        "name": "मिर्ज़ापुर घंटाघर (भारतीय मानक समय)",
        "name:en": "Mirzapur Clock Tower (Indian Standard Time - GMT +5:30)",
        "tourism": "attraction"
      },
      "geometry": {
        "type": "Point",
        "coordinates": [
          82.5701015,
          25.1501642
        ]
      },
      "id": "node/4656293750"
    },
    {
      "type": "Feature",
      "properties": {
        "@id": "node/4656365314",
        "tourism": "hotel"
      },
      "geometry": {
        "type": "Point",
        "coordinates": [
          82.5453557,
          25.1498072
        ]
      },
      "id": "node/4656365314"
    },
    {
      "type": "Feature",
      "properties": {
        "@id": "node/4658774654",
        "name": "Beautiful Painting",
        "tourism": "artwork"
      },
      "geometry": {
        "type": "Point",
        "coordinates": [
          77.3460503,
          28.5358179
        ]
      },
      "id": "node/4658774654"
    },
    {
      "type": "Feature",
      "properties": {
        "@id": "node/4662644990",
        "internet_access": "wlan",
        "name": "Akbar Hotel",
        "tourism": "hotel"
      },
      "geometry": {
        "type": "Point",
        "coordinates": [
          78.0184537,
          27.1711181
        ]
      },
      "id": "node/4662644990"
    },
    {
      "type": "Feature",
      "properties": {
        "@id": "node/4666543290",
        "name": "Central hotel",
        "name:hi": "Central hotel",
        "tourism": "hotel"
      },
      "geometry": {
        "type": "Point",
        "coordinates": [
          78.5540339,
          25.4517701
        ]
      },
      "id": "node/4666543290"
    },
    {
      "type": "Feature",
      "properties": {
        "@id": "node/4681015990",
        "addr:street": "Jaipurwa",
        "internet_access": "wlan",
        "name": "होटल शिवाय पैलेस",
        "name:en": "Hotel Shivay Palace",
        "name:hi": "होटल शिवाय पैलेस",
        "phone": "+9155542288999",
        "tourism": "hotel"
      },
      "geometry": {
        "type": "Point",
        "coordinates": [
          82.748091,
          26.799438
        ]
      },
      "id": "node/4681015990"
    },
    {
      "type": "Feature",
      "properties": {
        "@id": "node/4688711890",
        "name:en": "Home",
        "tourism": "artwork"
      },
      "geometry": {
        "type": "Point",
        "coordinates": [
          80.9414067,
          26.7565833
        ]
      },
      "id": "node/4688711890"
    },
    {
      "type": "Feature",
      "properties": {
        "@id": "node/4691005089",
        "addr:housenumber": "736",
        "addr:postcode": "274001",
        "addr:street": "kasa bypass",
        "name:en": "Sanjay Bhawan",
        "opening_hours": "24/7",
        "phone": "9792708991",
        "tourism": "guest_house"
      },
      "geometry": {
        "type": "Point",
        "coordinates": [
          83.7831947,
          26.5123275
        ]
      },
      "id": "node/4691005089"
    },
    {
      "type": "Feature",
      "properties": {
        "@id": "node/4692093790",
        "name": "वर्ल्ड्स ओफ वण्डर",
        "name:en": "Worlds of Wonder",
        "tourism": "attraction"
      },
      "geometry": {
        "type": "Point",
        "coordinates": [
          77.3236256,
          28.5642774
        ]
      },
      "id": "node/4692093790"
    },
    {
      "type": "Feature",
      "properties": {
        "@id": "node/4692171390",
        "addr:housenumber": "097",
        "addr:street": "Buddha Marg",
        "internet_access": "wlan",
        "name:en": "Kushinagar",
        "opening_hours": "24/7",
        "operator": "Anupam pathak",
        "tourism": "guest_house"
      },
      "geometry": {
        "type": "Point",
        "coordinates": [
          83.4927461,
          25.8676741
        ]
      },
      "id": "node/4692171390"
    },
    {
      "type": "Feature",
      "properties": {
        "@id": "node/4692171391",
        "addr:city": "Kushinagar",
        "addr:housenumber": "155/k",
        "addr:postcode": "274403",
        "addr:street": "Buddha Marg",
        "email": "mailmeanupam66@gmail.com",
        "name": "Chandralok Guest House",
        "name:en": "Chandralok Guest House",
        "name:hi": "कुशीनगर",
        "opening_hours": "24/7",
        "operator": "C.B.Pathak",
        "phone": "+918853690690",
        "tourism": "guest_house"
      },
      "geometry": {
        "type": "Point",
        "coordinates": [
          83.8898859,
          26.7436361
        ]
      },
      "id": "node/4692171391"
    },
    {
      "type": "Feature",
      "properties": {
        "@id": "node/4693197395",
        "internet_access": "wlan",
        "name": "So nice home",
        "tourism": "guest_house"
      },
      "geometry": {
        "type": "Point",
        "coordinates": [
          83.0135783,
          25.3128157
        ]
      },
      "id": "node/4693197395"
    },
    {
      "type": "Feature",
      "properties": {
        "@id": "node/4697672190",
        "internet_access": "wlan",
        "name": "Holy city",
        "name:hi": "Holy city",
        "tourism": "guest_house"
      },
      "geometry": {
        "type": "Point",
        "coordinates": [
          83.0066444,
          25.2850203
        ]
      },
      "id": "node/4697672190"
    },
    {
      "type": "Feature",
      "properties": {
        "@id": "node/4704721719",
        "name": "Hostale",
        "name:hi": "Hostale",
        "tourism": "hostel"
      },
      "geometry": {
        "type": "Point",
        "coordinates": [
          83.0039498,
          25.2875233
        ]
      },
      "id": "node/4704721719"
    },
    {
      "type": "Feature",
      "properties": {
        "@id": "node/4706221340",
        "name": "BU Guest House",
        "tourism": "guest_house"
      },
      "geometry": {
        "type": "Point",
        "coordinates": [
          78.6096463,
          25.4554263
        ]
      },
      "id": "node/4706221340"
    },
    {
      "type": "Feature",
      "properties": {
        "@id": "node/4706258201",
        "name": "Rani Jhansi Museum",
        "name:etymology:wikidata": "Q181878",
        "tourism": "museum"
      },
      "geometry": {
        "type": "Point",
        "coordinates": [
          78.5730517,
          25.4536146
        ]
      },
      "id": "node/4706258201"
    },
    {
      "type": "Feature",
      "properties": {
        "@id": "node/4706315990",
        "name": "M. A. S. JOB. WORKS.",
        "name:en": "M.A.S.JOB. WORKS.",
        "name:hi": "M. A. S. JOB. WORKS.",
        "tourism": "artwork"
      },
      "geometry": {
        "type": "Point",
        "coordinates": [
          77.4101563,
          28.5404124
        ]
      },
      "id": "node/4706315990"
    },
    {
      "type": "Feature",
      "properties": {
        "@id": "node/4717783421",
        "name": "Radhika Mandapam",
        "tourism": "guest_house"
      },
      "geometry": {
        "type": "Point",
        "coordinates": [
          78.5624129,
          25.4614416
        ]
      },
      "id": "node/4717783421"
    },
    {
      "type": "Feature",
      "properties": {
        "@id": "node/4717786754",
        "name": "Mehandi Garden",
        "tourism": "guest_house"
      },
      "geometry": {
        "type": "Point",
        "coordinates": [
          78.5648179,
          25.4604431
        ]
      },
      "id": "node/4717786754"
    },
    {
      "type": "Feature",
      "properties": {
        "@id": "node/4718043839",
        "name": "Hotel Jaiswal tower",
        "tourism": "hotel"
      },
      "geometry": {
        "type": "Point",
        "coordinates": [
          79.4647579,
          26.0010455
        ]
      },
      "id": "node/4718043839"
    },
    {
      "type": "Feature",
      "properties": {
        "@id": "node/4718368851",
        "name": "Radhika Garden",
        "tourism": "guest_house"
      },
      "geometry": {
        "type": "Point",
        "coordinates": [
          79.4580375,
          25.9965995
        ]
      },
      "id": "node/4718368851"
    },
    {
      "type": "Feature",
      "properties": {
        "@id": "node/4721395289",
        "internet_access": "wlan",
        "name:en": "Holy City Paying Guesthouse",
        "tourism": "guest_house"
      },
      "geometry": {
        "type": "Point",
        "coordinates": [
          83.0069621,
          25.2848357
        ]
      },
      "id": "node/4721395289"
    },
    {
      "type": "Feature",
      "properties": {
        "@id": "node/4725668891",
        "fee": "yes",
        "tourism": "viewpoint"
      },
      "geometry": {
        "type": "Point",
        "coordinates": [
          78.0420576,
          27.1783061
        ]
      },
      "id": "node/4725668891"
    },
    {
      "type": "Feature",
      "properties": {
        "@id": "node/4727511676",
        "name": "kanha inn",
        "tourism": "hotel"
      },
      "geometry": {
        "type": "Point",
        "coordinates": [
          80.9193821,
          26.8423254
        ]
      },
      "id": "node/4727511676"
    },
    {
      "type": "Feature",
      "properties": {
        "@id": "node/4731492121",
        "addr:housenumber": "142A",
        "addr:postcode": "226010",
        "addr:street": "Khargapur Gomtinagar",
        "email": "dharmpalsingh1160@gmail.com",
        "name": "Sai Sadan 142A Kaushalpuri Colony",
        "name:en": "Hindi",
        "name:hi": "Sai Sadan 142A Kaushalpuri Colony",
        "phone": "7607805441",
        "tourism": "attraction"
      },
      "geometry": {
        "type": "Point",
        "coordinates": [
          81.0221519,
          26.8429071
        ]
      },
      "id": "node/4731492121"
    },
    {
      "type": "Feature",
      "properties": {
        "@id": "node/4733302722",
        "name": "sheetal agency",
        "name:en": "Sheetal Regency Hotel",
        "tourism": "hotel"
      },
      "geometry": {
        "type": "Point",
        "coordinates": [
          77.6716409,
          27.5090071
        ]
      },
      "id": "node/4733302722"
    },
    {
      "type": "Feature",
      "properties": {
        "@id": "node/4739445922",
        "name:en": "Sunrise Hotel",
        "tourism": "hotel"
      },
      "geometry": {
        "type": "Point",
        "coordinates": [
          83.3805827,
          26.7587642
        ]
      },
      "id": "node/4739445922"
    },
    {
      "type": "Feature",
      "properties": {
        "@id": "node/4739446121",
        "name:en": "Use other one",
        "tourism": "attraction"
      },
      "geometry": {
        "type": "Point",
        "coordinates": [
          77.6898364,
          27.5671282
        ]
      },
      "id": "node/4739446121"
    },
    {
      "type": "Feature",
      "properties": {
        "@id": "node/4740893524",
        "addr:housenumber": "106",
        "addr:street": "Banki Bihari Bazar",
        "name:en": "Hotel Shri Krishna Dham",
        "tourism": "hotel"
      },
      "geometry": {
        "type": "Point",
        "coordinates": [
          77.670327,
          27.5677492
        ]
      },
      "id": "node/4740893524"
    },
    {
      "type": "Feature",
      "properties": {
        "@id": "node/4740893525",
        "name:en": "Doesn't Exist --->",
        "tourism": "attraction"
      },
      "geometry": {
        "type": "Point",
        "coordinates": [
          77.6896318,
          27.5673672
        ]
      },
      "id": "node/4740893525"
    },
    {
      "type": "Feature",
      "properties": {
        "@id": "node/4740900222",
        "name:en": "Vardan Hotel",
        "tourism": "hotel"
      },
      "geometry": {
        "type": "Point",
        "coordinates": [
          83.3802317,
          26.7588153
        ]
      },
      "id": "node/4740900222"
    },
    {
      "type": "Feature",
      "properties": {
        "@id": "node/4742507452",
        "amenity": "restaurant",
        "diet:vegan": "yes",
        "diet:vegetarian": "yes",
        "name": "Nepali",
        "tourism": "hotel"
      },
      "geometry": {
        "type": "Point",
        "coordinates": [
          83.0096147,
          25.3083577
        ]
      },
      "id": "node/4742507452"
    },
    {
      "type": "Feature",
      "properties": {
        "@id": "node/4743570389",
        "artwork_type": "statue",
        "name": "Statue of Maharaja Suhel Dev Rajbhar",
        "tourism": "artwork"
      },
      "geometry": {
        "type": "Point",
        "coordinates": [
          83.0252559,
          25.371897
        ]
      },
      "id": "node/4743570389"
    },
    {
      "type": "Feature",
      "properties": {
        "@id": "node/4743628994",
        "name": "Jains Paying Guest House",
        "tourism": "guest_house"
      },
      "geometry": {
        "type": "Point",
        "coordinates": [
          83.0277841,
          25.380822
        ]
      },
      "id": "node/4743628994"
    },
    {
      "type": "Feature",
      "properties": {
        "@id": "node/4744578222",
        "tourism": "attraction"
      },
      "geometry": {
        "type": "Point",
        "coordinates": [
          78.1273653,
          27.1224465
        ]
      },
      "id": "node/4744578222"
    },
    {
      "type": "Feature",
      "properties": {
        "@id": "node/4744628122",
        "name:en": "Kasi Labh Mukti Bhawan",
        "tourism": "hostel"
      },
      "geometry": {
        "type": "Point",
        "coordinates": [
          83.0054374,
          25.3096176
        ]
      },
      "id": "node/4744628122"
    },
    {
      "type": "Feature",
      "properties": {
        "@id": "node/4744658424",
        "internet_access": "wlan",
        "name:en": "Mumukshu Bhawan",
        "tourism": "hostel"
      },
      "geometry": {
        "type": "Point",
        "coordinates": [
          83.0025964,
          25.2859687
        ]
      },
      "id": "node/4744658424"
    },
    {
      "type": "Feature",
      "properties": {
        "@id": "node/4750120725",
        "addr:housenumber": "p-1st/82",
        "addr:postcode": "247122",
        "addr:street": "badshahi bagh",
        "name": "Ghar apna",
        "name:en": "My house",
        "name:hi": "Ghar apna",
        "tourism": "guest_house"
      },
      "geometry": {
        "type": "Point",
        "coordinates": [
          77.6171542,
          30.2494355
        ]
      },
      "id": "node/4750120725"
    },
    {
      "type": "Feature",
      "properties": {
        "@id": "node/4762873671",
        "tourism": "guest_house"
      },
      "geometry": {
        "type": "Point",
        "coordinates": [
          80.8706991,
          25.1886659
        ]
      },
      "id": "node/4762873671"
    },
    {
      "type": "Feature",
      "properties": {
        "@id": "node/4762873672",
        "tourism": "guest_house"
      },
      "geometry": {
        "type": "Point",
        "coordinates": [
          80.8708788,
          25.1874523
        ]
      },
      "id": "node/4762873672"
    },
    {
      "type": "Feature",
      "properties": {
        "@id": "node/4763561021",
        "name": "Hotel Temple on Ganges #bor",
        "name:hi": "Hotel Temple on Ganges #bor",
        "tourism": "hotel"
      },
      "geometry": {
        "type": "Point",
        "coordinates": [
          82.9989624,
          25.2946472
        ]
      },
      "id": "node/4763561021"
    },
    {
      "type": "Feature",
      "properties": {
        "@id": "node/4764981555",
        "name": "Lodge",
        "tourism": "guest_house"
      },
      "geometry": {
        "type": "Point",
        "coordinates": [
          80.1440082,
          27.3987033
        ]
      },
      "id": "node/4764981555"
    },
    {
      "type": "Feature",
      "properties": {
        "@id": "node/4772536321",
        "tourism": "attraction"
      },
      "geometry": {
        "type": "Point",
        "coordinates": [
          80.7976627,
          26.7426522
        ]
      },
      "id": "node/4772536321"
    },
    {
      "type": "Feature",
      "properties": {
        "@id": "node/4773995988",
        "addr:street": "shivala",
        "name": "Hostelavie",
        "name:hi": "Hostelavie",
        "tourism": "hostel"
      },
      "geometry": {
        "type": "Point",
        "coordinates": [
          83.0060726,
          25.2944892
        ]
      },
      "id": "node/4773995988"
    },
    {
      "type": "Feature",
      "properties": {
        "@id": "node/4784760392",
        "information": "office",
        "name": "Bitthal mod",
        "tourism": "information"
      },
      "geometry": {
        "type": "Point",
        "coordinates": [
          83.7598131,
          25.6255886
        ]
      },
      "id": "node/4784760392"
    },
    {
      "type": "Feature",
      "properties": {
        "@id": "node/4794635153",
        "name": "Gulmohar Residency",
        "tourism": "apartment"
      },
      "geometry": {
        "type": "Point",
        "coordinates": [
          77.3833244,
          28.6441588
        ]
      },
      "id": "node/4794635153"
    },
    {
      "type": "Feature",
      "properties": {
        "@id": "node/4799168427",
        "addr:housenumber": "150 rupees",
        "internet_access": "no",
        "name:en": "Rajasthan Paying Guest House",
        "tourism": "guest_house"
      },
      "geometry": {
        "type": "Point",
        "coordinates": [
          83.0080184,
          25.3052849
        ]
      },
      "id": "node/4799168427"
    },
    {
      "type": "Feature",
      "properties": {
        "@id": "node/4800977423",
        "name:en": "Hotel Walia Residence",
        "tourism": "hotel"
      },
      "geometry": {
        "type": "Point",
        "coordinates": [
          78.3402843,
          29.5995962
        ]
      },
      "id": "node/4800977423"
    },
    {
      "type": "Feature",
      "properties": {
        "@id": "node/4800977424",
        "name:en": "Hotel Inderlok",
        "tourism": "hotel"
      },
      "geometry": {
        "type": "Point",
        "coordinates": [
          78.3296601,
          29.6234757
        ]
      },
      "id": "node/4800977424"
    },
    {
      "type": "Feature",
      "properties": {
        "@id": "node/4826196022",
        "name:en": "Dhariyapur",
        "tourism": "viewpoint"
      },
      "geometry": {
        "type": "Point",
        "coordinates": [
          83.2347033,
          25.329355
        ]
      },
      "id": "node/4826196022"
    },
    {
      "type": "Feature",
      "properties": {
        "@id": "node/4836412580",
        "addr:city": "Agra",
        "addr:housenumber": "B/H - 1&2",
        "addr:postcode": "282001",
        "addr:street": "Taj Nagri Phase II",
        "brand": "DoubleTree",
        "brand:wikidata": "Q2504643",
        "brand:wikipedia": "en: DoubleTree",
        "contact:facebook": "https://www.facebook.com/DoubleTreebyHiltonAgra",
        "contact:instagram": "https://www.instagram.com/doubletreebyhiltonagra/",
        "email": "doubletreeagra_info@hilton.com",
        "fax": "+91-562-7105001",
        "internet_access": "wlan",
        "internet_access:fee": "yes",
        "name": "DoubleTree by Hilton Hotel Agra",
        "official_name": "DoubleTree by Hilton",
        "operator": "Hilton",
        "phone": "+91-562-7102323",
        "rooms": "104",
        "smoking": "yes",
        "stars": "5",
        "tourism": "hotel",
        "website": "https://www.hilton.com/en/hotels/agrdtdi-doubletree-agra/",
        "wheelchair": "yes"
      },
      "geometry": {
        "type": "Point",
        "coordinates": [
          78.0508426,
          27.1515883
        ]
      },
      "id": "node/4836412580"
    },
    {
      "type": "Feature",
      "properties": {
        "@id": "node/4843729104",
        "addr:city": "Obra",
        "tourism": "viewpoint"
      },
      "geometry": {
        "type": "Point",
        "coordinates": [
          82.9831469,
          24.461967
        ]
      },
      "id": "node/4843729104"
    },
    {
      "type": "Feature",
      "properties": {
        "@id": "node/4845492051",
        "name": "Veer Loriks Stone",
        "tourism": "attraction"
      },
      "geometry": {
        "type": "Point",
        "coordinates": [
          83.0470077,
          24.6212228
        ]
      },
      "id": "node/4845492051"
    },
    {
      "type": "Feature",
      "properties": {
        "@id": "node/4849970206",
        "animal": "elephants",
        "contact:email": "visit@wildlifesos.org",
        "name": "Wildlife SOS",
        "nature": "yes",
        "phone": "+91-9917190666",
        "tourism": "attraction",
        "website": "https://wildlifesos.org/"
      },
      "geometry": {
        "type": "Point",
        "coordinates": [
          77.7937949,
          27.2998755
        ]
      },
      "id": "node/4849970206"
    },
    {
      "type": "Feature",
      "properties": {
        "@id": "node/4869847221",
        "name:fr": "Sita guest house",
        "tourism": "hotel"
      },
      "geometry": {
        "type": "Point",
        "coordinates": [
          83.0088712,
          25.3045029
        ]
      },
      "id": "node/4869847221"
    },
    {
      "type": "Feature",
      "properties": {
        "@id": "node/4922054796",
        "name": "KIT  Boys Hostel",
        "tourism": "hostel"
      },
      "geometry": {
        "type": "Point",
        "coordinates": [
          80.4252373,
          26.3688751
        ]
      },
      "id": "node/4922054796"
    },
    {
      "type": "Feature",
      "properties": {
        "@id": "node/4922058339",
        "tourism": "hostel"
      },
      "geometry": {
        "type": "Point",
        "coordinates": [
          80.4229495,
          26.3699802
        ]
      },
      "id": "node/4922058339"
    },
    {
      "type": "Feature",
      "properties": {
        "@id": "node/4936631425",
        "name:ko": "옴 레스트 게스트하우스",
        "tourism": "hostel"
      },
      "geometry": {
        "type": "Point",
        "coordinates": [
          83.0080547,
          25.3040654
        ]
      },
      "id": "node/4936631425"
    },
    {
      "type": "Feature",
      "properties": {
        "@id": "node/4937856226",
        "name": "Hotel City Palace",
        "tourism": "hotel"
      },
      "geometry": {
        "type": "Point",
        "coordinates": [
          81.9884505,
          25.9218215
        ]
      },
      "id": "node/4937856226"
    },
    {
      "type": "Feature",
      "properties": {
        "@id": "node/4937885872",
        "operator": "Jayanti Palace Marriage House -I",
        "tourism": "guest_house"
      },
      "geometry": {
        "type": "Point",
        "coordinates": [
          79.1437255,
          25.2435504
        ]
      },
      "id": "node/4937885872"
    },
    {
      "type": "Feature",
      "properties": {
        "@id": "node/4937885873",
        "name": "Jayanti Palace Marriage House -II",
        "tourism": "guest_house"
      },
      "geometry": {
        "type": "Point",
        "coordinates": [
          79.1434189,
          25.2438946
        ]
      },
      "id": "node/4937885873"
    },
    {
      "type": "Feature",
      "properties": {
        "@id": "node/4940917021",
        "name:en": "Moustache Hostel Correct Location",
        "tourism": "hostel"
      },
      "geometry": {
        "type": "Point",
        "coordinates": [
          78.0536511,
          27.163803
        ]
      },
      "id": "node/4940917021"
    },
    {
      "type": "Feature",
      "properties": {
        "@id": "node/4988573228",
        "name": "JEETENDRA KUMAR VISHWAKARMA",
        "name:hi": "VISHWAKARMA NIKETAN",
        "tourism": "viewpoint"
      },
      "geometry": {
        "type": "Point",
        "coordinates": [
          83.7698998,
          26.5244803
        ]
      },
      "id": "node/4988573228"
    },
    {
      "type": "Feature",
      "properties": {
        "@id": "node/4995962702",
        "addr:city": "Meerut",
        "addr:street": "Mall Road",
        "historic": "memorial",
        "name": "Captured Paki Tank",
        "tourism": "attraction"
      },
      "geometry": {
        "type": "Point",
        "coordinates": [
          77.7045818,
          29.0048529
        ]
      },
      "id": "node/4995962702"
    },
    {
      "type": "Feature",
      "properties": {
        "@id": "node/5048319122",
        "internet_access": "wlan",
        "name": "Brahmdev Guest House",
        "name:en": "Brahmdev Guest House",
        "tourism": "guest_house"
      },
      "geometry": {
        "type": "Point",
        "coordinates": [
          83.0083867,
          25.3044056
        ]
      },
      "id": "node/5048319122"
    },
    {
      "type": "Feature",
      "properties": {
        "@id": "node/5076512655",
        "addr:street": "Fatehabad Road",
        "name": "Hotel Seven Hills Tower",
        "phone": "+9105622237700",
        "tourism": "hotel",
        "website": "http://www.hotelsevenhillstower.in"
      },
      "geometry": {
        "type": "Point",
        "coordinates": [
          78.0380478,
          27.1612015
        ]
      },
      "id": "node/5076512655"
    },
    {
      "type": "Feature",
      "properties": {
        "@id": "node/5080908450",
        "name": "Supervisors Training Hostel",
        "tourism": "hostel"
      },
      "geometry": {
        "type": "Point",
        "coordinates": [
          78.5505332,
          25.4279229
        ]
      },
      "id": "node/5080908450"
    },
    {
      "type": "Feature",
      "properties": {
        "@id": "node/5082267552",
        "name:en": "Said Nagli",
        "tourism": "information"
      },
      "geometry": {
        "type": "Point",
        "coordinates": [
          78.395389,
          28.670632
        ]
      },
      "id": "node/5082267552"
    },
    {
      "type": "Feature",
      "properties": {
        "@id": "node/5129903022",
        "name:en": "hotel sakura",
        "name:ja": "hotel sakura",
        "tourism": "hotel"
      },
      "geometry": {
        "type": "Point",
        "coordinates": [
          77.9992134,
          27.1661994
        ]
      },
      "id": "node/5129903022"
    },
    {
      "type": "Feature",
      "properties": {
        "@id": "node/5141552825",
        "name": "ကုသိနာရံု ျမန္မာေက်ာင္း",
        "tourism": "hotel"
      },
      "geometry": {
        "type": "Point",
        "coordinates": [
          83.8905666,
          26.7408219
        ]
      },
      "id": "node/5141552825"
    },
    {
      "type": "Feature",
      "properties": {
        "@id": "node/5147934534",
        "name": "Gaurav guesthouse 1",
        "tourism": "guest_house"
      },
      "geometry": {
        "type": "Point",
        "coordinates": [
          77.6792721,
          27.4930712
        ]
      },
      "id": "node/5147934534"
    },
    {
      "type": "Feature",
      "properties": {
        "@id": "node/5151574821",
        "name": "Hôtel Sia Palace",
        "phone": "+919917603367",
        "tourism": "hotel"
      },
      "geometry": {
        "type": "Point",
        "coordinates": [
          78.0409048,
          27.1695257
        ]
      },
      "id": "node/5151574821"
    },
    {
      "type": "Feature",
      "properties": {
        "@id": "node/5162526421",
        "name:en": "mosque",
        "tourism": "attraction"
      },
      "geometry": {
        "type": "Point",
        "coordinates": [
          83.0381495,
          25.9074436
        ]
      },
      "id": "node/5162526421"
    },
    {
      "type": "Feature",
      "properties": {
        "@id": "node/5167528221",
        "addr:city": "Agra",
        "addr:housenumber": "29/2",
        "addr:postcode": "282004",
        "addr:street": "R K Puram Near Taj Nagri",
        "name": "Thomas home Stay",
        "tourism": "guest_house"
      },
      "geometry": {
        "type": "Point",
        "coordinates": [
          78.0525328,
          27.1601538
        ]
      },
      "id": "node/5167528221"
    },
    {
      "type": "Feature",
      "properties": {
        "@id": "node/5174452139",
        "name": "Hotspot Mobile store",
        "tourism": "artwork"
      },
      "geometry": {
        "type": "Point",
        "coordinates": [
          78.2619393,
          29.1378585
        ]
      },
      "id": "node/5174452139"
    },
    {
      "type": "Feature",
      "properties": {
        "@id": "node/5188307422",
        "name": "Marigold Guest House",
        "name:en": "Marigold Guest House",
        "tourism": "guest_house"
      },
      "geometry": {
        "type": "Point",
        "coordinates": [
          83.0088618,
          25.3052814
        ]
      },
      "id": "node/5188307422"
    },
    {
      "type": "Feature",
      "properties": {
        "@id": "node/5197728521",
        "internet_access": "wlan",
        "name:en": "Manas Continental",
        "tourism": "hotel"
      },
      "geometry": {
        "type": "Point",
        "coordinates": [
          83.3853664,
          26.7576502
        ]
      },
      "id": "node/5197728521"
    },
    {
      "type": "Feature",
      "properties": {
        "@id": "node/5218661137",
        "addr:city": "AGRA",
        "addr:district": "Agra",
        "addr:housenumber": "P-18, MIG Colony",
        "addr:postcode": "282001",
        "addr:street": "Shilpgram Road, Taj Nagri Phase 1",
        "email": "stay@amanhomestay.com",
        "internet_access": "yes",
        "internet_access:fee": "no",
        "internet_access:ssid": "Aman Homestay",
        "name": "Aman Homestay, A Boutique Hotel",
        "operator": "Aman Homestay",
        "phone": "+919536440915",
        "smoking": "outside",
        "tourism": "hotel",
        "website": "https://amanhomestay.com"
      },
      "geometry": {
        "type": "Point",
        "coordinates": [
          78.053897,
          27.1636378
        ]
      },
      "id": "node/5218661137"
    },
    {
      "type": "Feature",
      "properties": {
        "@id": "node/5219273022",
        "addr:housenumber": "5KH",
        "addr:postcode": "221105",
        "addr:street": "Bhatauli",
        "name": "लाल जी राम",
        "name:en": "Lal Ji Ram",
        "opening_hours": "24/7",
        "phone": "8115423245",
        "tourism": "apartment"
      },
      "geometry": {
        "type": "Point",
        "coordinates": [
          82.8846664,
          25.4009196
        ]
      },
      "id": "node/5219273022"
    },
    {
      "type": "Feature",
      "properties": {
        "@id": "node/5219273023",
        "addr:postcode": "221105",
        "addr:street": "Bhatauli",
        "name": "मंगलेश्वर महादेव",
        "name:en": "Manleshwar Mahadev",
        "tourism": "attraction"
      },
      "geometry": {
        "type": "Point",
        "coordinates": [
          82.8838978,
          25.4000147
        ]
      },
      "id": "node/5219273023"
    },
    {
      "type": "Feature",
      "properties": {
        "@id": "node/5224830122",
        "internet_access": "wlan",
        "name:en": "Hotel Shahjahan",
        "tourism": "hotel"
      },
      "geometry": {
        "type": "Point",
        "coordinates": [
          78.0417649,
          27.169003
        ]
      },
      "id": "node/5224830122"
    },
    {
      "type": "Feature",
      "properties": {
        "@id": "node/5224840121",
        "name:en": "Varanasi Villa",
        "tourism": "hotel"
      },
      "geometry": {
        "type": "Point",
        "coordinates": [
          82.9656562,
          25.3403183
        ]
      },
      "id": "node/5224840121"
    },
    {
      "type": "Feature",
      "properties": {
        "@id": "node/5229521422",
        "name:en": "Raj Hotel",
        "tourism": "hotel"
      },
      "geometry": {
        "type": "Point",
        "coordinates": [
          80.6862709,
          27.5608367
        ]
      },
      "id": "node/5229521422"
    },
    {
      "type": "Feature",
      "properties": {
        "@id": "node/5235901722",
        "tourism": "viewpoint"
      },
      "geometry": {
        "type": "Point",
        "coordinates": [
          77.6664232,
          27.0961548
        ]
      },
      "id": "node/5235901722"
    },
    {
      "type": "Feature",
      "properties": {
        "@id": "node/5235901723",
        "direction": "360",
        "name:en": "Elephant tomb view",
        "tourism": "viewpoint"
      },
      "geometry": {
        "type": "Point",
        "coordinates": [
          77.6621427,
          27.0954031
        ]
      },
      "id": "node/5235901723"
    },
    {
      "type": "Feature",
      "properties": {
        "@id": "node/5237312524",
        "name:en": "Jyoti paying guest house",
        "name:ko": "죠티페잉게스트하우스",
        "tourism": "guest_house"
      },
      "geometry": {
        "type": "Point",
        "coordinates": [
          83.0053686,
          25.2860664
        ]
      },
      "id": "node/5237312524"
    },
    {
      "type": "Feature",
      "properties": {
        "@id": "node/5251453522",
        "name:en": "Chilum afi",
        "tourism": "attraction"
      },
      "geometry": {
        "type": "Point",
        "coordinates": [
          80.8993193,
          25.3216415
        ]
      },
      "id": "node/5251453522"
    },
    {
      "type": "Feature",
      "properties": {
        "@id": "node/5265335655",
        "air_conditioning": "yes",
        "internet_access": "wlan",
        "internet_access:fee": "no",
        "name": "Bliss Hostel",
        "tourism": "hotel"
      },
      "geometry": {
        "type": "Point",
        "coordinates": [
          83.0064832,
          25.2850945
        ]
      },
      "id": "node/5265335655"
    },
    {
      "type": "Feature",
      "properties": {
        "@id": "node/5277737621",
        "name:en": "Dynasty Hotel",
        "tourism": "hotel"
      },
      "geometry": {
        "type": "Point",
        "coordinates": [
          83.0046956,
          25.2941957
        ]
      },
      "id": "node/5277737621"
    },
    {
      "type": "Feature",
      "properties": {
        "@id": "node/5298855221",
        "name": "Hare Rama",
        "name:en": "Hare Rama",
        "tourism": "guest_house"
      },
      "geometry": {
        "type": "Point",
        "coordinates": [
          83.0086606,
          25.3050255
        ]
      },
      "id": "node/5298855221"
    },
    {
      "type": "Feature",
      "properties": {
        "@id": "node/5301583622",
        "internet_access": "wlan",
        "name": "Sunview",
        "tourism": "guest_house"
      },
      "geometry": {
        "type": "Point",
        "coordinates": [
          83.0068822,
          25.2992716
        ]
      },
      "id": "node/5301583622"
    },
    {
      "type": "Feature",
      "properties": {
        "@id": "node/5302873823",
        "name:en": "Ganwaria",
        "tourism": "attraction"
      },
      "geometry": {
        "type": "Point",
        "coordinates": [
          83.1220337,
          27.4420249
        ]
      },
      "id": "node/5302873823"
    },
    {
      "type": "Feature",
      "properties": {
        "@id": "node/5302873824",
        "name:en": "Kapilavastu Museum",
        "tourism": "museum"
      },
      "geometry": {
        "type": "Point",
        "coordinates": [
          83.1286228,
          27.4393027
        ]
      },
      "id": "node/5302873824"
    },
    {
      "type": "Feature",
      "properties": {
        "@id": "node/5303198521",
        "internet_access": "wlan",
        "name": "Antulay guesthouse",
        "tourism": "guest_house"
      },
      "geometry": {
        "type": "Point",
        "coordinates": [
          83.0066677,
          25.2865681
        ]
      },
      "id": "node/5303198521"
    },
    {
      "type": "Feature",
      "properties": {
        "@id": "node/5304835358",
        "name": "Ambedkar Hostel",
        "tourism": "hostel"
      },
      "geometry": {
        "type": "Point",
        "coordinates": [
          83.4407938,
          26.7282193
        ]
      },
      "id": "node/5304835358"
    },
    {
      "type": "Feature",
      "properties": {
        "@id": "node/5304835359",
        "name": "Ramanujan Hostel",
        "tourism": "hostel"
      },
      "geometry": {
        "type": "Point",
        "coordinates": [
          83.439929,
          26.7280813
        ]
      },
      "id": "node/5304835359"
    },
    {
      "type": "Feature",
      "properties": {
        "@id": "node/5304835360",
        "name": "Vishvesariya Hostel",
        "tourism": "hostel"
      },
      "geometry": {
        "type": "Point",
        "coordinates": [
          83.4392709,
          26.728841
        ]
      },
      "id": "node/5304835360"
    },
    {
      "type": "Feature",
      "properties": {
        "@id": "node/5304835361",
        "name": "Tagore Hostel",
        "tourism": "hostel"
      },
      "geometry": {
        "type": "Point",
        "coordinates": [
          83.4400692,
          26.7292696
        ]
      },
      "id": "node/5304835361"
    },
    {
      "type": "Feature",
      "properties": {
        "@id": "node/5304835362",
        "name": "Tilak Hostel",
        "tourism": "hostel"
      },
      "geometry": {
        "type": "Point",
        "coordinates": [
          83.4388385,
          26.7282278
        ]
      },
      "id": "node/5304835362"
    },
    {
      "type": "Feature",
      "properties": {
        "@id": "node/5304835363",
        "name": "Raman Bhawan",
        "tourism": "hostel"
      },
      "geometry": {
        "type": "Point",
        "coordinates": [
          83.4388955,
          26.730093
        ]
      },
      "id": "node/5304835363"
    },
    {
      "type": "Feature",
      "properties": {
        "@id": "node/5304835364",
        "name": "Subhash Bhawan",
        "tourism": "hostel"
      },
      "geometry": {
        "type": "Point",
        "coordinates": [
          83.4372499,
          26.7291603
        ]
      },
      "id": "node/5304835364"
    },
    {
      "type": "Feature",
      "properties": {
        "@id": "node/5304846174",
        "name": "Kasturba Girls Hostel",
        "tourism": "hostel"
      },
      "geometry": {
        "type": "Point",
        "coordinates": [
          83.4331839,
          26.7348729
        ]
      },
      "id": "node/5304846174"
    },
    {
      "type": "Feature",
      "properties": {
        "@id": "node/5309635522",
        "name:en": "Interpretation Centre",
        "tourism": "museum"
      },
      "geometry": {
        "type": "Point",
        "coordinates": [
          83.8887102,
          26.737802
        ]
      },
      "id": "node/5309635522"
    },
    {
      "type": "Feature",
      "properties": {
        "@id": "node/5310571923",
        "internet_access": "wlan",
        "tourism": "guest_house"
      },
      "geometry": {
        "type": "Point",
        "coordinates": [
          83.0065351,
          25.2868809
        ]
      },
      "id": "node/5310571923"
    },
    {
      "type": "Feature",
      "properties": {
        "@id": "node/5338661622",
        "name": "Safed Baradan",
        "tourism": "attraction"
      },
      "geometry": {
        "type": "Point",
        "coordinates": [
          80.9320508,
          26.852334
        ]
      },
      "id": "node/5338661622"
    },
    {
      "type": "Feature",
      "properties": {
        "@id": "node/5344425533",
        "tourism": "attraction"
      },
      "geometry": {
        "type": "Point",
        "coordinates": [
          77.5196185,
          28.4183548
        ]
      },
      "id": "node/5344425533"
    },
    {
      "type": "Feature",
      "properties": {
        "@id": "node/5344425534",
        "tourism": "attraction"
      },
      "geometry": {
        "type": "Point",
        "coordinates": [
          77.5195228,
          28.4183856
        ]
      },
      "id": "node/5344425534"
    },
    {
      "type": "Feature",
      "properties": {
        "@id": "node/5344425535",
        "tourism": "attraction"
      },
      "geometry": {
        "type": "Point",
        "coordinates": [
          77.5194493,
          28.4184668
        ]
      },
      "id": "node/5344425535"
    },
    {
      "type": "Feature",
      "properties": {
        "@id": "node/5344425536",
        "tourism": "attraction"
      },
      "geometry": {
        "type": "Point",
        "coordinates": [
          77.5194352,
          28.4185653
        ]
      },
      "id": "node/5344425536"
    },
    {
      "type": "Feature",
      "properties": {
        "@id": "node/5344425537",
        "tourism": "attraction"
      },
      "geometry": {
        "type": "Point",
        "coordinates": [
          77.5194726,
          28.4186557
        ]
      },
      "id": "node/5344425537"
    },
    {
      "type": "Feature",
      "properties": {
        "@id": "node/5344425538",
        "tourism": "attraction"
      },
      "geometry": {
        "type": "Point",
        "coordinates": [
          77.519552,
          28.4187214
        ]
      },
      "id": "node/5344425538"
    },
    {
      "type": "Feature",
      "properties": {
        "@id": "node/5344425539",
        "tourism": "attraction"
      },
      "geometry": {
        "type": "Point",
        "coordinates": [
          77.5197715,
          28.4186937
        ]
      },
      "id": "node/5344425539"
    },
    {
      "type": "Feature",
      "properties": {
        "@id": "node/5344425540",
        "tourism": "attraction"
      },
      "geometry": {
        "type": "Point",
        "coordinates": [
          77.5196641,
          28.4187296
        ]
      },
      "id": "node/5344425540"
    },
    {
      "type": "Feature",
      "properties": {
        "@id": "node/5344425541",
        "tourism": "attraction"
      },
      "geometry": {
        "type": "Point",
        "coordinates": [
          77.5198404,
          28.4186198
        ]
      },
      "id": "node/5344425541"
    },
    {
      "type": "Feature",
      "properties": {
        "@id": "node/5344425542",
        "tourism": "attraction"
      },
      "geometry": {
        "type": "Point",
        "coordinates": [
          77.5198579,
          28.4185263
        ]
      },
      "id": "node/5344425542"
    },
    {
      "type": "Feature",
      "properties": {
        "@id": "node/5344425543",
        "tourism": "attraction"
      },
      "geometry": {
        "type": "Point",
        "coordinates": [
          77.5198229,
          28.4184277
        ]
      },
      "id": "node/5344425543"
    },
    {
      "type": "Feature",
      "properties": {
        "@id": "node/5344425544",
        "tourism": "attraction"
      },
      "geometry": {
        "type": "Point",
        "coordinates": [
          77.5196372,
          28.4185438
        ]
      },
      "id": "node/5344425544"
    },
    {
      "type": "Feature",
      "properties": {
        "@id": "node/5363063225",
        "internet_access": "wlan",
        "name:de": "Tiwari Lodge",
        "name:en": "Tiwari Lodge",
        "tourism": "hostel"
      },
      "geometry": {
        "type": "Point",
        "coordinates": [
          83.0045095,
          25.2884767
        ]
      },
      "id": "node/5363063225"
    },
    {
      "type": "Feature",
      "properties": {
        "@id": "node/5367489821",
        "name:en": "Taj Mahal view point within nature walk",
        "tourism": "viewpoint"
      },
      "geometry": {
        "type": "Point",
        "coordinates": [
          78.047483,
          27.1726409
        ]
      },
      "id": "node/5367489821"
    },
    {
      "type": "Feature",
      "properties": {
        "@id": "node/5378537523",
        "name": "Clarks inn",
        "tourism": "guest_house"
      },
      "geometry": {
        "type": "Point",
        "coordinates": [
          77.3269583,
          28.6435715
        ]
      },
      "id": "node/5378537523"
    },
    {
      "type": "Feature",
      "properties": {
        "@id": "node/5380321121",
        "amenity": "marketplace",
        "name:en": "Vishwanath Market",
        "tourism": "attraction"
      },
      "geometry": {
        "type": "Point",
        "coordinates": [
          83.0095271,
          25.3098522
        ]
      },
      "id": "node/5380321121"
    },
    {
      "type": "Feature",
      "properties": {
        "@id": "node/5407453221",
        "check_date:internet_access": "2023-10-29",
        "email": "v.rudraguesthouse@gmail.com",
        "internet_access": "wlan",
        "name": "Rudra Guest House",
        "name:en": "Rudra Guest House",
        "operator": "Akiko Miyamoto",
        "phone": "919721000457",
        "tourism": "guest_house"
      },
      "geometry": {
        "type": "Point",
        "coordinates": [
          83.0087393,
          25.3066935
        ]
      },
      "id": "node/5407453221"
    },
    {
      "type": "Feature",
      "properties": {
        "@id": "node/5433165721",
        "name:en": "Lucky Guest House",
        "tourism": "guest_house"
      },
      "geometry": {
        "type": "Point",
        "coordinates": [
          78.0407721,
          27.1689759
        ]
      },
      "id": "node/5433165721"
    },
    {
      "type": "Feature",
      "properties": {
        "@id": "node/5441013521",
        "addr:street": "Shilpgram Road",
        "internet_access": "wlan",
        "name": "Namastey Hostel",
        "tourism": "hostel"
      },
      "geometry": {
        "type": "Point",
        "coordinates": [
          78.0535333,
          27.1638528
        ]
      },
      "id": "node/5441013521"
    },
    {
      "type": "Feature",
      "properties": {
        "@id": "node/5456193196",
        "name": "Homestay Varanasi",
        "tourism": "hotel"
      },
      "geometry": {
        "type": "Point",
        "coordinates": [
          82.9944133,
          25.3110792
        ]
      },
      "id": "node/5456193196"
    },
    {
      "type": "Feature",
      "properties": {
        "@id": "node/5464505021",
        "internet_access": "wlan",
        "name:en": "Hotel Royale",
        "tourism": "hotel"
      },
      "geometry": {
        "type": "Point",
        "coordinates": [
          78.0163356,
          27.171544
        ]
      },
      "id": "node/5464505021"
    },
    {
      "type": "Feature",
      "properties": {
        "@id": "node/5489908690",
        "internet_access": "no",
        "name": "Hotel Hindustan International",
        "tourism": "hotel"
      },
      "geometry": {
        "type": "Point",
        "coordinates": [
          82.9943199,
          25.3232446
        ]
      },
      "id": "node/5489908690"
    },
    {
      "type": "Feature",
      "properties": {
        "@id": "node/5496625024",
        "name": "Hotel Ranjan",
        "tourism": "hotel"
      },
      "geometry": {
        "type": "Point",
        "coordinates": [
          81.8759543,
          25.4492319
        ]
      },
      "id": "node/5496625024"
    },
    {
      "type": "Feature",
      "properties": {
        "@id": "node/5496692821",
        "tourism": "hotel"
      },
      "geometry": {
        "type": "Point",
        "coordinates": [
          81.8759972,
          25.4485825
        ]
      },
      "id": "node/5496692821"
    },
    {
      "type": "Feature",
      "properties": {
        "@id": "node/5501397722",
        "internet_access": "wlan",
        "tourism": "hostel"
      },
      "geometry": {
        "type": "Point",
        "coordinates": [
          83.0058067,
          25.3047167
        ]
      },
      "id": "node/5501397722"
    },
    {
      "type": "Feature",
      "properties": {
        "@id": "node/5508000721",
        "name": "עצירה מים איזה חום דלהי גהנום",
        "tourism": "apartment"
      },
      "geometry": {
        "type": "Point",
        "coordinates": [
          78.1954991,
          28.7921657
        ]
      },
      "id": "node/5508000721"
    },
    {
      "type": "Feature",
      "properties": {
        "@id": "node/5510955821",
        "internet_access": "wlan",
        "name": "Shiva Guest House",
        "name:en": "Shiva Guest House",
        "tourism": "guest_house"
      },
      "geometry": {
        "type": "Point",
        "coordinates": [
          83.0090194,
          25.30538
        ]
      },
      "id": "node/5510955821"
    },
    {
      "type": "Feature",
      "properties": {
        "@id": "node/5512975401",
        "name": "Heritage Inn",
        "tourism": "hotel"
      },
      "geometry": {
        "type": "Point",
        "coordinates": [
          77.3291104,
          28.6721908
        ]
      },
      "id": "node/5512975401"
    },
    {
      "type": "Feature",
      "properties": {
        "@id": "node/5531703357",
        "name": "Navratna Apartments",
        "tourism": "apartment",
        "wheelchair": "no"
      },
      "geometry": {
        "type": "Point",
        "coordinates": [
          77.327916,
          28.671883
        ]
      },
      "id": "node/5531703357"
    },
    {
      "type": "Feature",
      "properties": {
        "@id": "node/5534245416",
        "name": "Hotel Sunshine",
        "stars": "3",
        "tourism": "hotel",
        "wheelchair": "yes"
      },
      "geometry": {
        "type": "Point",
        "coordinates": [
          77.321242,
          28.663845
        ]
      },
      "id": "node/5534245416"
    },
    {
      "type": "Feature",
      "properties": {
        "@id": "node/5558995721",
        "name": "Shiva Inn",
        "tourism": "guest_house"
      },
      "geometry": {
        "type": "Point",
        "coordinates": [
          83.0110713,
          25.309968
        ]
      },
      "id": "node/5558995721"
    },
    {
      "type": "Feature",
      "properties": {
        "@id": "node/5594335823",
        "name:en": "Stellar MI Legacy",
        "tourism": "apartment"
      },
      "geometry": {
        "type": "Point",
        "coordinates": [
          77.5217189,
          28.5048105
        ]
      },
      "id": "node/5594335823"
    },
    {
      "type": "Feature",
      "properties": {
        "@id": "node/5600825221",
        "name": "near to gorakhpur",
        "tourism": "attraction"
      },
      "geometry": {
        "type": "Point",
        "coordinates": [
          83.4132897,
          27.3107354
        ]
      },
      "id": "node/5600825221"
    },
    {
      "type": "Feature",
      "properties": {
        "@id": "node/5603024122",
        "name:ja": "Kalakriti",
        "tourism": "attraction"
      },
      "geometry": {
        "type": "Point",
        "coordinates": [
          78.059725,
          27.16189
        ]
      },
      "id": "node/5603024122"
    },
    {
      "type": "Feature",
      "properties": {
        "@id": "node/5608785721",
        "name": "Jarai ka math",
        "tourism": "attraction"
      },
      "geometry": {
        "type": "Point",
        "coordinates": [
          78.706624,
          25.3894175
        ]
      },
      "id": "node/5608785721"
    },
    {
      "type": "Feature",
      "properties": {
        "@id": "node/5623845524",
        "addr:city": "Varanasi",
        "addr:housenumber": "32/162",
        "addr:postcode": "221001",
        "addr:street": "Dashashwamedh Road",
        "email": "saraswati.yets@gmail.com",
        "internet_access": "wlan",
        "internet_access:fee": "yes",
        "name": "Somit Paying Guest House",
        "operator": "Somit Kumar",
        "payment:cash": "yes",
        "payment:coins": "yes",
        "payment:credit_cards": "yes",
        "payment:debit_cards": "yes",
        "payment:maestro": "yes",
        "payment:mastercard": "yes",
        "payment:visa": "yes",
        "payment:visa_debit": "yes",
        "payment:visa_electron": "yes",
        "phone": "+919839105112",
        "rooms": "5",
        "smoking": "outside",
        "tourism": "hostel",
        "website": "https://varanasiindiango.jimdo.com/"
      },
      "geometry": {
        "type": "Point",
        "coordinates": [
          83.0073079,
          25.3047335
        ]
      },
      "id": "node/5623845524"
    },
    {
      "type": "Feature",
      "properties": {
        "@id": "node/5685970624",
        "name": "Maharajgung",
        "name:en": "Gorakhpur",
        "name:hi": "गोरखपुर",
        "name:pa": "ਗੋਰਖਪੁਰ",
        "tourism": "guest_house"
      },
      "geometry": {
        "type": "Point",
        "coordinates": [
          83.5663867,
          27.1397638
        ]
      },
      "id": "node/5685970624"
    },
    {
      "type": "Feature",
      "properties": {
        "@id": "node/5729637829",
        "name": "Guest house",
        "tourism": "hotel"
      },
      "geometry": {
        "type": "Point",
        "coordinates": [
          80.214194,
          26.8858021
        ]
      },
      "id": "node/5729637829"
    },
    {
      "type": "Feature",
      "properties": {
        "@id": "node/5729638162",
        "name": "Rajeshwari",
        "tourism": "hotel"
      },
      "geometry": {
        "type": "Point",
        "coordinates": [
          82.4670029,
          25.8890133
        ]
      },
      "id": "node/5729638162"
    },
    {
      "type": "Feature",
      "properties": {
        "@id": "node/5735360822",
        "addr:housenumber": "A-2402",
        "addr:postcode": "201310",
        "addr:street": "Behind Prakash Institute",
        "email": "atulsap71@gmail.com",
        "name": "नया ए डब्लू एच ओ ट्विन टॉवर",
        "name:en": "NEW AWHO TWIN TOWERS",
        "name:hi": "ए डब्लू एच ओ गुरजिंदर विहार- खण्ड ४",
        "operator": "Col Atul Pratap Singh",
        "phone": "+919667519300",
        "tourism": "apartment"
      },
      "geometry": {
        "type": "Point",
        "coordinates": [
          77.5185686,
          28.4578919
        ]
      },
      "id": "node/5735360822"
    },
    {
      "type": "Feature",
      "properties": {
        "@id": "node/5750418121",
        "name": "HOTEL SURYA",
        "name:en": "Hotel Surya",
        "tourism": "hotel"
      },
      "geometry": {
        "type": "Point",
        "coordinates": [
          78.0067997,
          27.1668235
        ]
      },
      "id": "node/5750418121"
    },
    {
      "type": "Feature",
      "properties": {
        "@id": "node/5750418721",
        "name:en": "Hotel Marc Royal OYO 15493",
        "tourism": "hotel"
      },
      "geometry": {
        "type": "Point",
        "coordinates": [
          78.0011693,
          27.1749424
        ]
      },
      "id": "node/5750418721"
    },
    {
      "type": "Feature",
      "properties": {
        "@id": "node/5780756253",
        "name:en": "Flower market",
        "tourism": "attraction"
      },
      "geometry": {
        "type": "Point",
        "coordinates": [
          83.0096517,
          25.3119725
        ]
      },
      "id": "node/5780756253"
    },
    {
      "type": "Feature",
      "properties": {
        "@id": "node/5792133054",
        "name": "Om Sai Nath hotel",
        "tourism": "hotel"
      },
      "geometry": {
        "type": "Point",
        "coordinates": [
          83.5106502,
          26.2871856
        ]
      },
      "id": "node/5792133054"
    },
    {
      "type": "Feature",
      "properties": {
        "@id": "node/5808894661",
        "addr:postcode": "201301",
        "name": "वर्ल्ड्स ऑफ वण्डर",
        "name:en": "Worlds of Wonder, Sector 38A",
        "name:hi": "वर्ल्ड्स ऑफ वण्डर, सेक्टर ३८-ए",
        "tourism": "attraction"
      },
      "geometry": {
        "type": "Point",
        "coordinates": [
          77.3236129,
          28.5642772
        ]
      },
      "id": "node/5808894661"
    },
    {
      "type": "Feature",
      "properties": {
        "@id": "node/5839453488",
        "addr:postcode": "226001",
        "addr:street": "Mahatma Gandhi Road",
        "name": "रेजीडेंसी",
        "name:en": "The Residency",
        "phone": "+91 522 232 8220",
        "tourism": "attraction",
        "website": "http://www.asilucknowcircle.nic.in"
      },
      "geometry": {
        "type": "Point",
        "coordinates": [
          80.9258774,
          26.860904
        ]
      },
      "id": "node/5839453488"
    },
    {
      "type": "Feature",
      "properties": {
        "@id": "node/5839458889",
        "addr:postcode": "226003",
        "name:en": "Husainabad Clock Tower",
        "name:hi": "हुसैनाबाद घंटाघर",
        "tourism": "attraction"
      },
      "geometry": {
        "type": "Point",
        "coordinates": [
          80.9080265,
          26.8739693
        ]
      },
      "id": "node/5839458889"
    },
    {
      "type": "Feature",
      "properties": {
        "@id": "node/5839952885",
        "addr:postcode": "221006",
        "name": "Varanasi Airport",
        "name:en": "Varanasi Lal Bahadur Shastri Airport (VNS)",
        "tourism": "attraction",
        "website": "http://www.aai.aero"
      },
      "geometry": {
        "type": "Point",
        "coordinates": [
          82.8567171,
          25.4481451
        ]
      },
      "id": "node/5839952885"
    },
    {
      "type": "Feature",
      "properties": {
        "@id": "node/5840524449",
        "addr:city": "Meerut",
        "addr:housenumber": "Sector 2",
        "addr:postcode": "250103",
        "addr:street": "MDA",
        "internet_access": "no",
        "name": "Raj Hostel",
        "rooms": "40",
        "smoking": "outside",
        "tourism": "hostel"
      },
      "geometry": {
        "type": "Point",
        "coordinates": [
          77.6441017,
          28.9140169
        ]
      },
      "id": "node/5840524449"
    },
    {
      "type": "Feature",
      "properties": {
        "@id": "node/5841490185",
        "addr:postcode": "201010",
        "addr:street": "Dr. Sushila Naiyar Marg",
        "name": "आदित्य मॉल",
        "name:en": "Aditya Mall",
        "tourism": "attraction"
      },
      "geometry": {
        "type": "Point",
        "coordinates": [
          77.3606005,
          28.638112
        ]
      },
      "id": "node/5841490185"
    },
    {
      "type": "Feature",
      "properties": {
        "@id": "node/5860362385",
        "name:en": "Bull in a Pillar Square",
        "tourism": "attraction"
      },
      "geometry": {
        "type": "Point",
        "coordinates": [
          83.0093717,
          25.3087625
        ]
      },
      "id": "node/5860362385"
    },
    {
      "type": "Feature",
      "properties": {
        "@id": "node/5866008087",
        "name": "Sri Omkar Palace",
        "name:en": "Sri Omkar Palace",
        "tourism": "hotel"
      },
      "geometry": {
        "type": "Point",
        "coordinates": [
          83.0085461,
          25.3046431
        ]
      },
      "id": "node/5866008087"
    },
    {
      "type": "Feature",
      "properties": {
        "@id": "node/5867352885",
        "name": "Sri Omkar Palace",
        "name:en": "Sri Omkar Palace",
        "tourism": "hotel"
      },
      "geometry": {
        "type": "Point",
        "coordinates": [
          83.008392,
          25.3042727
        ]
      },
      "id": "node/5867352885"
    },
    {
      "type": "Feature",
      "properties": {
        "@id": "node/5873048988",
        "name:en": "Luxuria estate",
        "tourism": "apartment"
      },
      "geometry": {
        "type": "Point",
        "coordinates": [
          77.493072,
          28.6485812
        ]
      },
      "id": "node/5873048988"
    },
    {
      "type": "Feature",
      "properties": {
        "@id": "node/5931059706",
        "name": "Angori Bagh",
        "tourism": "attraction"
      },
      "geometry": {
        "type": "Point",
        "coordinates": [
          78.0230568,
          27.1784181
        ]
      },
      "id": "node/5931059706"
    },
    {
      "type": "Feature",
      "properties": {
        "@id": "node/5977688485",
        "internet_access": "wlan",
        "name": "Spiritual Yoga Hostel",
        "opening_hours": "24/7",
        "phone": "+919993599000",
        "tourism": "hostel"
      },
      "geometry": {
        "type": "Point",
        "coordinates": [
          78.0544288,
          27.1644959
        ]
      },
      "id": "node/5977688485"
    },
    {
      "type": "Feature",
      "properties": {
        "@id": "node/5984864186",
        "name": "Stay inn heritage hostel",
        "name:en": "Stay inn heritage hostel",
        "opening_hours": "24/7",
        "phone": "+915422450024",
        "tourism": "hostel"
      },
      "geometry": {
        "type": "Point",
        "coordinates": [
          83.0076709,
          25.304355
        ]
      },
      "id": "node/5984864186"
    },
    {
      "type": "Feature",
      "properties": {
        "@id": "node/5994623286",
        "name": "Saryu Apartments",
        "tourism": "apartment"
      },
      "geometry": {
        "type": "Point",
        "coordinates": [
          81.0139237,
          26.8345104
        ]
      },
      "id": "node/5994623286"
    },
    {
      "type": "Feature",
      "properties": {
        "@id": "node/5994623287",
        "name": "Nehru Enclave",
        "tourism": "apartment"
      },
      "geometry": {
        "type": "Point",
        "coordinates": [
          80.9793608,
          26.8599766
        ]
      },
      "id": "node/5994623287"
    },
    {
      "type": "Feature",
      "properties": {
        "@id": "node/6027504486",
        "addr:housenumber": "51/20 20A 21R",
        "addr:postcode": "221010",
        "addr:street": "Surajkund, Maulvibagh, Nai Sarak",
        "name:en": "HOG Varanasi Hostel",
        "name:es": "House Of Gypsy Hostel",
        "phone": "+91 95928 58535",
        "tourism": "hostel"
      },
      "geometry": {
        "type": "Point",
        "coordinates": [
          83.0030805,
          25.3124913
        ]
      },
      "id": "node/6027504486"
    },
    {
      "type": "Feature",
      "properties": {
        "@id": "node/6077983187",
        "name:en": "Seo ka bazar",
        "tourism": "attraction"
      },
      "geometry": {
        "type": "Point",
        "coordinates": [
          78.0143414,
          27.1884291
        ]
      },
      "id": "node/6077983187"
    },
    {
      "type": "Feature",
      "properties": {
        "@id": "node/6077992485",
        "name:en": "Mal ka bazar",
        "tourism": "attraction"
      },
      "geometry": {
        "type": "Point",
        "coordinates": [
          78.0194323,
          27.1883011
        ]
      },
      "id": "node/6077992485"
    },
    {
      "type": "Feature",
      "properties": {
        "@id": "node/6077992489",
        "name:en": "Kashmiri bazar",
        "tourism": "attraction"
      },
      "geometry": {
        "type": "Point",
        "coordinates": [
          78.0159899,
          27.1878862
        ]
      },
      "id": "node/6077992489"
    },
    {
      "type": "Feature",
      "properties": {
        "@id": "node/6078040185",
        "name:en": "M",
        "tourism": "attraction"
      },
      "geometry": {
        "type": "Point",
        "coordinates": [
          78.0379596,
          27.1649306
        ]
      },
      "id": "node/6078040185"
    },
    {
      "type": "Feature",
      "properties": {
        "@id": "node/6078048185",
        "name:en": "Sawad",
        "tourism": "attraction"
      },
      "geometry": {
        "type": "Point",
        "coordinates": [
          78.0396108,
          27.1618601
        ]
      },
      "id": "node/6078048185"
    },
    {
      "type": "Feature",
      "properties": {
        "@id": "node/6078081685",
        "name:en": "M",
        "tourism": "attraction"
      },
      "geometry": {
        "type": "Point",
        "coordinates": [
          78.0550968,
          27.1582139
        ]
      },
      "id": "node/6078081685"
    },
    {
      "type": "Feature",
      "properties": {
        "@id": "node/6083096486",
        "addr:housenumber": "MIG 12",
        "addr:postcode": "282001",
        "addr:street": "Taj East Gate Road",
        "email": "rhinestay@outlook.com",
        "internet_access": "wlan",
        "name": "राइन",
        "name:en": "Rhine Guest House Correct Location",
        "name:es": "casa de huéspedes del Rin",
        "name:ja_rm": "ラインゲストハウス",
        "opening_hours": "24/7",
        "operator": "Ryan",
        "phone": "+919997379977",
        "tourism": "guest_house",
        "website": "http://www.rhinestay.com"
      },
      "geometry": {
        "type": "Point",
        "coordinates": [
          78.0538102,
          27.1633872
        ]
      },
      "id": "node/6083096486"
    },
    {
      "type": "Feature",
      "properties": {
        "@id": "node/6089253003",
        "name": "Khana Palace",
        "tourism": "hotel"
      },
      "geometry": {
        "type": "Point",
        "coordinates": [
          78.3438701,
          29.6048175
        ]
      },
      "id": "node/6089253003"
    },
    {
      "type": "Feature",
      "properties": {
        "@id": "node/6094909119",
        "internet_access": "wlan",
        "name:en": "HOG Hostel Varanasi",
        "tourism": "guest_house"
      },
      "geometry": {
        "type": "Point",
        "coordinates": [
          83.0031326,
          25.3126675
        ]
      },
      "id": "node/6094909119"
    },
    {
      "type": "Feature",
      "properties": {
        "@id": "node/6094909120",
        "name:en": "Zigzag",
        "tourism": "guest_house"
      },
      "geometry": {
        "type": "Point",
        "coordinates": [
          78.0608891,
          27.1639332
        ]
      },
      "id": "node/6094909120"
    },
    {
      "type": "Feature",
      "properties": {
        "@id": "node/6103427587",
        "name:en": "Teerth gh",
        "tourism": "apartment"
      },
      "geometry": {
        "type": "Point",
        "coordinates": [
          83.0101842,
          25.3100532
        ]
      },
      "id": "node/6103427587"
    },
    {
      "type": "Feature",
      "properties": {
        "@id": "node/6123271685",
        "name": "हिवेट चोक अमिनाबाद",
        "tourism": "chalet"
      },
      "geometry": {
        "type": "Point",
        "coordinates": [
          80.9278783,
          26.8431521
        ]
      },
      "id": "node/6123271685"
    },
    {
      "type": "Feature",
      "properties": {
        "@id": "node/6123271786",
        "addr:street": "Daligunj",
        "name:en": "Kanaihyalal Dharmik Guesthouse",
        "tourism": "guest_house"
      },
      "geometry": {
        "type": "Point",
        "coordinates": [
          80.9294146,
          26.8716167
        ]
      },
      "id": "node/6123271786"
    },
    {
      "type": "Feature",
      "properties": {
        "@id": "node/6135440385",
        "internet_access": "wlan",
        "name": "Wander Station Hostel",
        "tourism": "hostel"
      },
      "geometry": {
        "type": "Point",
        "coordinates": [
          83.0084058,
          25.304742
        ]
      },
      "id": "node/6135440385"
    },
    {
      "type": "Feature",
      "properties": {
        "@id": "node/6141687719",
        "check_date:internet_access": "2023-10-29",
        "internet_access": "wlan",
        "name": "Gangotri Paying Guesthouse",
        "tourism": "guest_house"
      },
      "geometry": {
        "type": "Point",
        "coordinates": [
          83.0058509,
          25.2869195
        ]
      },
      "id": "node/6141687719"
    },
    {
      "type": "Feature",
      "properties": {
        "@id": "node/6150069987",
        "name:en": "City Inn Hotel",
        "tourism": "hotel"
      },
      "geometry": {
        "type": "Point",
        "coordinates": [
          82.9862636,
          25.3236655
        ]
      },
      "id": "node/6150069987"
    },
    {
      "type": "Feature",
      "properties": {
        "@id": "node/6163512386",
        "air_conditioning": "yes",
        "check_date": "2023-04-27",
        "internet_access": "wlan",
        "internet_access:fee": "customers",
        "name": "Joey’s Hostel Agra",
        "name:de": "Joey’s Hostel Agra",
        "name:es": "Joey’s Hostel Agra",
        "name:fr": "Joey’s Hostel Agra",
        "name:it": "Joey’s Hostel Agra",
        "payment:cash": "yes",
        "payment:credit_cards": "yes",
        "payment:debit_cards": "yes",
        "reservation": "yes",
        "smoking": "outside",
        "tourism": "hostel",
        "wheelchair": "limited"
      },
      "geometry": {
        "type": "Point",
        "coordinates": [
          78.0432423,
          27.1691191
        ]
      },
      "id": "node/6163512386"
    },
    {
      "type": "Feature",
      "properties": {
        "@id": "node/6163744233",
        "name:en": "Hotel Ganges View",
        "tourism": "hotel"
      },
      "geometry": {
        "type": "Point",
        "coordinates": [
          83.0061338,
          25.2891268
        ]
      },
      "id": "node/6163744233"
    },
    {
      "type": "Feature",
      "properties": {
        "@id": "node/6163747513",
        "name:en": "Temple on the Ganges",
        "tourism": "hotel"
      },
      "geometry": {
        "type": "Point",
        "coordinates": [
          83.0055639,
          25.2876529
        ]
      },
      "id": "node/6163747513"
    },
    {
      "type": "Feature",
      "properties": {
        "@id": "node/6163747514",
        "name:en": "S. J. Silk",
        "tourism": "artwork"
      },
      "geometry": {
        "type": "Point",
        "coordinates": [
          83.004875,
          25.291466
        ]
      },
      "id": "node/6163747514"
    },
    {
      "type": "Feature",
      "properties": {
        "@id": "node/6163748698",
        "name:en": "Mosque",
        "tourism": "attraction"
      },
      "geometry": {
        "type": "Point",
        "coordinates": [
          83.0054773,
          25.2961896
        ]
      },
      "id": "node/6163748698"
    },
    {
      "type": "Feature",
      "properties": {
        "@id": "node/6163760193",
        "name:en": "Sankta Devi",
        "tourism": "attraction"
      },
      "geometry": {
        "type": "Point",
        "coordinates": [
          83.0150943,
          25.312773
        ]
      },
      "id": "node/6163760193"
    },
    {
      "type": "Feature",
      "properties": {
        "@id": "node/6163760195",
        "name:en": "Ashram",
        "tourism": "attraction"
      },
      "geometry": {
        "type": "Point",
        "coordinates": [
          83.003514,
          25.286844
        ]
      },
      "id": "node/6163760195"
    },
    {
      "type": "Feature",
      "properties": {
        "@id": "node/6164067789",
        "name:en": "Pond in Name Pavarotti",
        "tourism": "attraction"
      },
      "geometry": {
        "type": "Point",
        "coordinates": [
          83.007594,
          25.2995614
        ]
      },
      "id": "node/6164067789"
    },
    {
      "type": "Feature",
      "properties": {
        "@id": "node/6164083686",
        "name:en": "Kedar Temple",
        "tourism": "attraction"
      },
      "geometry": {
        "type": "Point",
        "coordinates": [
          83.0074729,
          25.2995823
        ]
      },
      "id": "node/6164083686"
    },
    {
      "type": "Feature",
      "properties": {
        "@id": "node/6164083687",
        "name:en": "Bengali neighborhood",
        "tourism": "attraction"
      },
      "geometry": {
        "type": "Point",
        "coordinates": [
          83.0070266,
          25.3011733
        ]
      },
      "id": "node/6164083687"
    },
    {
      "type": "Feature",
      "properties": {
        "@id": "node/6164083688",
        "name:en": "Guntanesswer Temple",
        "tourism": "attraction"
      },
      "geometry": {
        "type": "Point",
        "coordinates": [
          83.0074329,
          25.3099164
        ]
      },
      "id": "node/6164083688"
    },
    {
      "type": "Feature",
      "properties": {
        "@id": "node/6164083689",
        "name:en": "Wholesale Flower Market",
        "tourism": "attraction"
      },
      "geometry": {
        "type": "Point",
        "coordinates": [
          83.009815,
          25.3117737
        ]
      },
      "id": "node/6164083689"
    },
    {
      "type": "Feature",
      "properties": {
        "@id": "node/6164083690",
        "name:en": "Nepalese Area (painted doors & walls)",
        "tourism": "attraction"
      },
      "geometry": {
        "type": "Point",
        "coordinates": [
          83.0140007,
          25.3158612
        ]
      },
      "id": "node/6164083690"
    },
    {
      "type": "Feature",
      "properties": {
        "@id": "node/6164091985",
        "name:en": "Residence & Religious School",
        "tourism": "attraction"
      },
      "geometry": {
        "type": "Point",
        "coordinates": [
          83.0069625,
          25.2991091
        ]
      },
      "id": "node/6164091985"
    },
    {
      "type": "Feature",
      "properties": {
        "@id": "node/6164092285",
        "name:en": "Sari Market",
        "tourism": "attraction"
      },
      "geometry": {
        "type": "Point",
        "coordinates": [
          83.0122374,
          25.3130324
        ]
      },
      "id": "node/6164092285"
    },
    {
      "type": "Feature",
      "properties": {
        "@id": "node/6164092286",
        "name:en": "Business Area",
        "tourism": "attraction"
      },
      "geometry": {
        "type": "Point",
        "coordinates": [
          83.0129182,
          25.3145258
        ]
      },
      "id": "node/6164092286"
    },
    {
      "type": "Feature",
      "properties": {
        "@id": "node/6164092287",
        "name": "Mandakini Meditation Center",
        "tourism": "attraction"
      },
      "geometry": {
        "type": "Point",
        "coordinates": [
          83.0185994,
          25.2637784
        ]
      },
      "id": "node/6164092287"
    },
    {
      "type": "Feature",
      "properties": {
        "@id": "node/6164092587",
        "name:en": "Muslim Silk Neighborhood (old courtesan neighborhood)",
        "tourism": "artwork"
      },
      "geometry": {
        "type": "Point",
        "coordinates": [
          83.0032597,
          25.3061977
        ]
      },
      "id": "node/6164092587"
    },
    {
      "type": "Feature",
      "properties": {
        "@id": "node/6172854541",
        "name": "HOTEL AREEBA",
        "tourism": "hotel"
      },
      "geometry": {
        "type": "Point",
        "coordinates": [
          78.0479832,
          27.1575121
        ]
      },
      "id": "node/6172854541"
    },
    {
      "type": "Feature",
      "properties": {
        "@id": "node/6173171890",
        "name": "Hog",
        "tourism": "hostel"
      },
      "geometry": {
        "type": "Point",
        "coordinates": [
          83.0032977,
          25.3122177
        ]
      },
      "id": "node/6173171890"
    },
    {
      "type": "Feature",
      "properties": {
        "@id": "node/6180290488",
        "addr:housenumber": "32/75-A-11-B,",
        "addr:postcode": "282001",
        "addr:street": "Gandhi Park",
        "email": "zigzaghostelagra@gmail.com",
        "internet_access": "wlan",
        "name": "ZIGZAG HOSTEL AGRA",
        "name:en": "ZigZag Hostel Agra",
        "phone": "9368112527",
        "tourism": "hostel"
      },
      "geometry": {
        "type": "Point",
        "coordinates": [
          78.0360422,
          27.1524497
        ]
      },
      "id": "node/6180290488"
    },
    {
      "type": "Feature",
      "properties": {
        "@id": "node/6183605841",
        "addr:city": "AGRA",
        "addr:housenumber": "37hig",
        "addr:postcode": "282001",
        "addr:street": "Taj East Gate Road",
        "addr:street_1": "near taj mahal east gate parkingparking",
        "brand": "YOGA",
        "internet_access": "wlan",
        "name": "yoga guest house hostel",
        "name:en": "Yoga Guest House Hostel",
        "rooms": "10",
        "smoking": "separated",
        "tourism": "hotel"
      },
      "geometry": {
        "type": "Point",
        "coordinates": [
          78.0545248,
          27.1644655
        ]
      },
      "id": "node/6183605841"
    },
    {
      "type": "Feature",
      "properties": {
        "@id": "node/6187713185",
        "internet_access": "wlan",
        "name:fr": "Family guest house",
        "tourism": "guest_house"
      },
      "geometry": {
        "type": "Point",
        "coordinates": [
          83.0084586,
          25.3058127
        ]
      },
      "id": "node/6187713185"
    },
    {
      "type": "Feature",
      "properties": {
        "@id": "node/6192452786",
        "tourism": "hotel"
      },
      "geometry": {
        "type": "Point",
        "coordinates": [
          83.2820195,
          27.1108921
        ]
      },
      "id": "node/6192452786"
    },
    {
      "type": "Feature",
      "properties": {
        "@id": "node/6195106886",
        "tourism": "hotel"
      },
      "geometry": {
        "type": "Point",
        "coordinates": [
          83.2684977,
          27.0404487
        ]
      },
      "id": "node/6195106886"
    },
    {
      "type": "Feature",
      "properties": {
        "@id": "node/6200621086",
        "name:en": "Varanasi Heritage hotel",
        "tourism": "hotel"
      },
      "geometry": {
        "type": "Point",
        "coordinates": [
          83.0050974,
          25.2906454
        ]
      },
      "id": "node/6200621086"
    },
    {
      "type": "Feature",
      "properties": {
        "@id": "node/6203212785",
        "tourism": "hotel"
      },
      "geometry": {
        "type": "Point",
        "coordinates": [
          82.4071624,
          25.2963281
        ]
      },
      "id": "node/6203212785"
    },
    {
      "type": "Feature",
      "properties": {
        "@id": "node/6205283785",
        "name": "Relax Inn",
        "tourism": "hotel"
      },
      "geometry": {
        "type": "Point",
        "coordinates": [
          81.8420266,
          25.4402407
        ]
      },
      "id": "node/6205283785"
    },
    {
      "type": "Feature",
      "properties": {
        "@id": "node/6207525487",
        "name:en": "City Hotel",
        "tourism": "hotel"
      },
      "geometry": {
        "type": "Point",
        "coordinates": [
          81.83851,
          25.4414098
        ]
      },
      "id": "node/6207525487"
    },
    {
      "type": "Feature",
      "properties": {
        "@id": "node/6210183185",
        "name": "via Varanasi Boutique Hotel",
        "tourism": "hotel"
      },
      "geometry": {
        "type": "Point",
        "coordinates": [
          83.0038509,
          25.289119
        ]
      },
      "id": "node/6210183185"
    },
    {
      "type": "Feature",
      "properties": {
        "@id": "node/6243460887",
        "name": "Diwan-i-Khas",
        "name:hi": "दीवान-ए-खास",
        "tourism": "attraction"
      },
      "geometry": {
        "type": "Point",
        "coordinates": [
          78.0233646,
          27.178897
        ]
      },
      "id": "node/6243460887"
    },
    {
      "type": "Feature",
      "properties": {
        "@id": "node/6243483685",
        "name": "Khas Mahal",
        "name:hi": "खास महल",
        "name:ru": "Кхас-Махал",
        "tourism": "attraction"
      },
      "geometry": {
        "type": "Point",
        "coordinates": [
          78.0235623,
          27.1784677
        ]
      },
      "id": "node/6243483685"
    },
    {
      "type": "Feature",
      "properties": {
        "@id": "node/6251702485",
        "addr:street": "Dhandhupura Road",
        "internet_access": "wlan",
        "name": "Taj Village",
        "tourism": "hotel"
      },
      "geometry": {
        "type": "Point",
        "coordinates": [
          78.0583174,
          27.1675188
        ]
      },
      "id": "node/6251702485"
    },
    {
      "type": "Feature",
      "properties": {
        "@id": "node/6255913555",
        "addr:district": "Noida",
        "addr:housenumber": "3A",
        "addr:subdistrict": "Sector 126",
        "branch": "Noida",
        "email": "knma@shivnadarfoundation.in",
        "name": "Kiran Nadar Museum of Art",
        "opening_hours": "Tu-Su 10:30-18:30; PH closed",
        "phone": "+91-120-4683-289",
        "short_name": "KNMA",
        "tourism": "gallery",
        "website": "https://knma.in/"
      },
      "geometry": {
        "type": "Point",
        "coordinates": [
          77.3430978,
          28.5361616
        ]
      },
      "id": "node/6255913555"
    },
    {
      "type": "Feature",
      "properties": {
        "@id": "node/6265844988",
        "name:en": "Hotel Orchid",
        "tourism": "hotel"
      },
      "geometry": {
        "type": "Point",
        "coordinates": [
          78.0634881,
          27.1498063
        ]
      },
      "id": "node/6265844988"
    },
    {
      "type": "Feature",
      "properties": {
        "@id": "node/6298866285",
        "internet_access": "wlan",
        "name:en": "Shanti Niretan.",
        "tourism": "hotel"
      },
      "geometry": {
        "type": "Point",
        "coordinates": [
          77.6786552,
          27.5729198
        ]
      },
      "id": "node/6298866285"
    },
    {
      "type": "Feature",
      "properties": {
        "@id": "node/6300468885",
        "name": "Sunrise Lodge",
        "tourism": "hotel"
      },
      "geometry": {
        "type": "Point",
        "coordinates": [
          83.0118747,
          25.3089662
        ]
      },
      "id": "node/6300468885"
    },
    {
      "type": "Feature",
      "properties": {
        "@id": "node/6302756485",
        "email": "azureguesthouse@gmail.com",
        "internet_access": "wlan",
        "name:en": "Azure Family Paying GuestHouse",
        "opening_hours": "Mo-Su 08:00-21:00",
        "phone": "00919335975111",
        "tourism": "guest_house"
      },
      "geometry": {
        "type": "Point",
        "coordinates": [
          83.0063312,
          25.2844488
        ]
      },
      "id": "node/6302756485"
    },
    {
      "type": "Feature",
      "properties": {
        "@id": "node/6316562588",
        "name:en": "Tower with viewpoint on the Taj Mahal",
        "tourism": "viewpoint"
      },
      "geometry": {
        "type": "Point",
        "coordinates": [
          78.0463186,
          27.1770779
        ]
      },
      "id": "node/6316562588"
    },
    {
      "type": "Feature",
      "properties": {
        "@id": "node/6337207487",
        "name": "Sudama Kuti",
        "name:hi": "सुदामा कुटी",
        "operator": "Sutixna Das Maharaj",
        "tourism": "hostel"
      },
      "geometry": {
        "type": "Point",
        "coordinates": [
          77.7049256,
          27.5859773
        ]
      },
      "id": "node/6337207487"
    },
    {
      "type": "Feature",
      "properties": {
        "@id": "node/6339599785",
        "tourism": "hotel"
      },
      "geometry": {
        "type": "Point",
        "coordinates": [
          78.0602881,
          27.168288
        ]
      },
      "id": "node/6339599785"
    },
    {
      "type": "Feature",
      "properties": {
        "@id": "node/6346445485",
        "name:fr": "Khas mahal homestay",
        "tourism": "hotel"
      },
      "geometry": {
        "type": "Point",
        "coordinates": [
          78.0525582,
          27.1464391
        ]
      },
      "id": "node/6346445485"
    },
    {
      "type": "Feature",
      "properties": {
        "@id": "node/6348574085",
        "addr:street": "Prem Sarovar",
        "name": "सुदामा कुटी प्रेम सरोवर",
        "name:en": "Sudama Kuti Prem Sarovar",
        "tourism": "hostel"
      },
      "geometry": {
        "type": "Point",
        "coordinates": [
          77.3804573,
          27.6652983
        ]
      },
      "id": "node/6348574085"
    },
    {
      "type": "Feature",
      "properties": {
        "@id": "node/6357598985",
        "addr:housenumber": "D15/20",
        "addr:postcode": "221001",
        "addr:street": "Dashashwamedh Road",
        "check_date:internet_access": "2023-10-30",
        "email": "maadurgainn@gmail.com",
        "internet_access": "wlan",
        "name": "Maa Durga Inn",
        "phone": "+919628533334",
        "tourism": "guest_house",
        "wheelchair": "yes"
      },
      "geometry": {
        "type": "Point",
        "coordinates": [
          83.0105351,
          25.3079435
        ]
      },
      "id": "node/6357598985"
    },
    {
      "type": "Feature",
      "properties": {
        "@id": "node/6362356581",
        "name": "Vishram Ghat",
        "tourism": "attraction",
        "wikidata": "Q7936013"
      },
      "geometry": {
        "type": "Point",
        "coordinates": [
          77.6854393,
          27.5057188
        ]
      },
      "id": "node/6362356581"
    },
    {
      "type": "Feature",
      "properties": {
        "@id": "node/6378231485",
        "name:en": "Chok Market",
        "tourism": "attraction"
      },
      "geometry": {
        "type": "Point",
        "coordinates": [
          83.0116699,
          25.3131959
        ]
      },
      "id": "node/6378231485"
    },
    {
      "type": "Feature",
      "properties": {
        "@id": "node/6395589904",
        "name:en": "11-7 Guesthouse",
        "tourism": "guest_house"
      },
      "geometry": {
        "type": "Point",
        "coordinates": [
          83.0080724,
          25.3056371
        ]
      },
      "id": "node/6395589904"
    },
    {
      "type": "Feature",
      "properties": {
        "@id": "node/6411800780",
        "addr:city": "Agra",
        "addr:housenumber": "5",
        "addr:postcode": "282001",
        "addr:street": "Amar Lok Colony",
        "email": "info@coralcourthomestay.com",
        "guest_house": "guest_house",
        "name": "The Coral House Homestay by the Taj",
        "phone": "+91 7505340604",
        "tourism": "guest_house",
        "website": "https://coralcourthomestay.com"
      },
      "geometry": {
        "type": "Point",
        "coordinates": [
          78.0512523,
          27.166644
        ]
      },
      "id": "node/6411800780"
    },
    {
      "type": "Feature",
      "properties": {
        "@id": "node/6431148185",
        "internet_access": "wlan",
        "name": "Namaste paying guest house",
        "name:hi": "Namaste Paying Guest House real location",
        "tourism": "guest_house",
        "wheelchair": "limited"
      },
      "geometry": {
        "type": "Point",
        "coordinates": [
          83.0069689,
          25.3033503
        ]
      },
      "id": "node/6431148185"
    },
    {
      "type": "Feature",
      "properties": {
        "@id": "node/6433492485",
        "name": "Arora Guest House",
        "tourism": "guest_house"
      },
      "geometry": {
        "type": "Point",
        "coordinates": [
          81.8246641,
          25.4531758
        ]
      },
      "id": "node/6433492485"
    },
    {
      "type": "Feature",
      "properties": {
        "@id": "node/6447767088",
        "name:ja": "サダルマーケット",
        "tourism": "attraction"
      },
      "geometry": {
        "type": "Point",
        "coordinates": [
          78.0110255,
          27.1596318
        ]
      },
      "id": "node/6447767088"
    },
    {
      "type": "Feature",
      "properties": {
        "@id": "node/6461983189",
        "addr:postcode": "226016",
        "addr:street": "Sai chetna mandir road Santpuram, indira nagar",
        "name": "Memorable Homestay",
        "phone": "+917905362531",
        "tourism": "hotel"
      },
      "geometry": {
        "type": "Point",
        "coordinates": [
          81.0150148,
          26.8887031
        ]
      },
      "id": "node/6461983189"
    },
    {
      "type": "Feature",
      "properties": {
        "@id": "node/6463567785",
        "internet_access": "wlan",
        "name:en": "Dolphin Hotel",
        "operator": "Ilyas Siddique",
        "phone": "00917505643855",
        "tourism": "hotel"
      },
      "geometry": {
        "type": "Point",
        "coordinates": [
          80.9287974,
          26.8516148
        ]
      },
      "id": "node/6463567785"
    },
    {
      "type": "Feature",
      "properties": {
        "@id": "node/6482185186",
        "name:en": "Shahi Baoli",
        "tourism": "viewpoint"
      },
      "geometry": {
        "type": "Point",
        "coordinates": [
          80.9138347,
          26.8690462
        ]
      },
      "id": "node/6482185186"
    },
    {
      "type": "Feature",
      "properties": {
        "@id": "node/6516354892",
        "name:en": "Hotel City Inn",
        "tourism": "hotel"
      },
      "geometry": {
        "type": "Point",
        "coordinates": [
          82.9888013,
          25.326989
        ]
      },
      "id": "node/6516354892"
    },
    {
      "type": "Feature",
      "properties": {
        "@id": "node/6521933540",
        "artwork_type": "statue",
        "description": "Statue of India's first Prime Minister Pundit Jawahar Lal Nehru.",
        "material": "marble",
        "name": "Pundit Nehru Statue",
        "tourism": "artwork"
      },
      "geometry": {
        "type": "Point",
        "coordinates": [
          81.8596247,
          25.4563309
        ]
      },
      "id": "node/6521933540"
    },
    {
      "type": "Feature",
      "properties": {
        "@id": "node/6536468285",
        "internet_access": "wlan",
        "name": "OYO 4009 HKJ Palace",
        "tourism": "hotel"
      },
      "geometry": {
        "type": "Point",
        "coordinates": [
          83.00651,
          25.308499
        ]
      },
      "id": "node/6536468285"
    },
    {
      "type": "Feature",
      "properties": {
        "@id": "node/6579526785",
        "name": "Achhte",
        "tourism": "attraction"
      },
      "geometry": {
        "type": "Point",
        "coordinates": [
          82.8184087,
          26.4639593
        ]
      },
      "id": "node/6579526785"
    },
    {
      "type": "Feature",
      "properties": {
        "@id": "node/6621697163",
        "name": "Ram Krishna Guest House",
        "tourism": "guest_house"
      },
      "geometry": {
        "type": "Point",
        "coordinates": [
          80.9482153,
          26.8450829
        ]
      },
      "id": "node/6621697163"
    },
    {
      "type": "Feature",
      "properties": {
        "@id": "node/6621993317",
        "brand": "OYO",
        "brand:wikidata": "Q24906315",
        "name": "OYO Flagship Polytechnic Chauraha",
        "tourism": "hotel"
      },
      "geometry": {
        "type": "Point",
        "coordinates": [
          81.0015339,
          26.874206
        ]
      },
      "id": "node/6621993317"
    },
    {
      "type": "Feature",
      "properties": {
        "@id": "node/6622027083",
        "tourism": "artwork"
      },
      "geometry": {
        "type": "Point",
        "coordinates": [
          80.971162,
          26.8555183
        ]
      },
      "id": "node/6622027083"
    },
    {
      "type": "Feature",
      "properties": {
        "@id": "node/6622981273",
        "brand": "Best Western",
        "name": "Best Western",
        "operator": "Sagar Sona",
        "tourism": "hotel"
      },
      "geometry": {
        "type": "Point",
        "coordinates": [
          80.9729424,
          26.857139
        ]
      },
      "id": "node/6622981273"
    },
    {
      "type": "Feature",
      "properties": {
        "@id": "node/6634721888",
        "addr:housenumber": "2/3",
        "addr:place": "Vishal Khand",
        "name": "Power Grid Corporation Guest House",
        "tourism": "guest_house"
      },
      "geometry": {
        "type": "Point",
        "coordinates": [
          80.9822424,
          26.8521721
        ]
      },
      "id": "node/6634721888"
    },
    {
      "type": "Feature",
      "properties": {
        "@id": "node/6635130651",
        "tourism": "artwork"
      },
      "geometry": {
        "type": "Point",
        "coordinates": [
          80.9236008,
          26.867265
        ]
      },
      "id": "node/6635130651"
    },
    {
      "type": "Feature",
      "properties": {
        "@id": "node/6636692797",
        "name": "Musahari chauraha",
        "tourism": "viewpoint"
      },
      "geometry": {
        "type": "Point",
        "coordinates": [
          83.040636,
          27.4049924
        ]
      },
      "id": "node/6636692797"
    },
    {
      "type": "Feature",
      "properties": {
        "@id": "node/6655840089",
        "name": "Musammun Burj",
        "tourism": "attraction"
      },
      "geometry": {
        "type": "Point",
        "coordinates": [
          78.0236082,
          27.1788379
        ]
      },
      "id": "node/6655840089"
    },
    {
      "type": "Feature",
      "properties": {
        "@id": "node/6703589085",
        "name:en": "Bachraj Ghat",
        "tourism": "attraction"
      },
      "geometry": {
        "type": "Point",
        "coordinates": [
          83.0065702,
          25.2910829
        ]
      },
      "id": "node/6703589085"
    },
    {
      "type": "Feature",
      "properties": {
        "@id": "node/6703601985",
        "name:en": "Dattatreya Ghat",
        "tourism": "attraction"
      },
      "geometry": {
        "type": "Point",
        "coordinates": [
          83.0147869,
          25.3113737
        ]
      },
      "id": "node/6703601985"
    },
    {
      "type": "Feature",
      "properties": {
        "@id": "node/6789127186",
        "name": "Treebo Annaya Royals",
        "tourism": "hotel"
      },
      "geometry": {
        "type": "Point",
        "coordinates": [
          80.8955614,
          26.77434
        ]
      },
      "id": "node/6789127186"
    },
    {
      "type": "Feature",
      "properties": {
        "@id": "node/6802201685",
        "name:en": "Taj Mahal Viewpoint",
        "tourism": "viewpoint"
      },
      "geometry": {
        "type": "Point",
        "coordinates": [
          78.0437931,
          27.1759475
        ]
      },
      "id": "node/6802201685"
    },
    {
      "type": "Feature",
      "properties": {
        "@id": "node/6802375585",
        "addr:housenumber": "mmig 49",
        "addr:postcode": "282001",
        "addr:street": "Shilpgram Road",
        "email": "omhostelagra@gmail.com",
        "name:en": "OM Homestay Hostel",
        "opening_hours": "Mo-Su 09:00-23:00",
        "phone": "+91 72539 23083",
        "tourism": "hostel"
      },
      "geometry": {
        "type": "Point",
        "coordinates": [
          78.0537652,
          27.1642426
        ]
      },
      "id": "node/6802375585"
    },
    {
      "type": "Feature",
      "properties": {
        "@id": "node/6812236786",
        "name:en": "Rawatpara Spice Market",
        "tourism": "attraction"
      },
      "geometry": {
        "type": "Point",
        "coordinates": [
          78.0169307,
          27.1841542
        ]
      },
      "id": "node/6812236786"
    },
    {
      "type": "Feature",
      "properties": {
        "@id": "node/6812236787",
        "name:en": "Viewpoint of Taj Mahal & Agra Fort",
        "tourism": "attraction"
      },
      "geometry": {
        "type": "Point",
        "coordinates": [
          78.0270801,
          27.1842702
        ]
      },
      "id": "node/6812236787"
    },
    {
      "type": "Feature",
      "properties": {
        "@id": "node/6812253187",
        "name:en": "Street Art Wall",
        "tourism": "attraction"
      },
      "geometry": {
        "type": "Point",
        "coordinates": [
          78.0300831,
          27.1609425
        ]
      },
      "id": "node/6812253187"
    },
    {
      "type": "Feature",
      "properties": {
        "@id": "node/6812253785",
        "name:en": "No View of Taj Mahal",
        "tourism": "attraction"
      },
      "geometry": {
        "type": "Point",
        "coordinates": [
          78.0375303,
          27.1749727
        ]
      },
      "id": "node/6812253785"
    },
    {
      "type": "Feature",
      "properties": {
        "@id": "node/6812253985",
        "name:en": "Street Art Wall",
        "tourism": "attraction"
      },
      "geometry": {
        "type": "Point",
        "coordinates": [
          78.0297018,
          27.1606654
        ]
      },
      "id": "node/6812253985"
    },
    {
      "type": "Feature",
      "properties": {
        "@id": "node/6816735987",
        "addr:street": "Pandeyghat",
        "email": "customerservice@howdyhostels.com",
        "internet_access": "wlan",
        "name": "Pandeyghat",
        "name:hi": "On The Chat By Howdy Hostels",
        "opening_hours": "24/7",
        "phone": "8934879999",
        "tourism": "hostel"
      },
      "geometry": {
        "type": "Point",
        "coordinates": [
          83.0083654,
          25.3038081
        ]
      },
      "id": "node/6816735987"
    },
    {
      "type": "Feature",
      "properties": {
        "@id": "node/6816735988",
        "addr:street": "Pandeyghat",
        "internet_access": "wlan",
        "name": "On The Ghat By Howdy Hostels",
        "opening_hours": "24/7",
        "tourism": "hostel"
      },
      "geometry": {
        "type": "Point",
        "coordinates": [
          83.0084286,
          25.3038029
        ]
      },
      "id": "node/6816735988"
    },
    {
      "type": "Feature",
      "properties": {
        "@id": "node/6819036485",
        "addr:housenumber": "D-24/28-AL",
        "addr:postcode": "221001",
        "addr:street": "Pandey Ghat Ward Dasashwamedh",
        "email": "2310973830-4wjp.9pkv.hddk.jyeg@property.booking.com",
        "internet_access": "wlan",
        "name": "On the Ghats by Howdy",
        "name:en": "On The Ghat By Howdy Hostels",
        "opening_hours": "24/7",
        "phone": "+91 97950 59605",
        "tourism": "hostel",
        "website": "https://www.booking.com/hotel/in/on-the-ghat.en-gb.html?"
      },
      "geometry": {
        "type": "Point",
        "coordinates": [
          83.0084102,
          25.3037846
        ]
      },
      "id": "node/6819036485"
    },
    {
      "type": "Feature",
      "properties": {
        "@id": "node/6824954086",
        "name:en": "Vegetable Market",
        "tourism": "attraction"
      },
      "geometry": {
        "type": "Point",
        "coordinates": [
          78.0544203,
          27.1572519
        ]
      },
      "id": "node/6824954086"
    },
    {
      "type": "Feature",
      "properties": {
        "@id": "node/6831699786",
        "name:en": "Okhla Bird Sanctuary Gate no.2",
        "tourism": "attraction"
      },
      "geometry": {
        "type": "Point",
        "coordinates": [
          77.3088888,
          28.5714814
        ]
      },
      "id": "node/6831699786"
    },
    {
      "type": "Feature",
      "properties": {
        "@id": "node/6835291986",
        "addr:street": "Taj Road",
        "name:en": "Kumar Tobacco Shop",
        "opening_hours": "Mo-Su 11:00-22:00",
        "tourism": "attraction"
      },
      "geometry": {
        "type": "Point",
        "coordinates": [
          78.0094182,
          27.1593532
        ]
      },
      "id": "node/6835291986"
    },
    {
      "type": "Feature",
      "properties": {
        "@id": "node/6840750385",
        "addr:housenumber": "2/24",
        "addr:postcode": "226010",
        "addr:street": "Vishal Khand",
        "internet_access": "wlan",
        "name:en": "POSHTEL - Your AnyDay Hostel",
        "phone": "+919161034777",
        "tourism": "hotel",
        "website": "https://www.booking.com/hotel/in/poshtel.fr.html"
      },
      "geometry": {
        "type": "Point",
        "coordinates": [
          80.9824052,
          26.8508278
        ]
      },
      "id": "node/6840750385"
    },
    {
      "type": "Feature",
      "properties": {
        "@id": "node/6856363287",
        "amenity": "restaurant",
        "name:en": "Delhi Darbar",
        "tourism": "hotel"
      },
      "geometry": {
        "type": "Point",
        "coordinates": [
          77.4709969,
          27.7657376
        ]
      },
      "id": "node/6856363287"
    },
    {
      "type": "Feature",
      "properties": {
        "@id": "node/6862250185",
        "name:en": "Leela Palace",
        "tourism": "hotel"
      },
      "geometry": {
        "type": "Point",
        "coordinates": [
          79.0143609,
          26.7982574
        ]
      },
      "id": "node/6862250185"
    },
    {
      "type": "Feature",
      "properties": {
        "@id": "node/6867242485",
        "addr:housenumber": "21/524-525/P-25",
        "addr:postcode": "282001",
        "addr:street": "Amar Lok Colony",
        "email": "Missionhostel82@gmail.com",
        "internet_access": "wlan",
        "name:en": "Mission Backpack Hostel",
        "opening_hours": "24/7",
        "operator": "Deepak",
        "phone": "8279746193",
        "tourism": "hostel"
      },
      "geometry": {
        "type": "Point",
        "coordinates": [
          78.0498279,
          27.1673257
        ]
      },
      "id": "node/6867242485"
    },
    {
      "type": "Feature",
      "properties": {
        "@id": "node/6867341585",
        "addr:postcode": "282001",
        "addr:street": "Taj East Gate Road",
        "email": "reservations@oberoigroup.com",
        "internet_access": "wlan",
        "name:en": "The Oberoi Amarvilas Agra",
        "opening_hours": "24/7",
        "operator": "Oberoi Group",
        "phone": "+91 562 2231515",
        "tourism": "hotel",
        "website": "https://www.oberoihotels.com"
      },
      "geometry": {
        "type": "Point",
        "coordinates": [
          78.0490141,
          27.1679979
        ]
      },
      "id": "node/6867341585"
    },
    {
      "type": "Feature",
      "properties": {
        "@id": "node/6871396985",
        "name:en": "Hotel Nexus correction location",
        "tourism": "hotel"
      },
      "geometry": {
        "type": "Point",
        "coordinates": [
          80.9224218,
          26.8375615
        ]
      },
      "id": "node/6871396985"
    },
    {
      "type": "Feature",
      "properties": {
        "@id": "node/6878681685",
        "name:en": "Taraji Resort Correct Location",
        "tourism": "hotel"
      },
      "geometry": {
        "type": "Point",
        "coordinates": [
          82.1804065,
          26.7697751
        ]
      },
      "id": "node/6878681685"
    },
    {
      "type": "Feature",
      "properties": {
        "@id": "node/6882200587",
        "name": "Bhavya Palace",
        "tourism": "hotel"
      },
      "geometry": {
        "type": "Point",
        "coordinates": [
          82.7343613,
          26.7993041
        ]
      },
      "id": "node/6882200587"
    },
    {
      "type": "Feature",
      "properties": {
        "@id": "node/6886882886",
        "name:en": "Kanpur Home",
        "tourism": "guest_house"
      },
      "geometry": {
        "type": "Point",
        "coordinates": [
          80.2755298,
          26.4328129
        ]
      },
      "id": "node/6886882886"
    },
    {
      "type": "Feature",
      "properties": {
        "@id": "node/6898243585",
        "addr:street": "Taj East Gate Road",
        "internet_access": "wlan",
        "name": "OM Hostel",
        "opening_hours": "24/7",
        "phone": "+91 72539 23083",
        "tourism": "hostel",
        "website": "https://om-hostel-student-dormitory.business.site/"
      },
      "geometry": {
        "type": "Point",
        "coordinates": [
          78.0537606,
          27.1641657
        ]
      },
      "id": "node/6898243585"
    },
    {
      "type": "Feature",
      "properties": {
        "@id": "node/6924075989",
        "name:en": "On the Ghat By Howdy (right address)",
        "tourism": "hostel"
      },
      "geometry": {
        "type": "Point",
        "coordinates": [
          83.008335,
          25.3038969
        ]
      },
      "id": "node/6924075989"
    },
    {
      "type": "Feature",
      "properties": {
        "@id": "node/6925279903",
        "brand": "OYO",
        "brand:wikidata": "Q24906315",
        "name": "OYO Aman Hotel",
        "tourism": "hotel"
      },
      "geometry": {
        "type": "Point",
        "coordinates": [
          77.3450173,
          28.6318703
        ]
      },
      "id": "node/6925279903"
    },
    {
      "type": "Feature",
      "properties": {
        "@id": "node/6931546185",
        "internet_access": "wlan",
        "name": "Om",
        "name:en": "OM Hostel",
        "tourism": "hostel",
        "website": "https://www.booking.com/Share-0nGpfe"
      },
      "geometry": {
        "type": "Point",
        "coordinates": [
          78.0537096,
          27.1642277
        ]
      },
      "id": "node/6931546185"
    },
    {
      "type": "Feature",
      "properties": {
        "@id": "node/6934949385",
        "tourism": "picnic_site"
      },
      "geometry": {
        "type": "Point",
        "coordinates": [
          83.006281,
          25.2895162
        ]
      },
      "id": "node/6934949385"
    },
    {
      "type": "Feature",
      "properties": {
        "@id": "node/6938692585",
        "name:en": "No name (250rp)",
        "phone": "9045033345",
        "tourism": "hotel"
      },
      "geometry": {
        "type": "Point",
        "coordinates": [
          77.6850027,
          27.5798103
        ]
      },
      "id": "node/6938692585"
    },
    {
      "type": "Feature",
      "properties": {
        "@id": "node/6957853917",
        "description": "AC double room from 800Rs/night",
        "name": "OYO Maharaja palace",
        "tourism": "hotel"
      },
      "geometry": {
        "type": "Point",
        "coordinates": [
          78.073121,
          27.8882826
        ]
      },
      "id": "node/6957853917"
    },
    {
      "type": "Feature",
      "properties": {
        "@id": "node/6959900559",
        "description": "Twin rooms (fan, no A/C) from 668 p.N.",
        "name": "SPOT ON Ren Basera Guest House",
        "tourism": "guest_house"
      },
      "geometry": {
        "type": "Point",
        "coordinates": [
          79.4141046,
          28.3575714
        ]
      },
      "id": "node/6959900559"
    },
    {
      "type": "Feature",
      "properties": {
        "@id": "node/6978428585",
        "internet_access": "wlan",
        "name": "Relax Paying Guest House",
        "name:en": "Relax Paying Guest House (real location)",
        "tourism": "guest_house",
        "wheelchair": "limited"
      },
      "geometry": {
        "type": "Point",
        "coordinates": [
          83.0068848,
          25.3032271
        ]
      },
      "id": "node/6978428585"
    },
    {
      "type": "Feature",
      "properties": {
        "@id": "node/6981928086",
        "name": "Moustache Hostel Varanasi",
        "tourism": "hostel"
      },
      "geometry": {
        "type": "Point",
        "coordinates": [
          83.0051416,
          25.2860722
        ]
      },
      "id": "node/6981928086"
    },
    {
      "type": "Feature",
      "properties": {
        "@id": "node/7028419185",
        "name:en": "Astrologer's seat",
        "name:fr": "Siège de l'astrologue",
        "tourism": "viewpoint"
      },
      "geometry": {
        "type": "Point",
        "coordinates": [
          77.6659299,
          27.0976938
        ]
      },
      "id": "node/7028419185"
    },
    {
      "type": "Feature",
      "properties": {
        "@id": "node/7034945491",
        "name": "Crystal Inn",
        "tourism": "hotel"
      },
      "geometry": {
        "type": "Point",
        "coordinates": [
          78.0579291,
          27.1618732
        ]
      },
      "id": "node/7034945491"
    },
    {
      "type": "Feature",
      "properties": {
        "@id": "node/7034945493",
        "name": "Anant Plaza",
        "tourism": "hotel"
      },
      "geometry": {
        "type": "Point",
        "coordinates": [
          78.0469384,
          27.1576047
        ]
      },
      "id": "node/7034945493"
    },
    {
      "type": "Feature",
      "properties": {
        "@id": "node/7036036460",
        "addr:city": "Prayagraj",
        "addr:housenumber": "Devghat, Jhalwa",
        "addr:postcode": "211015",
        "addr:street": "IIITA Rd",
        "description": "Hostel for Student Accomodation",
        "guest_house": "hostel",
        "internet_access": "yes",
        "internet_access:fee": "yes",
        "name": "BH-5",
        "operator": "IIITA",
        "tourism": "hostel"
      },
      "geometry": {
        "type": "Point",
        "coordinates": [
          81.7698969,
          25.4287105
        ]
      },
      "id": "node/7036036460"
    },
    {
      "type": "Feature",
      "properties": {
        "@id": "node/7041322486",
        "name:en": "Sri Lankan Temple",
        "tourism": "attraction"
      },
      "geometry": {
        "type": "Point",
        "coordinates": [
          83.0273149,
          25.3727692
        ]
      },
      "id": "node/7041322486"
    },
    {
      "type": "Feature",
      "properties": {
        "@id": "node/7044462985",
        "name": "Good Vibes Guesthouse",
        "tourism": "hostel"
      },
      "geometry": {
        "type": "Point",
        "coordinates": [
          78.053596,
          27.1638716
        ]
      },
      "id": "node/7044462985"
    },
    {
      "type": "Feature",
      "properties": {
        "@id": "node/7044491885",
        "name:en": "Burning Ghat (secondary)",
        "tourism": "viewpoint"
      },
      "geometry": {
        "type": "Point",
        "coordinates": [
          83.0073619,
          25.2985561
        ]
      },
      "id": "node/7044491885"
    },
    {
      "type": "Feature",
      "properties": {
        "@id": "node/7049822997",
        "addr:city": "Varanasi",
        "addr:housenumber": "B 30/160",
        "addr:postcode": "221005",
        "addr:street": "Prabhat Nagar Colony, Nagwa, Lanka",
        "guest_house": "hostel",
        "internet_access": "wlan",
        "internet_access:fee": "no",
        "name": "Il Loto Viola",
        "tourism": "hostel"
      },
      "geometry": {
        "type": "Point",
        "coordinates": [
          83.0053635,
          25.2818392
        ]
      },
      "id": "node/7049822997"
    },
    {
      "type": "Feature",
      "properties": {
        "@id": "node/7053885985",
        "name:en": "Statue of MAA on Lion 140 foot",
        "tourism": "attraction"
      },
      "geometry": {
        "type": "Point",
        "coordinates": [
          77.6316802,
          27.5602151
        ]
      },
      "id": "node/7053885985"
    },
    {
      "type": "Feature",
      "properties": {
        "@id": "node/7054153987",
        "name:en": "Old abandoned houses with monkeys",
        "tourism": "attraction"
      },
      "geometry": {
        "type": "Point",
        "coordinates": [
          78.0261111,
          27.1925386
        ]
      },
      "id": "node/7054153987"
    },
    {
      "type": "Feature",
      "properties": {
        "@id": "node/7063668187",
        "name:en": "Moon Star",
        "tourism": "hotel"
      },
      "geometry": {
        "type": "Point",
        "coordinates": [
          80.9201968,
          26.8345519
        ]
      },
      "id": "node/7063668187"
    },
    {
      "type": "Feature",
      "properties": {
        "@id": "node/7077477485",
        "internet_access": "wlan",
        "name:en": "PG",
        "tourism": "hotel"
      },
      "geometry": {
        "type": "Point",
        "coordinates": [
          83.0063812,
          25.2931205
        ]
      },
      "id": "node/7077477485"
    },
    {
      "type": "Feature",
      "properties": {
        "@id": "node/7077665263",
        "brand": "Radisson",
        "brand:wikidata": "Q1751979",
        "internet_access": "yes",
        "name": "Radisson Blue",
        "tourism": "hotel"
      },
      "geometry": {
        "type": "Point",
        "coordinates": [
          83.398335,
          26.7500432
        ]
      },
      "id": "node/7077665263"
    },
    {
      "type": "Feature",
      "properties": {
        "@id": "node/7077754930",
        "guest_house": "hostel",
        "internet_access": "yes",
        "internet_access:fee": "yes",
        "name": "Bindu Shahi Girls Hostel",
        "tourism": "hostel"
      },
      "geometry": {
        "type": "Point",
        "coordinates": [
          83.3807945,
          26.7433524
        ]
      },
      "id": "node/7077754930"
    },
    {
      "type": "Feature",
      "properties": {
        "@id": "node/7090381393",
        "air_conditioning": "no",
        "internet_access": "wlan",
        "name:en": "Kashi Stay GH",
        "tourism": "hotel"
      },
      "geometry": {
        "type": "Point",
        "coordinates": [
          83.0101296,
          25.3097544
        ]
      },
      "id": "node/7090381393"
    },
    {
      "type": "Feature",
      "properties": {
        "@id": "node/7095684885",
        "name:en": "utkash vilas",
        "tourism": "hotel"
      },
      "geometry": {
        "type": "Point",
        "coordinates": [
          78.0577298,
          27.1581604
        ]
      },
      "id": "node/7095684885"
    },
    {
      "type": "Feature",
      "properties": {
        "@id": "node/7097359927",
        "name": "Radisson Agra",
        "tourism": "hotel"
      },
      "geometry": {
        "type": "Point",
        "coordinates": [
          78.0540075,
          27.1585877
        ]
      },
      "id": "node/7097359927"
    },
    {
      "type": "Feature",
      "properties": {
        "@id": "node/7156197192",
        "name": "Shiva Lodge",
        "tourism": "hostel"
      },
      "geometry": {
        "type": "Point",
        "coordinates": [
          83.0112468,
          25.3082965
        ]
      },
      "id": "node/7156197192"
    },
    {
      "type": "Feature",
      "properties": {
        "@id": "node/7171661023",
        "internet_access": "yes",
        "name": "Дом Гуру",
        "tourism": "guest_house"
      },
      "geometry": {
        "type": "Point",
        "coordinates": [
          77.6792158,
          27.573322
        ]
      },
      "id": "node/7171661023"
    },
    {
      "type": "Feature",
      "properties": {
        "@id": "node/7222914142",
        "name": "Bansi Homestay",
        "tourism": "hostel"
      },
      "geometry": {
        "type": "Point",
        "coordinates": [
          78.0352371,
          27.160306
        ]
      },
      "id": "node/7222914142"
    },
    {
      "type": "Feature",
      "properties": {
        "@id": "node/7247292947",
        "name": "ав",
        "tourism": "guest_house"
      },
      "geometry": {
        "type": "Point",
        "coordinates": [
          77.6952664,
          27.5830234
        ]
      },
      "id": "node/7247292947"
    },
    {
      "type": "Feature",
      "properties": {
        "@id": "node/7263685885",
        "name": "Hastag Traveler's",
        "tourism": "guest_house"
      },
      "geometry": {
        "type": "Point",
        "coordinates": [
          80.8988214,
          26.7982415
        ]
      },
      "id": "node/7263685885"
    },
    {
      "type": "Feature",
      "properties": {
        "@id": "node/7263689486",
        "name:en": "Free view point",
        "tourism": "viewpoint"
      },
      "geometry": {
        "type": "Point",
        "coordinates": [
          78.0323647,
          27.1804306
        ]
      },
      "id": "node/7263689486"
    },
    {
      "type": "Feature",
      "properties": {
        "@id": "node/7280042585",
        "name": "Vedanta international guesthouse",
        "tourism": "hotel"
      },
      "geometry": {
        "type": "Point",
        "coordinates": [
          77.6786115,
          27.5721545
        ]
      },
      "id": "node/7280042585"
    },
    {
      "type": "Feature",
      "properties": {
        "@id": "node/7282498329",
        "brand": "Radisson",
        "brand:wikidata": "Q1751979",
        "name": "Radisson",
        "tourism": "hotel"
      },
      "geometry": {
        "type": "Point",
        "coordinates": [
          82.9807835,
          25.3385752
        ]
      },
      "id": "node/7282498329"
    },
    {
      "type": "Feature",
      "properties": {
        "@id": "node/7282529482",
        "name": "Costa River",
        "tourism": "hotel"
      },
      "geometry": {
        "type": "Point",
        "coordinates": [
          82.97959,
          25.3385861
        ]
      },
      "id": "node/7282529482"
    },
    {
      "type": "Feature",
      "properties": {
        "@id": "node/7282554947",
        "name": "Amayaa",
        "tourism": "hotel"
      },
      "geometry": {
        "type": "Point",
        "coordinates": [
          82.9793606,
          25.3376954
        ]
      },
      "id": "node/7282554947"
    },
    {
      "type": "Feature",
      "properties": {
        "@id": "node/7282570259",
        "name": "The Westinn",
        "tourism": "hotel"
      },
      "geometry": {
        "type": "Point",
        "coordinates": [
          82.9803557,
          25.3387103
        ]
      },
      "id": "node/7282570259"
    },
    {
      "type": "Feature",
      "properties": {
        "@id": "node/7282571152",
        "name": "Hotel Meadows",
        "tourism": "hotel"
      },
      "geometry": {
        "type": "Point",
        "coordinates": [
          82.9795545,
          25.3382328
        ]
      },
      "id": "node/7282571152"
    },
    {
      "type": "Feature",
      "properties": {
        "@id": "node/7282580847",
        "name": "Zeeras",
        "tourism": "hotel"
      },
      "geometry": {
        "type": "Point",
        "coordinates": [
          82.9810387,
          25.3385904
        ]
      },
      "id": "node/7282580847"
    },
    {
      "type": "Feature",
      "properties": {
        "@id": "node/7282584411",
        "name": "Rivatas",
        "tourism": "hotel"
      },
      "geometry": {
        "type": "Point",
        "coordinates": [
          82.9796743,
          25.3376925
        ]
      },
      "id": "node/7282584411"
    },
    {
      "type": "Feature",
      "properties": {
        "@id": "node/7282596302",
        "name": "Surya Kaiser Palace",
        "tourism": "hotel"
      },
      "geometry": {
        "type": "Point",
        "coordinates": [
          82.9798399,
          25.3385738
        ]
      },
      "id": "node/7282596302"
    },
    {
      "type": "Feature",
      "properties": {
        "@id": "node/7284583730",
        "name": "The Sapphire Grand",
        "tourism": "hotel"
      },
      "geometry": {
        "type": "Point",
        "coordinates": [
          82.981167,
          25.3391028
        ]
      },
      "id": "node/7284583730"
    },
    {
      "type": "Feature",
      "properties": {
        "@id": "node/7284587404",
        "name": "Madin Hotel",
        "tourism": "hotel"
      },
      "geometry": {
        "type": "Point",
        "coordinates": [
          82.978861,
          25.3374186
        ]
      },
      "id": "node/7284587404"
    },
    {
      "type": "Feature",
      "properties": {
        "@id": "node/7284588491",
        "name": "Comfort Inn",
        "tourism": "hotel"
      },
      "geometry": {
        "type": "Point",
        "coordinates": [
          82.9790854,
          25.3386985
        ]
      },
      "id": "node/7284588491"
    },
    {
      "type": "Feature",
      "properties": {
        "@id": "node/7284589617",
        "name": "Square Inn",
        "tourism": "hotel"
      },
      "geometry": {
        "type": "Point",
        "coordinates": [
          82.9780964,
          25.3382028
        ]
      },
      "id": "node/7284589617"
    },
    {
      "type": "Feature",
      "properties": {
        "@id": "node/7291030752",
        "name": "Ganga Tourist Lodge",
        "tourism": "hotel"
      },
      "geometry": {
        "type": "Point",
        "coordinates": [
          83.0020137,
          25.3091819
        ]
      },
      "id": "node/7291030752"
    },
    {
      "type": "Feature",
      "properties": {
        "@id": "node/7291034867",
        "name": "Ganga Aarti",
        "tourism": "attraction",
        "wheelchair": "no"
      },
      "geometry": {
        "type": "Point",
        "coordinates": [
          83.0105846,
          25.3068628
        ]
      },
      "id": "node/7291034867"
    },
    {
      "type": "Feature",
      "properties": {
        "@id": "node/7291049189",
        "name": "OK International",
        "tourism": "hotel"
      },
      "geometry": {
        "type": "Point",
        "coordinates": [
          83.0026101,
          25.3090544
        ]
      },
      "id": "node/7291049189"
    },
    {
      "type": "Feature",
      "properties": {
        "@id": "node/7291055276",
        "name": "Dasaswamedh Ghat",
        "name:hi": "दशश्वमेध घाट",
        "tourism": "attraction",
        "wheelchair": "no"
      },
      "geometry": {
        "type": "Point",
        "coordinates": [
          83.0101527,
          25.3062478
        ]
      },
      "id": "node/7291055276"
    },
    {
      "type": "Feature",
      "properties": {
        "@id": "node/7291056334",
        "name": "Alakhnanda",
        "tourism": "guest_house"
      },
      "geometry": {
        "type": "Point",
        "coordinates": [
          83.0114933,
          25.3087587
        ]
      },
      "id": "node/7291056334"
    },
    {
      "type": "Feature",
      "properties": {
        "@id": "node/7319403853",
        "addr:city": "Varanasi",
        "addr:housenumber": "D3/23",
        "addr:street": "Meer Ghat",
        "name": "Hotel Alka",
        "tourism": "hotel",
        "website": "https://www.hotelalkavns.com/"
      },
      "geometry": {
        "type": "Point",
        "coordinates": [
          83.0118766,
          25.3090867
        ]
      },
      "id": "node/7319403853"
    },
    {
      "type": "Feature",
      "properties": {
        "@id": "node/7319403880",
        "addr:city": "Varanasi",
        "addr:housenumber": "D-3/24",
        "addr:postcode": "221001",
        "addr:street": "Meer Ghat",
        "name": "Ganpati Guest House",
        "tourism": "guest_house"
      },
      "geometry": {
        "type": "Point",
        "coordinates": [
          83.0120053,
          25.3091528
        ]
      },
      "id": "node/7319403880"
    },
    {
      "type": "Feature",
      "properties": {
        "@id": "node/7328992584",
        "name": "Hotel Attiti",
        "tourism": "hotel"
      },
      "geometry": {
        "type": "Point",
        "coordinates": [
          78.0345771,
          27.160808
        ]
      },
      "id": "node/7328992584"
    },
    {
      "type": "Feature",
      "properties": {
        "@id": "node/7344156917",
        "historic": "yes",
        "name": "Diwan Khana-i Am",
        "tourism": "attraction"
      },
      "geometry": {
        "type": "Point",
        "coordinates": [
          77.6668945,
          27.0975376
        ]
      },
      "id": "node/7344156917"
    },
    {
      "type": "Feature",
      "properties": {
        "@id": "node/7357182185",
        "addr:housenumber": "13",
        "addr:postcode": "201009",
        "addr:street": "Pratap Vihar Road",
        "name:en": "13, H block, pratap vihar",
        "tourism": "apartment"
      },
      "geometry": {
        "type": "Point",
        "coordinates": [
          77.4105184,
          28.648272
        ]
      },
      "id": "node/7357182185"
    },
    {
      "type": "Feature",
      "properties": {
        "@id": "node/7384360286",
        "name:en": "Fort of Ramnagar (Temple Mound)",
        "tourism": "attraction"
      },
      "geometry": {
        "type": "Point",
        "coordinates": [
          79.1347,
          28.372792
        ]
      },
      "id": "node/7384360286"
    },
    {
      "type": "Feature",
      "properties": {
        "@id": "node/7384367585",
        "name:en": "Ahikshetra Castle",
        "tourism": "attraction"
      },
      "geometry": {
        "type": "Point",
        "coordinates": [
          79.1387783,
          28.3727548
        ]
      },
      "id": "node/7384367585"
    },
    {
      "type": "Feature",
      "properties": {
        "@id": "node/7486325786",
        "name:fr": "Pitra Smiviti Vishramgrah",
        "tourism": "hotel"
      },
      "geometry": {
        "type": "Point",
        "coordinates": [
          80.8693287,
          25.1756697
        ]
      },
      "id": "node/7486325786"
    },
    {
      "type": "Feature",
      "properties": {
        "@id": "node/7515256508",
        "name": "Hathi Pol",
        "name:hi": "हाथी पोल",
        "tourism": "attraction"
      },
      "geometry": {
        "type": "Point",
        "coordinates": [
          78.0186461,
          27.1803739
        ]
      },
      "id": "node/7515256508"
    },
    {
      "type": "Feature",
      "properties": {
        "@id": "node/7598629217",
        "internet_access": "wlan",
        "name": "Eden Halt Paying Guest House",
        "tourism": "guest_house",
        "wheelchair": "limited"
      },
      "geometry": {
        "type": "Point",
        "coordinates": [
          83.0077782,
          25.3029428
        ]
      },
      "id": "node/7598629217"
    },
    {
      "type": "Feature",
      "properties": {
        "@id": "node/7668636746",
        "artwork_type": "bust",
        "tourism": "artwork"
      },
      "geometry": {
        "type": "Point",
        "coordinates": [
          80.5824873,
          25.6168477
        ]
      },
      "id": "node/7668636746"
    },
    {
      "type": "Feature",
      "properties": {
        "@id": "node/7730086968",
        "name": "Royal Ashray",
        "tourism": "hotel"
      },
      "geometry": {
        "type": "Point",
        "coordinates": [
          77.3510215,
          28.5605976
        ]
      },
      "id": "node/7730086968"
    },
    {
      "type": "Feature",
      "properties": {
        "@id": "node/7802002936",
        "name": "Jhunki Ghat",
        "tourism": "attraction"
      },
      "geometry": {
        "type": "Point",
        "coordinates": [
          82.1976979,
          26.8066714
        ]
      },
      "id": "node/7802002936"
    },
    {
      "type": "Feature",
      "properties": {
        "@id": "node/7807251890",
        "artwork_type": "statue",
        "tourism": "artwork"
      },
      "geometry": {
        "type": "Point",
        "coordinates": [
          78.6543568,
          27.5620325
        ]
      },
      "id": "node/7807251890"
    },
    {
      "type": "Feature",
      "properties": {
        "@id": "node/7807257728",
        "name": "Hotel Maya Place",
        "tourism": "hotel"
      },
      "geometry": {
        "type": "Point",
        "coordinates": [
          78.6544377,
          27.5616435
        ]
      },
      "id": "node/7807257728"
    },
    {
      "type": "Feature",
      "properties": {
        "@id": "node/7835274259",
        "artwork_type": "statue",
        "name": "Raja Zalim Singh's Statue",
        "tourism": "artwork"
      },
      "geometry": {
        "type": "Point",
        "coordinates": [
          82.3798498,
          26.7775473
        ]
      },
      "id": "node/7835274259"
    },
    {
      "type": "Feature",
      "properties": {
        "@id": "node/7841598818",
        "artwork_type": "sculpture",
        "material": "concrete",
        "name": "Assotech The Nest",
        "tourism": "artwork"
      },
      "geometry": {
        "type": "Point",
        "coordinates": [
          77.438361,
          28.6259814
        ]
      },
      "id": "node/7841598818"
    },
    {
      "type": "Feature",
      "properties": {
        "@id": "node/7851676544",
        "artwork_type": "sculpture",
        "name": "Faceless Rock",
        "tourism": "artwork"
      },
      "geometry": {
        "type": "Point",
        "coordinates": [
          77.4383136,
          28.6264531
        ]
      },
      "id": "node/7851676544"
    },
    {
      "type": "Feature",
      "properties": {
        "@id": "node/7867265858",
        "information": "guidepost",
        "tourism": "information"
      },
      "geometry": {
        "type": "Point",
        "coordinates": [
          80.3291759,
          25.4940542
        ]
      },
      "id": "node/7867265858"
    },
    {
      "type": "Feature",
      "properties": {
        "@id": "node/7897397104",
        "guest_house": "hostel",
        "name": "Hostel 1",
        "tourism": "hostel"
      },
      "geometry": {
        "type": "Point",
        "coordinates": [
          81.909167,
          25.411461
        ]
      },
      "id": "node/7897397104"
    },
    {
      "type": "Feature",
      "properties": {
        "@id": "node/7897397105",
        "addr:postcode": "211019",
        "guest_house": "hostel",
        "name": "Hostel 2",
        "tourism": "hostel"
      },
      "geometry": {
        "type": "Point",
        "coordinates": [
          81.909474,
          25.4110457
        ]
      },
      "id": "node/7897397105"
    },
    {
      "type": "Feature",
      "properties": {
        "@id": "node/7897397106",
        "addr:postcode": "211019",
        "guest_house": "guest_house",
        "internet_access": "yes",
        "internet_access:fee": "customers",
        "name": "Guest House",
        "tourism": "guest_house"
      },
      "geometry": {
        "type": "Point",
        "coordinates": [
          81.9091196,
          25.4108005
        ]
      },
      "id": "node/7897397106"
    },
    {
      "type": "Feature",
      "properties": {
        "@id": "node/7928298124",
        "tourism": "camp_site"
      },
      "geometry": {
        "type": "Point",
        "coordinates": [
          80.5017901,
          25.14941
        ]
      },
      "id": "node/7928298124"
    },
    {
      "type": "Feature",
      "properties": {
        "@id": "node/7944412357",
        "name": "The Four Seasons",
        "tourism": "guest_house"
      },
      "geometry": {
        "type": "Point",
        "coordinates": [
          81.8202743,
          25.4216264
        ]
      },
      "id": "node/7944412357"
    },
    {
      "type": "Feature",
      "properties": {
        "@id": "node/7965511876",
        "name": "The Grand Garden",
        "tourism": "guest_house"
      },
      "geometry": {
        "type": "Point",
        "coordinates": [
          81.8172852,
          25.4165838
        ]
      },
      "id": "node/7965511876"
    },
    {
      "type": "Feature",
      "properties": {
        "@id": "node/7965602387",
        "name": "Eden Garden",
        "tourism": "guest_house"
      },
      "geometry": {
        "type": "Point",
        "coordinates": [
          81.8204095,
          25.4207927
        ]
      },
      "id": "node/7965602387"
    },
    {
      "type": "Feature",
      "properties": {
        "@id": "node/7965602394",
        "name": "Amber Palace",
        "tourism": "guest_house"
      },
      "geometry": {
        "type": "Point",
        "coordinates": [
          81.8208286,
          25.4254697
        ]
      },
      "id": "node/7965602394"
    },
    {
      "type": "Feature",
      "properties": {
        "@id": "node/7965822887",
        "name": "Sai Plaza",
        "tourism": "hotel"
      },
      "geometry": {
        "type": "Point",
        "coordinates": [
          82.5369485,
          26.4313374
        ]
      },
      "id": "node/7965822887"
    },
    {
      "type": "Feature",
      "properties": {
        "@id": "node/8090710336",
        "name": "Ramnagar fort",
        "operator": "UP Tourism",
        "tourism": "attraction"
      },
      "geometry": {
        "type": "Point",
        "coordinates": [
          83.0251106,
          25.270179
        ]
      },
      "id": "node/8090710336"
    },
    {
      "type": "Feature",
      "properties": {
        "@id": "node/8114246696",
        "group_only": "yes",
        "name": "Ramleela Ground",
        "tourism": "camp_site"
      },
      "geometry": {
        "type": "Point",
        "coordinates": [
          83.8481549,
          25.8583778
        ]
      },
      "id": "node/8114246696"
    },
    {
      "type": "Feature",
      "properties": {
        "@id": "node/8117761351",
        "name": "Shalimar marriage hall",
        "tourism": "hotel"
      },
      "geometry": {
        "type": "Point",
        "coordinates": [
          83.8616301,
          25.8577432
        ]
      },
      "id": "node/8117761351"
    },
    {
      "type": "Feature",
      "properties": {
        "@id": "node/8117984908",
        "name": "Maharaja hotel",
        "tourism": "hotel"
      },
      "geometry": {
        "type": "Point",
        "coordinates": [
          83.8563909,
          25.8665534
        ]
      },
      "id": "node/8117984908"
    },
    {
      "type": "Feature",
      "properties": {
        "@id": "node/8133160108",
        "name": "k p hotel",
        "tourism": "hotel"
      },
      "geometry": {
        "type": "Point",
        "coordinates": [
          83.8580866,
          25.8598741
        ]
      },
      "id": "node/8133160108"
    },
    {
      "type": "Feature",
      "properties": {
        "@id": "node/8156957644",
        "internet_access": "yes",
        "internet_access:fee": "no",
        "name": "Om guest house",
        "tourism": "guest_house"
      },
      "geometry": {
        "type": "Point",
        "coordinates": [
          82.9942862,
          25.3457804
        ]
      },
      "id": "node/8156957644"
    },
    {
      "type": "Feature",
      "properties": {
        "@id": "node/8157970059",
        "name": "PAPPU HOTEL",
        "tourism": "hotel"
      },
      "geometry": {
        "type": "Point",
        "coordinates": [
          82.9963561,
          25.3334184
        ]
      },
      "id": "node/8157970059"
    },
    {
      "type": "Feature",
      "properties": {
        "@id": "node/8245509069",
        "name": "Revoli Garden",
        "tourism": "hotel"
      },
      "geometry": {
        "type": "Point",
        "coordinates": [
          80.712339,
          27.5486541
        ]
      },
      "id": "node/8245509069"
    },
    {
      "type": "Feature",
      "properties": {
        "@id": "node/8374020217",
        "name:en": "Supreme Towers",
        "tourism": "apartment"
      },
      "geometry": {
        "type": "Point",
        "coordinates": [
          77.3588805,
          28.5459602
        ]
      },
      "id": "node/8374020217"
    },
    {
      "type": "Feature",
      "properties": {
        "@id": "node/8386219217",
        "name:en": "Sarang Manor Apartment",
        "tourism": "apartment"
      },
      "geometry": {
        "type": "Point",
        "coordinates": [
          80.9453174,
          26.852592
        ]
      },
      "id": "node/8386219217"
    },
    {
      "type": "Feature",
      "properties": {
        "@id": "node/8459920476",
        "name": "Golden Plate",
        "tourism": "hotel"
      },
      "geometry": {
        "type": "Point",
        "coordinates": [
          77.3276109,
          28.6450712
        ]
      },
      "id": "node/8459920476"
    },
    {
      "type": "Feature",
      "properties": {
        "@id": "node/8459920502",
        "name": "Hotel Sunshine Inn",
        "tourism": "hotel"
      },
      "geometry": {
        "type": "Point",
        "coordinates": [
          77.3276082,
          28.64505
        ]
      },
      "id": "node/8459920502"
    },
    {
      "type": "Feature",
      "properties": {
        "@id": "node/8620783396",
        "description": "Hotel Kridha Residency is a hotel in Mathura Vrindavan Near Prem Mandir and Banke Bihari Mandir",
        "image": "https://www.kridharesidency.com/wp-content/uploads/2019/06/hotel-elevation.jpg",
        "name": "Hotel Kridha Residency",
        "tourism": "hotel"
      },
      "geometry": {
        "type": "Point",
        "coordinates": [
          77.666122,
          27.5697744
        ]
      },
      "id": "node/8620783396"
    },
    {
      "type": "Feature",
      "properties": {
        "@id": "node/8689350117",
        "addr:housenumber": "17",
        "name": "खान होम",
        "name:en": "Khan home",
        "tourism": "apartment"
      },
      "geometry": {
        "type": "Point",
        "coordinates": [
          80.5440161,
          28.4857052
        ]
      },
      "id": "node/8689350117"
    },
    {
      "type": "Feature",
      "properties": {
        "@id": "node/8689350217",
        "name": "Fgf",
        "tourism": "apartment"
      },
      "geometry": {
        "type": "Point",
        "coordinates": [
          80.5437133,
          28.4860035
        ]
      },
      "id": "node/8689350217"
    },
    {
      "type": "Feature",
      "properties": {
        "@id": "node/8814492296",
        "artwork_type": "statue",
        "name": "MADAN MOHAN MALAVIYA",
        "tourism": "artwork"
      },
      "geometry": {
        "type": "Point",
        "coordinates": [
          83.0008305,
          25.2755335
        ]
      },
      "id": "node/8814492296"
    },
    {
      "type": "Feature",
      "properties": {
        "@id": "node/8839204272",
        "name": "Hari Vilaas",
        "tourism": "hotel"
      },
      "geometry": {
        "type": "Point",
        "coordinates": [
          82.9946918,
          25.3091636
        ]
      },
      "id": "node/8839204272"
    },
    {
      "type": "Feature",
      "properties": {
        "@id": "node/8844949733",
        "name": "Hotel Castillo",
        "tourism": "hotel"
      },
      "geometry": {
        "type": "Point",
        "coordinates": [
          82.9884604,
          25.3119334
        ]
      },
      "id": "node/8844949733"
    },
    {
      "type": "Feature",
      "properties": {
        "@id": "node/8844949750",
        "name": "Hotel Siddharth",
        "tourism": "hotel"
      },
      "geometry": {
        "type": "Point",
        "coordinates": [
          82.9900622,
          25.3098661
        ]
      },
      "id": "node/8844949750"
    },
    {
      "type": "Feature",
      "properties": {
        "@id": "node/8845206128",
        "name": "Hotel Padmini International",
        "tourism": "hotel"
      },
      "geometry": {
        "type": "Point",
        "coordinates": [
          82.9835763,
          25.3075145
        ]
      },
      "id": "node/8845206128"
    },
    {
      "type": "Feature",
      "properties": {
        "@id": "node/8848447863",
        "name": "Golden Sky",
        "tourism": "hotel"
      },
      "geometry": {
        "type": "Point",
        "coordinates": [
          80.9299811,
          26.8334596
        ]
      },
      "id": "node/8848447863"
    },
    {
      "type": "Feature",
      "properties": {
        "@id": "node/8849956804",
        "name": "The Landmark",
        "tourism": "hotel"
      },
      "geometry": {
        "type": "Point",
        "coordinates": [
          82.9803709,
          25.3044479
        ]
      },
      "id": "node/8849956804"
    },
    {
      "type": "Feature",
      "properties": {
        "@id": "node/8850052017",
        "name": "BLW Guest House",
        "tourism": "guest_house"
      },
      "geometry": {
        "type": "Point",
        "coordinates": [
          82.9626866,
          25.2815328
        ]
      },
      "id": "node/8850052017"
    },
    {
      "type": "Feature",
      "properties": {
        "@id": "node/8850763062",
        "name": "Hotel Chandra Inn",
        "tourism": "hotel"
      },
      "geometry": {
        "type": "Point",
        "coordinates": [
          82.9693989,
          25.3001655
        ]
      },
      "id": "node/8850763062"
    },
    {
      "type": "Feature",
      "properties": {
        "@id": "node/8853716375",
        "name": "Hotel JK International",
        "tourism": "hotel"
      },
      "geometry": {
        "type": "Point",
        "coordinates": [
          83.000094,
          25.3087262
        ]
      },
      "id": "node/8853716375"
    },
    {
      "type": "Feature",
      "properties": {
        "@id": "node/8892970396",
        "addr:city": "Robertsganj",
        "addr:housenumber": "Ward Number 7,",
        "addr:postcode": "231216",
        "addr:street": "Kamarhi, Robertsganj, Uttar Pradesh",
        "name": "Balram Das Dhrmsala",
        "tourism": "hotel"
      },
      "geometry": {
        "type": "Point",
        "coordinates": [
          83.0616869,
          24.6913382
        ]
      },
      "id": "node/8892970396"
    },
    {
      "type": "Feature",
      "properties": {
        "@id": "node/8892970397",
        "addr:city": "Robertsganj",
        "addr:housenumber": "SH 5A",
        "addr:postcode": "231216",
        "addr:street": ", Uttar Mohal, Robertsganj, Uttar Pradesh",
        "name": "Paramhans Hotel",
        "tourism": "hotel"
      },
      "geometry": {
        "type": "Point",
        "coordinates": [
          83.0618955,
          24.6920711
        ]
      },
      "id": "node/8892970397"
    },
    {
      "type": "Feature",
      "properties": {
        "@id": "node/8893019394",
        "addr:city": "Robertsganj",
        "addr:postcode": "231216",
        "addr:street": "Main Rd, Uttar Mohal, Robertsganj, Uttar Pradesh 231216",
        "name": "Chandi Hotel",
        "tourism": "hotel"
      },
      "geometry": {
        "type": "Point",
        "coordinates": [
          83.0661294,
          24.696029
        ]
      },
      "id": "node/8893019394"
    },
    {
      "type": "Feature",
      "properties": {
        "@id": "node/8894044295",
        "name": "Pajawa Ramleela",
        "tourism": "guest_house"
      },
      "geometry": {
        "type": "Point",
        "coordinates": [
          81.8309181,
          25.4304735
        ]
      },
      "id": "node/8894044295"
    },
    {
      "type": "Feature",
      "properties": {
        "@id": "node/8899865491",
        "name": "Purvanchal Hotel",
        "tourism": "hotel"
      },
      "geometry": {
        "type": "Point",
        "coordinates": [
          81.0028984,
          26.8733715
        ]
      },
      "id": "node/8899865491"
    },
    {
      "type": "Feature",
      "properties": {
        "@id": "node/8901797640",
        "group_only": "yes",
        "name": "GAYATRI Nagar",
        "tourism": "camp_site"
      },
      "geometry": {
        "type": "Point",
        "coordinates": [
          78.8138789,
          25.569735
        ]
      },
      "id": "node/8901797640"
    },
    {
      "type": "Feature",
      "properties": {
        "@id": "node/8903940739",
        "name": "madras hotel",
        "tourism": "hotel"
      },
      "geometry": {
        "type": "Point",
        "coordinates": [
          81.8741893,
          25.4544088
        ]
      },
      "id": "node/8903940739"
    },
    {
      "type": "Feature",
      "properties": {
        "@id": "node/8903940740",
        "name": "hotel grand",
        "tourism": "hotel"
      },
      "geometry": {
        "type": "Point",
        "coordinates": [
          81.8722117,
          25.454777
        ]
      },
      "id": "node/8903940740"
    },
    {
      "type": "Feature",
      "properties": {
        "@id": "node/8909234451",
        "name": "Kiran guest house",
        "tourism": "guest_house"
      },
      "geometry": {
        "type": "Point",
        "coordinates": [
          82.9706057,
          25.2900139
        ]
      },
      "id": "node/8909234451"
    },
    {
      "type": "Feature",
      "properties": {
        "@id": "node/8909565668",
        "name": "PTPP VIP GUEST HOUSE",
        "tourism": "guest_house"
      },
      "geometry": {
        "type": "Point",
        "coordinates": [
          78.7534212,
          25.5172818
        ]
      },
      "id": "node/8909565668"
    },
    {
      "type": "Feature",
      "properties": {
        "@id": "node/8909565671",
        "name": "Shripat Yadav Home",
        "tourism": "guest_house"
      },
      "geometry": {
        "type": "Point",
        "coordinates": [
          78.7427802,
          25.507956
        ]
      },
      "id": "node/8909565671"
    },
    {
      "type": "Feature",
      "properties": {
        "@id": "node/8909565672",
        "name": "Maa kaushlya bhavan parichha baratha",
        "tourism": "guest_house"
      },
      "geometry": {
        "type": "Point",
        "coordinates": [
          78.7413583,
          25.5069593
        ]
      },
      "id": "node/8909565672"
    },
    {
      "type": "Feature",
      "properties": {
        "@id": "node/8909773532",
        "name": "OYO 15177 Hotel HKJ Sanskriti",
        "tourism": "hotel"
      },
      "geometry": {
        "type": "Point",
        "coordinates": [
          82.9746175,
          25.2883142
        ]
      },
      "id": "node/8909773532"
    },
    {
      "type": "Feature",
      "properties": {
        "@id": "node/8909832494",
        "tourism": "hotel"
      },
      "geometry": {
        "type": "Point",
        "coordinates": [
          82.96954,
          25.2877065
        ]
      },
      "id": "node/8909832494"
    },
    {
      "type": "Feature",
      "properties": {
        "@id": "node/8911017280",
        "name": "Neelgiri Girls Hostel",
        "tourism": "hostel"
      },
      "geometry": {
        "type": "Point",
        "coordinates": [
          80.9439784,
          26.8947509
        ]
      },
      "id": "node/8911017280"
    },
    {
      "type": "Feature",
      "properties": {
        "@id": "node/8911035314",
        "brand": "OYO",
        "brand:wikidata": "Q24906315",
        "name": "OYO",
        "tourism": "hotel"
      },
      "geometry": {
        "type": "Point",
        "coordinates": [
          77.4340314,
          28.6656972
        ]
      },
      "id": "node/8911035314"
    },
    {
      "type": "Feature",
      "properties": {
        "@id": "node/8911050817",
        "name": "sangam nose",
        "tourism": "attraction"
      },
      "geometry": {
        "type": "Point",
        "coordinates": [
          81.8875784,
          25.4266007
        ]
      },
      "id": "node/8911050817"
    },
    {
      "type": "Feature",
      "properties": {
        "@id": "node/8911055617",
        "name": "panda's tents",
        "tourism": "attraction"
      },
      "geometry": {
        "type": "Point",
        "coordinates": [
          81.8865302,
          25.4265607
        ]
      },
      "id": "node/8911055617"
    },
    {
      "type": "Feature",
      "properties": {
        "@id": "node/8911071710",
        "name": "anand bhavan",
        "tourism": "attraction"
      },
      "geometry": {
        "type": "Point",
        "coordinates": [
          81.8602761,
          25.4587936
        ]
      },
      "id": "node/8911071710"
    },
    {
      "type": "Feature",
      "properties": {
        "@id": "node/8911088596",
        "name": "lalta hotel",
        "tourism": "hotel"
      },
      "geometry": {
        "type": "Point",
        "coordinates": [
          81.8634926,
          25.4573913
        ]
      },
      "id": "node/8911088596"
    },
    {
      "type": "Feature",
      "properties": {
        "@id": "node/8911090413",
        "name": "raj palace",
        "tourism": "hotel"
      },
      "geometry": {
        "type": "Point",
        "coordinates": [
          81.8645229,
          25.456746
        ]
      },
      "id": "node/8911090413"
    },
    {
      "type": "Feature",
      "properties": {
        "@id": "node/8911262532",
        "name": "THE ROYAL PALACE HOTEL AND MARRIAGE BANQUET HALL NAUGARH",
        "tourism": "hotel"
      },
      "geometry": {
        "type": "Point",
        "coordinates": [
          83.0825737,
          27.2703558
        ]
      },
      "id": "node/8911262532"
    },
    {
      "type": "Feature",
      "properties": {
        "@id": "node/8912077082",
        "name": "Royal Green's The Party lawn",
        "tourism": "hotel"
      },
      "geometry": {
        "type": "Point",
        "coordinates": [
          83.0828384,
          27.262467
        ]
      },
      "id": "node/8912077082"
    },
    {
      "type": "Feature",
      "properties": {
        "@id": "node/8918187048",
        "group_only": "yes",
        "name": "PLAY GROUND",
        "tourism": "camp_site"
      },
      "geometry": {
        "type": "Point",
        "coordinates": [
          82.550955,
          25.1122143
        ]
      },
      "id": "node/8918187048"
    },
    {
      "type": "Feature",
      "properties": {
        "@id": "node/9037630920",
        "addr:housenumber": "B27/31K",
        "addr:postcode": "221005",
        "addr:street": "Ravindrapuri Road",
        "name:en": "Awadhdham Society",
        "tourism": "apartment"
      },
      "geometry": {
        "type": "Point",
        "coordinates": [
          83.0003927,
          25.2881918
        ]
      },
      "id": "node/9037630920"
    },
    {
      "type": "Feature",
      "properties": {
        "@id": "node/9157316917",
        "addr:housenumber": "C-58/1",
        "addr:postcode": "201307",
        "addr:street": "Vishwakarma Road",
        "name:en": "NTPC Vinayak Apartment",
        "tourism": "apartment"
      },
      "geometry": {
        "type": "Point",
        "coordinates": [
          77.3724409,
          28.6108089
        ]
      },
      "id": "node/9157316917"
    },
    {
      "type": "Feature",
      "properties": {
        "@id": "node/9157358417",
        "addr:housenumber": "C-58/2",
        "addr:postcode": "201309",
        "addr:street": "Vishwakarma Road",
        "name:en": "Vasant Apartments",
        "tourism": "apartment"
      },
      "geometry": {
        "type": "Point",
        "coordinates": [
          77.3725307,
          28.6114727
        ]
      },
      "id": "node/9157358417"
    },
    {
      "type": "Feature",
      "properties": {
        "@id": "node/9157358517",
        "addr:postcode": "201309",
        "addr:street": "Vishwakarma Road",
        "name:en": "Ushma Urja Apartments",
        "tourism": "apartment"
      },
      "geometry": {
        "type": "Point",
        "coordinates": [
          77.3726075,
          28.612102
        ]
      },
      "id": "node/9157358517"
    },
    {
      "type": "Feature",
      "properties": {
        "@id": "node/9157359317",
        "addr:housenumber": "C-58/4",
        "addr:postcode": "201309",
        "addr:street": "Vishwakarma Road",
        "name:en": "Sanchar Vihar Society",
        "tourism": "apartment"
      },
      "geometry": {
        "type": "Point",
        "coordinates": [
          77.3726525,
          28.6126146
        ]
      },
      "id": "node/9157359317"
    },
    {
      "type": "Feature",
      "properties": {
        "@id": "node/9181616071",
        "name": "Ashira Inn",
        "tourism": "hotel"
      },
      "geometry": {
        "type": "Point",
        "coordinates": [
          77.476817,
          28.4766991
        ]
      },
      "id": "node/9181616071"
    },
    {
      "type": "Feature",
      "properties": {
        "@id": "node/9261197864",
        "name": "site location",
        "tourism": "picnic_site"
      },
      "geometry": {
        "type": "Point",
        "coordinates": [
          80.6548854,
          27.5583531
        ]
      },
      "id": "node/9261197864"
    },
    {
      "type": "Feature",
      "properties": {
        "@id": "node/9289726517",
        "name:en": "Habbibullah Estate",
        "tourism": "attraction"
      },
      "geometry": {
        "type": "Point",
        "coordinates": [
          80.9418772,
          26.8511421
        ]
      },
      "id": "node/9289726517"
    },
    {
      "type": "Feature",
      "properties": {
        "@id": "node/9342828813",
        "artwork_type": "statue",
        "name": "TATA Statue",
        "tourism": "artwork"
      },
      "geometry": {
        "type": "Point",
        "coordinates": [
          78.4196195,
          28.2867427
        ]
      },
      "id": "node/9342828813"
    },
    {
      "type": "Feature",
      "properties": {
        "@id": "node/9407241970",
        "information": "map",
        "tourism": "information"
      },
      "geometry": {
        "type": "Point",
        "coordinates": [
          79.9809625,
          28.1556109
        ]
      },
      "id": "node/9407241970"
    },
    {
      "type": "Feature",
      "properties": {
        "@id": "node/9529147002",
        "addr:city": "Farrukhabad",
        "name": "Ayodhya Hotel",
        "tourism": "hotel"
      },
      "geometry": {
        "type": "Point",
        "coordinates": [
          79.5829236,
          27.3815842
        ]
      },
      "id": "node/9529147002"
    },
    {
      "type": "Feature",
      "properties": {
        "@id": "node/9529343817",
        "amenity": "charging_station",
        "name:en": "shiv shakti cold storage",
        "tourism": "apartment"
      },
      "geometry": {
        "type": "Point",
        "coordinates": [
          78.0407736,
          27.2708197
        ]
      },
      "id": "node/9529343817"
    },
    {
      "type": "Feature",
      "properties": {
        "@id": "node/9536057222",
        "amenity": "restaurant",
        "name": "تمنا ہوٹل اور ریستوران",
        "name:ur": "تمنا ہوٹل اور ریستوران",
        "tourism": "hotel"
      },
      "geometry": {
        "type": "Point",
        "coordinates": [
          79.0166851,
          28.8157027
        ]
      },
      "id": "node/9536057222"
    },
    {
      "type": "Feature",
      "properties": {
        "@id": "node/9536057231",
        "denomination": "shia",
        "name": "شیعہ مسجد اور قبرستان رام پور",
        "name:ur": "شیعہ مسجد اور قبرستان رام پور",
        "religion": "muslim",
        "tourism": "attraction"
      },
      "geometry": {
        "type": "Point",
        "coordinates": [
          79.0194021,
          28.8173231
        ]
      },
      "id": "node/9536057231"
    },
    {
      "type": "Feature",
      "properties": {
        "@id": "node/9545016317",
        "addr:postcode": "244001",
        "name": "स्वर्गीय श्रीमती वीना अग्रवाल स्मृति उद्यान",
        "name:en": "swargiya shreemati veena aggarwal smriti udyan",
        "tourism": "attraction"
      },
      "geometry": {
        "type": "Point",
        "coordinates": [
          78.7657777,
          28.8432345
        ]
      },
      "id": "node/9545016317"
    },
    {
      "type": "Feature",
      "properties": {
        "@id": "node/9551566117",
        "name:en": "Yogi Soul GH",
        "tourism": "hotel"
      },
      "geometry": {
        "type": "Point",
        "coordinates": [
          83.0091225,
          25.3071277
        ]
      },
      "id": "node/9551566117"
    },
    {
      "type": "Feature",
      "properties": {
        "@id": "node/9551566118",
        "air_conditioning": "yes",
        "internet_access": "wlan",
        "name:en": "GS Residency",
        "tourism": "hotel"
      },
      "geometry": {
        "type": "Point",
        "coordinates": [
          83.00939,
          25.3073497
        ]
      },
      "id": "node/9551566118"
    },
    {
      "type": "Feature",
      "properties": {
        "@id": "node/9551566217",
        "name:en": "Sri Venkateshwar Lodge",
        "tourism": "hotel"
      },
      "geometry": {
        "type": "Point",
        "coordinates": [
          83.0099978,
          25.3087691
        ]
      },
      "id": "node/9551566217"
    },
    {
      "type": "Feature",
      "properties": {
        "@id": "node/9645813617",
        "addr:postcode": "282007",
        "addr:street": "Bichpuri -Agra road",
        "name:en": "Shanti Residency",
        "tourism": "apartment"
      },
      "geometry": {
        "type": "Point",
        "coordinates": [
          77.9303121,
          27.1920283
        ]
      },
      "id": "node/9645813617"
    },
    {
      "type": "Feature",
      "properties": {
        "@id": "node/9677084093",
        "name": "Moustache Hostel",
        "tourism": "hostel",
        "website": "https://www.moustachescapes.com/accommodation/Hostel/varanasi"
      },
      "geometry": {
        "type": "Point",
        "coordinates": [
          83.0049152,
          25.2868976
        ]
      },
      "id": "node/9677084093"
    },
    {
      "type": "Feature",
      "properties": {
        "@id": "node/9740683536",
        "guest_house": "guest_house",
        "name": "Central Government Touring Officers Guest House",
        "operator": "Central Public Works Department",
        "tourism": "guest_house"
      },
      "geometry": {
        "type": "Point",
        "coordinates": [
          80.9400752,
          26.8985913
        ]
      },
      "id": "node/9740683536"
    },
    {
      "type": "Feature",
      "properties": {
        "@id": "node/9844004417",
        "addr:street": "Delhi Agra Road",
        "name": "प्रधान ट्रक ढाबा",
        "name:en": "Pradhan truck Dhaba",
        "tourism": "hotel"
      },
      "geometry": {
        "type": "Point",
        "coordinates": [
          77.4924982,
          27.7440272
        ]
      },
      "id": "node/9844004417"
    },
    {
      "type": "Feature",
      "properties": {
        "@id": "node/9852615217",
        "tourism": "apartment"
      },
      "geometry": {
        "type": "Point",
        "coordinates": [
          83.0031223,
          25.312724
        ]
      },
      "id": "node/9852615217"
    },
    {
      "type": "Feature",
      "properties": {
        "@id": "node/9867137618",
        "name": "Lolark Kund",
        "tourism": "attraction"
      },
      "geometry": {
        "type": "Point",
        "coordinates": [
          83.0058012,
          25.2910137
        ]
      },
      "id": "node/9867137618"
    },
    {
      "type": "Feature",
      "properties": {
        "@id": "node/9869974473",
        "addr:city": "AGRA",
        "addr:housenumber": "37-38",
        "addr:postcode": "282001",
        "addr:street": "Shilpgram Road, R K Puram Taj Nagri Phase -1",
        "guest_house": "hotel",
        "internet_access": "yes",
        "internet_access:fee": "no",
        "name": "Agra Hotel Marygold",
        "operator": "Marygold",
        "phone": "+918700186682",
        "rooms": "20",
        "tourism": "guest_house"
      },
      "geometry": {
        "type": "Point",
        "coordinates": [
          78.0535816,
          27.1619965
        ]
      },
      "id": "node/9869974473"
    },
    {
      "type": "Feature",
      "properties": {
        "@id": "node/9910181466",
        "artwork_type": "statue",
        "name": "Ambedkar Statue",
        "name:hi": "अम्बेडकर प्रतिमा",
        "tourism": "artwork"
      },
      "geometry": {
        "type": "Point",
        "coordinates": [
          80.9744607,
          26.8487105
        ]
      },
      "id": "node/9910181466"
    },
    {
      "type": "Feature",
      "properties": {
        "@id": "node/9920967717",
        "addr:housenumber": "202",
        "addr:postcode": "221001",
        "internet_access": "wlan",
        "name:en": "EGarden Stay Vajra Villa",
        "phone": "+917985393095",
        "tourism": "apartment"
      },
      "geometry": {
        "type": "Point",
        "coordinates": [
          83.0012739,
          25.2937326
        ]
      },
      "id": "node/9920967717"
    },
    {
      "type": "Feature",
      "properties": {
        "@id": "node/9941345317",
        "addr:street": "Kalyanpur Road",
        "name:en": "Rudra Greens",
        "tourism": "apartment"
      },
      "geometry": {
        "type": "Point",
        "coordinates": [
          80.2598435,
          26.5316652
        ]
      },
      "id": "node/9941345317"
    },
    {
      "type": "Feature",
      "properties": {
        "@id": "node/10030630395",
        "addr:street": "Ayothiya Dham",
        "name": "Surya palace",
        "tourism": "hotel"
      },
      "geometry": {
        "type": "Point",
        "coordinates": [
          82.2234313,
          26.7968569
        ]
      },
      "id": "node/10030630395"
    },
    {
      "type": "Feature",
      "properties": {
        "@id": "node/10118129917",
        "name:en": "Surasena Regal Vista",
        "tourism": "hotel"
      },
      "geometry": {
        "type": "Point",
        "coordinates": [
          78.0498483,
          27.1569097
        ]
      },
      "id": "node/10118129917"
    },
    {
      "type": "Feature",
      "properties": {
        "@id": "node/10123663996",
        "name": "Nawla Resort",
        "tourism": "hotel"
      },
      "geometry": {
        "type": "Point",
        "coordinates": [
          77.7246583,
          29.2484621
        ]
      },
      "id": "node/10123663996"
    },
    {
      "type": "Feature",
      "properties": {
        "@id": "node/10135581327",
        "name": "Madhav Inn Hotel and Restaurant",
        "tourism": "hotel"
      },
      "geometry": {
        "type": "Point",
        "coordinates": [
          77.8488811,
          27.9400184
        ]
      },
      "id": "node/10135581327"
    },
    {
      "type": "Feature",
      "properties": {
        "@id": "node/10135581400",
        "air_conditioning": "yes",
        "internet_access": "wlan",
        "name": "Vijay Vilas Hotel",
        "tourism": "hotel"
      },
      "geometry": {
        "type": "Point",
        "coordinates": [
          78.0066246,
          27.2149719
        ]
      },
      "id": "node/10135581400"
    },
    {
      "type": "Feature",
      "properties": {
        "@id": "node/10147376927",
        "name": "T P Garden & Hotel",
        "tourism": "hotel"
      },
      "geometry": {
        "type": "Point",
        "coordinates": [
          79.0370222,
          27.2237331
        ]
      },
      "id": "node/10147376927"
    },
    {
      "type": "Feature",
      "properties": {
        "@id": "node/10154982816",
        "air_conditioning": "yes",
        "internet_access": "wlan",
        "name": "Hotel Asha",
        "tourism": "hotel"
      },
      "geometry": {
        "type": "Point",
        "coordinates": [
          79.9175666,
          27.0343694
        ]
      },
      "id": "node/10154982816"
    },
    {
      "type": "Feature",
      "properties": {
        "@id": "node/10154992916",
        "guest_house": "hostel",
        "name": "Backpackers Den",
        "tourism": "hostel"
      },
      "geometry": {
        "type": "Point",
        "coordinates": [
          80.9497343,
          26.831867
        ]
      },
      "id": "node/10154992916"
    },
    {
      "type": "Feature",
      "properties": {
        "@id": "node/10162249076",
        "name": "Comfort Inn Hotel",
        "tourism": "hotel"
      },
      "geometry": {
        "type": "Point",
        "coordinates": [
          80.7877773,
          27.9398885
        ]
      },
      "id": "node/10162249076"
    },
    {
      "type": "Feature",
      "properties": {
        "@id": "node/10168090424",
        "name": "Golden Palms Nanpara",
        "tourism": "hotel"
      },
      "geometry": {
        "type": "Point",
        "coordinates": [
          81.5117484,
          27.851734
        ]
      },
      "id": "node/10168090424"
    },
    {
      "type": "Feature",
      "properties": {
        "@id": "node/10177637791",
        "group_only": "yes",
        "tourism": "camp_site"
      },
      "geometry": {
        "type": "Point",
        "coordinates": [
          78.406553,
          28.0457001
        ]
      },
      "id": "node/10177637791"
    },
    {
      "type": "Feature",
      "properties": {
        "@id": "node/10178030715",
        "name": "MDS Royal Resort",
        "tourism": "hotel"
      },
      "geometry": {
        "type": "Point",
        "coordinates": [
          82.4065151,
          27.5296685
        ]
      },
      "id": "node/10178030715"
    },
    {
      "type": "Feature",
      "properties": {
        "@id": "node/10178039903",
        "name": "Yash Resort & Banquet",
        "tourism": "hotel"
      },
      "geometry": {
        "type": "Point",
        "coordinates": [
          83.3366745,
          27.2916885
        ]
      },
      "id": "node/10178039903"
    },
    {
      "type": "Feature",
      "properties": {
        "@id": "node/10180857944",
        "name": "Sir Ziauddin Ha",
        "tourism": "hostel"
      },
      "geometry": {
        "type": "Point",
        "coordinates": [
          78.0751829,
          27.9173082
        ]
      },
      "id": "node/10180857944"
    },
    {
      "type": "Feature",
      "properties": {
        "@id": "node/10213482837",
        "addr:street": "C block sector 55, Noida, 201307, Uttar Pradesh, India",
        "name": "Radisson",
        "opening_hours": "Mo-Su 00:00-12:00",
        "phone": "+911204678888",
        "tourism": "hotel",
        "website": "radissonhotels.com/radisson"
      },
      "geometry": {
        "type": "Point",
        "coordinates": [
          77.3500602,
          28.6042424
        ]
      },
      "id": "node/10213482837"
    },
    {
      "type": "Feature",
      "properties": {
        "@id": "node/10250515637",
        "addr:city": "GREATER NOIDA",
        "addr:housenumber": "33/2D",
        "addr:postcode": "201310",
        "addr:street": "KNOWLEDGE PARK III",
        "name": "SANGVI PALACE HOTEL",
        "tourism": "hotel"
      },
      "geometry": {
        "type": "Point",
        "coordinates": [
          77.4925824,
          28.4793062
        ]
      },
      "id": "node/10250515637"
    },
    {
      "type": "Feature",
      "properties": {
        "@id": "node/10262123109",
        "name": "View Point Taj Mahal 50 INR",
        "tourism": "attraction"
      },
      "geometry": {
        "type": "Point",
        "coordinates": [
          78.0405625,
          27.1785057
        ]
      },
      "id": "node/10262123109"
    },
    {
      "type": "Feature",
      "properties": {
        "@id": "node/10292835412",
        "name:en": "Swastika",
        "tourism": "attraction"
      },
      "geometry": {
        "type": "Point",
        "coordinates": [
          83.0068462,
          25.2931707
        ]
      },
      "id": "node/10292835412"
    },
    {
      "type": "Feature",
      "properties": {
        "@id": "node/10314785709",
        "tourism": "hotel"
      },
      "geometry": {
        "type": "Point",
        "coordinates": [
          83.0080346,
          25.2851373
        ]
      },
      "id": "node/10314785709"
    },
    {
      "type": "Feature",
      "properties": {
        "@id": "node/10315059865",
        "name": "PK Residency",
        "tourism": "hotel"
      },
      "geometry": {
        "type": "Point",
        "coordinates": [
          77.365943,
          28.5369936
        ]
      },
      "id": "node/10315059865"
    },
    {
      "type": "Feature",
      "properties": {
        "@id": "node/10540103108",
        "addr:city": "Lucknow",
        "addr:country": "IN",
        "addr:housenumber": "643/068",
        "addr:postcode": "226020",
        "addr:street": "Sitapur Road",
        "email": "contact@janardanresort.in",
        "guest_house": "guest_house",
        "highway": "turning_circle",
        "image": "https://www.janardanresort.in/hotel/photos/janardan-guest-house-lucknow/3.jpg",
        "internet_access": "wlan",
        "internet_access:fee": "no",
        "name": "Janardan Guest House Lucknow",
        "operator": "Janardan Farms and Resorts LLP",
        "payment:cash": "yes",
        "payment:cheque": "yes",
        "payment:contactless": "yes",
        "payment:credit_cards": "yes",
        "payment:debit_cards": "yes",
        "payment:google_pay": "yes",
        "payment:maestro": "yes",
        "payment:mastercard": "yes",
        "payment:paypal": "yes",
        "payment:visa": "yes",
        "payment:visa_debit": "yes",
        "phone": "+916388905061",
        "reservation": "yes",
        "rooms": "5",
        "smoking": "yes",
        "tourism": "guest_house",
        "website": "https://www.janardanresort.in/"
      },
      "geometry": {
        "type": "Point",
        "coordinates": [
          80.9350308,
          26.9294726
        ]
      },
      "id": "node/10540103108"
    },
    {
      "type": "Feature",
      "properties": {
        "@id": "node/10556589009",
        "name:en": "NRI CITY, GROUP HOUSING 1",
        "tourism": "apartment"
      },
      "geometry": {
        "type": "Point",
        "coordinates": [
          77.5143385,
          28.4611921
        ]
      },
      "id": "node/10556589009"
    },
    {
      "type": "Feature",
      "properties": {
        "@id": "node/10583129149",
        "artwork_type": "sculpture",
        "name": "Silver Jubilee Landmark",
        "tourism": "artwork"
      },
      "geometry": {
        "type": "Point",
        "coordinates": [
          80.2334593,
          26.5116339
        ]
      },
      "id": "node/10583129149"
    },
    {
      "type": "Feature",
      "properties": {
        "@id": "node/10603925693",
        "brand": "OYO",
        "brand:wikidata": "Q24906315",
        "name": "OYO Townhouse",
        "tourism": "hotel"
      },
      "geometry": {
        "type": "Point",
        "coordinates": [
          80.9835184,
          26.8858093
        ]
      },
      "id": "node/10603925693"
    },
    {
      "type": "Feature",
      "properties": {
        "@id": "node/10605470639",
        "name": "Hotel Bandhan",
        "tourism": "hotel"
      },
      "geometry": {
        "type": "Point",
        "coordinates": [
          80.981356,
          26.8725626
        ]
      },
      "id": "node/10605470639"
    },
    {
      "type": "Feature",
      "properties": {
        "@id": "node/10605651847",
        "name": "Shubhkamna Grand",
        "stars": "2",
        "tourism": "hotel"
      },
      "geometry": {
        "type": "Point",
        "coordinates": [
          80.9776093,
          26.8740021
        ]
      },
      "id": "node/10605651847"
    },
    {
      "type": "Feature",
      "properties": {
        "@id": "node/10607550934",
        "brand": "Renaissance",
        "brand:wikidata": "Q2143252",
        "name": "Renaissance Hotel",
        "tourism": "hotel"
      },
      "geometry": {
        "type": "Point",
        "coordinates": [
          80.9731692,
          26.8525168
        ]
      },
      "id": "node/10607550934"
    },
    {
      "type": "Feature",
      "properties": {
        "@id": "node/10607551024",
        "name": "Kukrail Crocodile Park",
        "tourism": "zoo",
        "zoo": "wildlife_park"
      },
      "geometry": {
        "type": "Point",
        "coordinates": [
          80.9885657,
          26.9105552
        ]
      },
      "id": "node/10607551024"
    },
    {
      "type": "Feature",
      "properties": {
        "@id": "node/10609400585",
        "artwork_type": "statue",
        "name": "Swami Vivekananda Statue",
        "tourism": "artwork"
      },
      "geometry": {
        "type": "Point",
        "coordinates": [
          80.3143905,
          26.4767065
        ]
      },
      "id": "node/10609400585"
    },
    {
      "type": "Feature",
      "properties": {
        "@id": "node/10610407748",
        "name": "Hotel Savvy Grand",
        "tourism": "hotel"
      },
      "geometry": {
        "type": "Point",
        "coordinates": [
          80.9965736,
          26.865763
        ]
      },
      "id": "node/10610407748"
    },
    {
      "type": "Feature",
      "properties": {
        "@id": "node/10657007540",
        "name": "Hotel Shri Ram International",
        "tourism": "hotel"
      },
      "geometry": {
        "type": "Point",
        "coordinates": [
          82.7674245,
          24.2074048
        ]
      },
      "id": "node/10657007540"
    },
    {
      "type": "Feature",
      "properties": {
        "@id": "node/10676068580",
        "name": "Akhbari Mahal",
        "tourism": "attraction"
      },
      "geometry": {
        "type": "Point",
        "coordinates": [
          78.023238,
          27.1769871
        ]
      },
      "id": "node/10676068580"
    },
    {
      "type": "Feature",
      "properties": {
        "@id": "node/10676070732",
        "name": "The Shahjahani Mahalia (1628-35)",
        "tourism": "information"
      },
      "geometry": {
        "type": "Point",
        "coordinates": [
          78.0235306,
          27.1779305
        ]
      },
      "id": "node/10676070732"
    },
    {
      "type": "Feature",
      "properties": {
        "@id": "node/10676095026",
        "name": "Jahangir's chain of justice",
        "tourism": "information"
      },
      "geometry": {
        "type": "Point",
        "coordinates": [
          78.0236,
          27.1787361
        ]
      },
      "id": "node/10676095026"
    },
    {
      "type": "Feature",
      "properties": {
        "@id": "node/10676099818",
        "name": "Ghaznin - Gate (1030)",
        "tourism": "information"
      },
      "geometry": {
        "type": "Point",
        "coordinates": [
          78.0233584,
          27.1780627
        ]
      },
      "id": "node/10676099818"
    },
    {
      "type": "Feature",
      "properties": {
        "@id": "node/10676100462",
        "name": "Hauz-i-Jehangir",
        "name:en": "Jahangir's Bath Tub",
        "tourism": "attraction"
      },
      "geometry": {
        "type": "Point",
        "coordinates": [
          78.0225118,
          27.1776632
        ]
      },
      "id": "node/10676100462"
    },
    {
      "type": "Feature",
      "properties": {
        "@id": "node/10676100658",
        "name": "The Bengali-Mahal (1565-1569)",
        "tourism": "information"
      },
      "geometry": {
        "type": "Point",
        "coordinates": [
          78.0228434,
          27.1771525
        ]
      },
      "id": "node/10676100658"
    },
    {
      "type": "Feature",
      "properties": {
        "@id": "node/10680022119",
        "name": "Tomb of I'Timad-ud-Daulah",
        "tourism": "information"
      },
      "geometry": {
        "type": "Point",
        "coordinates": [
          78.0317944,
          27.1926147
        ]
      },
      "id": "node/10680022119"
    },
    {
      "type": "Feature",
      "properties": {
        "@id": "node/10693200405",
        "addr:street": "IIM Road",
        "name:en": "Shalimar Bay Garden",
        "tourism": "apartment"
      },
      "geometry": {
        "type": "Point",
        "coordinates": [
          80.8822507,
          26.9261155
        ]
      },
      "id": "node/10693200405"
    },
    {
      "type": "Feature",
      "properties": {
        "@id": "node/10715824027",
        "addr:street": "stadium road, fci colony",
        "name": "Tulip tower apartment",
        "tourism": "apartment"
      },
      "geometry": {
        "type": "Point",
        "coordinates": [
          79.4338989,
          28.376732
        ]
      },
      "id": "node/10715824027"
    },
    {
      "type": "Feature",
      "properties": {
        "@id": "node/10728950306",
        "addr:postcode": "201307",
        "addr:street": "Sector 119",
        "name:en": "Amrapali Platinum",
        "tourism": "apartment"
      },
      "geometry": {
        "type": "Point",
        "coordinates": [
          77.4005231,
          28.588828
        ]
      },
      "id": "node/10728950306"
    },
    {
      "type": "Feature",
      "properties": {
        "@id": "node/10759432365",
        "name": "Madhur Milan Guest House",
        "tourism": "guest_house"
      },
      "geometry": {
        "type": "Point",
        "coordinates": [
          80.9272964,
          26.8471144
        ]
      },
      "id": "node/10759432365"
    },
    {
      "type": "Feature",
      "properties": {
        "@id": "node/10763748971",
        "name": "N.homestay",
        "tourism": "guest_house"
      },
      "geometry": {
        "type": "Point",
        "coordinates": [
          78.0350877,
          27.1575547
        ]
      },
      "id": "node/10763748971"
    },
    {
      "type": "Feature",
      "properties": {
        "@id": "node/10764097375",
        "artwork_type": "statue",
        "tourism": "artwork"
      },
      "geometry": {
        "type": "Point",
        "coordinates": [
          77.317339,
          28.5598712
        ]
      },
      "id": "node/10764097375"
    },
    {
      "type": "Feature",
      "properties": {
        "@id": "node/10764097376",
        "artwork_type": "statue",
        "tourism": "artwork"
      },
      "geometry": {
        "type": "Point",
        "coordinates": [
          77.3172971,
          28.5597389
        ]
      },
      "id": "node/10764097376"
    },
    {
      "type": "Feature",
      "properties": {
        "@id": "node/10764097377",
        "artwork_type": "statue",
        "tourism": "artwork"
      },
      "geometry": {
        "type": "Point",
        "coordinates": [
          77.3174343,
          28.5595466
        ]
      },
      "id": "node/10764097377"
    },
    {
      "type": "Feature",
      "properties": {
        "@id": "node/10764097378",
        "artwork_type": "statue",
        "tourism": "artwork"
      },
      "geometry": {
        "type": "Point",
        "coordinates": [
          77.3175978,
          28.5595233
        ]
      },
      "id": "node/10764097378"
    },
    {
      "type": "Feature",
      "properties": {
        "@id": "node/10764097379",
        "artwork_type": "statue",
        "tourism": "artwork"
      },
      "geometry": {
        "type": "Point",
        "coordinates": [
          77.3176987,
          28.5595585
        ]
      },
      "id": "node/10764097379"
    },
    {
      "type": "Feature",
      "properties": {
        "@id": "node/10764097380",
        "artwork_type": "statue",
        "tourism": "artwork"
      },
      "geometry": {
        "type": "Point",
        "coordinates": [
          77.3177867,
          28.5596468
        ]
      },
      "id": "node/10764097380"
    },
    {
      "type": "Feature",
      "properties": {
        "@id": "node/10764097381",
        "artwork_type": "statue",
        "tourism": "artwork"
      },
      "geometry": {
        "type": "Point",
        "coordinates": [
          77.3178123,
          28.5597678
        ]
      },
      "id": "node/10764097381"
    },
    {
      "type": "Feature",
      "properties": {
        "@id": "node/10764097382",
        "artwork_type": "statue",
        "tourism": "artwork"
      },
      "geometry": {
        "type": "Point",
        "coordinates": [
          77.3177774,
          28.5598624
        ]
      },
      "id": "node/10764097382"
    },
    {
      "type": "Feature",
      "properties": {
        "@id": "node/10764097383",
        "artwork_type": "statue",
        "tourism": "artwork"
      },
      "geometry": {
        "type": "Point",
        "coordinates": [
          77.3176826,
          28.5599442
        ]
      },
      "id": "node/10764097383"
    },
    {
      "type": "Feature",
      "properties": {
        "@id": "node/10764097384",
        "artwork_type": "statue",
        "tourism": "artwork"
      },
      "geometry": {
        "type": "Point",
        "coordinates": [
          77.3175556,
          28.5599738
        ]
      },
      "id": "node/10764097384"
    },
    {
      "type": "Feature",
      "properties": {
        "@id": "node/10764097385",
        "artwork_type": "statue",
        "tourism": "artwork"
      },
      "geometry": {
        "type": "Point",
        "coordinates": [
          77.317428,
          28.5599444
        ]
      },
      "id": "node/10764097385"
    },
    {
      "type": "Feature",
      "properties": {
        "@id": "node/10779473367",
        "artwork_type": "statue",
        "name": "Rani Laxmi Bai Statue",
        "tourism": "artwork"
      },
      "geometry": {
        "type": "Point",
        "coordinates": [
          80.2741624,
          26.6154455
        ]
      },
      "id": "node/10779473367"
    },
    {
      "type": "Feature",
      "properties": {
        "@id": "node/10797376185",
        "artwork_type": "statue",
        "tourism": "artwork"
      },
      "geometry": {
        "type": "Point",
        "coordinates": [
          80.8030471,
          25.9287969
        ]
      },
      "id": "node/10797376185"
    },
    {
      "type": "Feature",
      "properties": {
        "@id": "node/10797376186",
        "artwork_type": "statue",
        "tourism": "artwork"
      },
      "geometry": {
        "type": "Point",
        "coordinates": [
          80.8020386,
          25.9286588
        ]
      },
      "id": "node/10797376186"
    },
    {
      "type": "Feature",
      "properties": {
        "@id": "node/10799184313",
        "addr:city": "Ayodhya",
        "addr:postcode": "224001",
        "addr:street": "Village Daulatpur, Raibareli Rd,",
        "name": "Shobhayan Inn",
        "tourism": "hotel"
      },
      "geometry": {
        "type": "Point",
        "coordinates": [
          82.0341201,
          26.6957465
        ]
      },
      "id": "node/10799184313"
    },
    {
      "type": "Feature",
      "properties": {
        "@id": "node/10803708655",
        "tourism": "museum"
      },
      "geometry": {
        "type": "Point",
        "coordinates": [
          80.2706314,
          26.6108187
        ]
      },
      "id": "node/10803708655"
    },
    {
      "type": "Feature",
      "properties": {
        "@id": "node/10855741427",
        "check_date": "2023-04-29",
        "name": "Hotel J.N. Pala",
        "tourism": "hotel"
      },
      "geometry": {
        "type": "Point",
        "coordinates": [
          77.7849886,
          27.3057673
        ]
      },
      "id": "node/10855741427"
    },
    {
      "type": "Feature",
      "properties": {
        "@id": "node/10855741436",
        "amenity": "restaurant",
        "check_date": "2023-04-29",
        "cuisine": "indian",
        "name": "Mata Vaishnvi",
        "tourism": "guest_house"
      },
      "geometry": {
        "type": "Point",
        "coordinates": [
          77.8441665,
          27.2371696
        ]
      },
      "id": "node/10855741436"
    },
    {
      "type": "Feature",
      "properties": {
        "@id": "node/10855741440",
        "check_date": "2023-04-29",
        "name": "Hotel Moro",
        "tourism": "hotel"
      },
      "geometry": {
        "type": "Point",
        "coordinates": [
          77.8332582,
          27.2401111
        ]
      },
      "id": "node/10855741440"
    },
    {
      "type": "Feature",
      "properties": {
        "@id": "node/10855775811",
        "check_date": "2023-04-29",
        "name": "Oyo Prakash Farms",
        "tourism": "hotel"
      },
      "geometry": {
        "type": "Point",
        "coordinates": [
          77.7261536,
          27.3502314
        ]
      },
      "id": "node/10855775811"
    },
    {
      "type": "Feature",
      "properties": {
        "@id": "node/10855775827",
        "check_date": "2023-04-29",
        "name": "Hotel Mohit Palace",
        "tourism": "hotel"
      },
      "geometry": {
        "type": "Point",
        "coordinates": [
          77.702246,
          27.372764
        ]
      },
      "id": "node/10855775827"
    },
    {
      "type": "Feature",
      "properties": {
        "@id": "node/10856032995",
        "check_date": "2023-04-29",
        "name": "Hotel Abhindan",
        "tourism": "hotel"
      },
      "geometry": {
        "type": "Point",
        "coordinates": [
          77.6524028,
          27.5017187
        ]
      },
      "id": "node/10856032995"
    },
    {
      "type": "Feature",
      "properties": {
        "@id": "node/10856065584",
        "check_date": "2023-04-29",
        "name": "Hotel Raj Palace",
        "tourism": "hotel"
      },
      "geometry": {
        "type": "Point",
        "coordinates": [
          77.5179204,
          27.6908438
        ]
      },
      "id": "node/10856065584"
    },
    {
      "type": "Feature",
      "properties": {
        "@id": "node/10856065593",
        "check_date": "2023-04-29",
        "name": "Hotel Royal Galaxy",
        "tourism": "hotel"
      },
      "geometry": {
        "type": "Point",
        "coordinates": [
          77.4971039,
          27.7342566
        ]
      },
      "id": "node/10856065593"
    },
    {
      "type": "Feature",
      "properties": {
        "@id": "node/10856092407",
        "check_date": "2023-04-29",
        "name": "Hotel Dezire",
        "tourism": "hotel"
      },
      "geometry": {
        "type": "Point",
        "coordinates": [
          77.4417713,
          27.785953
        ]
      },
      "id": "node/10856092407"
    },
    {
      "type": "Feature",
      "properties": {
        "@id": "node/10856092412",
        "amenity": "restaurant",
        "check_date": "2023-04-29",
        "name": "Hotel Moti Mahal",
        "tourism": "hotel"
      },
      "geometry": {
        "type": "Point",
        "coordinates": [
          77.4287339,
          27.7994454
        ]
      },
      "id": "node/10856092412"
    },
    {
      "type": "Feature",
      "properties": {
        "@id": "node/10860936893",
        "artwork_type": "statue",
        "material": "concrete",
        "name": "ambedkar chowk",
        "tourism": "artwork"
      },
      "geometry": {
        "type": "Point",
        "coordinates": [
          77.4174824,
          28.6923883
        ]
      },
      "id": "node/10860936893"
    },
    {
      "type": "Feature",
      "properties": {
        "@id": "node/10881959705",
        "name": "Banaras Rest House",
        "tourism": "hostel"
      },
      "geometry": {
        "type": "Point",
        "coordinates": [
          83.0077513,
          25.304496
        ]
      },
      "id": "node/10881959705"
    },
    {
      "type": "Feature",
      "properties": {
        "@id": "node/10891469654",
        "artwork_type": "statue",
        "name": "Shivji Statue",
        "tourism": "artwork"
      },
      "geometry": {
        "type": "Point",
        "coordinates": [
          80.8903252,
          26.816771
        ]
      },
      "id": "node/10891469654"
    },
    {
      "type": "Feature",
      "properties": {
        "@id": "node/10895538325",
        "board_type": "welcome_sign",
        "information": "board",
        "name": "transport corporation of india mau branch",
        "tourism": "information"
      },
      "geometry": {
        "type": "Point",
        "coordinates": [
          83.5573999,
          25.9521739
        ]
      },
      "id": "node/10895538325"
    },
    {
      "type": "Feature",
      "properties": {
        "@id": "node/10896038802",
        "artwork_type": "statue",
        "material": "stone",
        "name": "Patel Nagar Chauraha",
        "tourism": "artwork"
      },
      "geometry": {
        "type": "Point",
        "coordinates": [
          80.801521,
          25.924744
        ]
      },
      "id": "node/10896038802"
    },
    {
      "type": "Feature",
      "properties": {
        "@id": "node/10896850147",
        "name": "MY HOME",
        "tourism": "guest_house"
      },
      "geometry": {
        "type": "Point",
        "coordinates": [
          81.8446092,
          25.3779679
        ]
      },
      "id": "node/10896850147"
    },
    {
      "type": "Feature",
      "properties": {
        "@id": "node/10896850196",
        "tourism": "guest_house"
      },
      "geometry": {
        "type": "Point",
        "coordinates": [
          81.8463057,
          25.3805633
        ]
      },
      "id": "node/10896850196"
    },
    {
      "type": "Feature",
      "properties": {
        "@id": "node/10896901146",
        "name": "PARIJAT KUTIR",
        "tourism": "guest_house"
      },
      "geometry": {
        "type": "Point",
        "coordinates": [
          83.4063185,
          26.7728713
        ]
      },
      "id": "node/10896901146"
    },
    {
      "type": "Feature",
      "properties": {
        "@id": "node/10896901149",
        "name": "TARA GUEST HOUSE",
        "tourism": "guest_house"
      },
      "geometry": {
        "type": "Point",
        "coordinates": [
          83.4074386,
          26.773365
        ]
      },
      "id": "node/10896901149"
    },
    {
      "type": "Feature",
      "properties": {
        "@id": "node/10897965781",
        "internet_access": "yes",
        "name": "Oxford Hostel",
        "tourism": "hostel"
      },
      "geometry": {
        "type": "Point",
        "coordinates": [
          83.386928,
          26.7173575
        ]
      },
      "id": "node/10897965781"
    },
    {
      "type": "Feature",
      "properties": {
        "@id": "node/10899761325",
        "name": "pinnacle",
        "tourism": "hotel"
      },
      "geometry": {
        "type": "Point",
        "coordinates": [
          80.9092367,
          26.7878444
        ]
      },
      "id": "node/10899761325"
    },
    {
      "type": "Feature",
      "properties": {
        "@id": "node/10904472546",
        "addr:city": "Varanasi",
        "addr:housenumber": "IIT(BHU)",
        "addr:postcode": "221005",
        "addr:street": "Semi Circle Road 4",
        "guest_house": "hostel",
        "internet_access": "wired",
        "internet_access:fee": "customers",
        "name": "Limbdi Hostel, IIT(BHU)",
        "tourism": "hostel",
        "website": "https://iitbhu.ac.in/"
      },
      "geometry": {
        "type": "Point",
        "coordinates": [
          82.9855997,
          25.2612053
        ]
      },
      "id": "node/10904472546"
    },
    {
      "type": "Feature",
      "properties": {
        "@id": "node/10915664500",
        "name": "Goverdhan",
        "tourism": "hotel"
      },
      "geometry": {
        "type": "Point",
        "coordinates": [
          77.6666717,
          27.0942122
        ]
      },
      "id": "node/10915664500"
    },
    {
      "type": "Feature",
      "properties": {
        "@id": "node/10937950734",
        "name": "Sandal Hotel",
        "tourism": "hotel"
      },
      "geometry": {
        "type": "Point",
        "coordinates": [
          77.402621,
          28.4955596
        ]
      },
      "id": "node/10937950734"
    },
    {
      "type": "Feature",
      "properties": {
        "@id": "node/10959514292",
        "name": "Amrit Kotrium Ashram",
        "tourism": "guest_house"
      },
      "geometry": {
        "type": "Point",
        "coordinates": [
          77.4084778,
          28.656889
        ]
      },
      "id": "node/10959514292"
    },
    {
      "type": "Feature",
      "properties": {
        "@id": "node/10959672149",
        "brand": "OYO",
        "brand:wikidata": "Q24906315",
        "name": "OYO Townhouse 81740 Hotel Maya crystal",
        "tourism": "hotel"
      },
      "geometry": {
        "type": "Point",
        "coordinates": [
          80.3199511,
          26.4240077
        ]
      },
      "id": "node/10959672149"
    },
    {
      "type": "Feature",
      "properties": {
        "@id": "node/10959672158",
        "name": "Alankar Guest house",
        "tourism": "guest_house"
      },
      "geometry": {
        "type": "Point",
        "coordinates": [
          80.3220992,
          26.4228988
        ]
      },
      "id": "node/10959672158"
    },
    {
      "type": "Feature",
      "properties": {
        "@id": "node/10959672182",
        "name": "Hotel Sky View",
        "tourism": "hotel"
      },
      "geometry": {
        "type": "Point",
        "coordinates": [
          80.3193603,
          26.4236172
        ]
      },
      "id": "node/10959672182"
    },
    {
      "type": "Feature",
      "properties": {
        "@id": "node/10959672185",
        "name": "Sanya Surgical Clinic and Hospital",
        "tourism": "chalet"
      },
      "geometry": {
        "type": "Point",
        "coordinates": [
          80.3199564,
          26.4229385
        ]
      },
      "id": "node/10959672185"
    },
    {
      "type": "Feature",
      "properties": {
        "@id": "node/10960052627",
        "name": "Damson Plum",
        "tourism": "hotel"
      },
      "geometry": {
        "type": "Point",
        "coordinates": [
          80.9929917,
          26.7794717
        ]
      },
      "id": "node/10960052627"
    },
    {
      "type": "Feature",
      "properties": {
        "@id": "node/10960104011",
        "tourism": "guest_house"
      },
      "geometry": {
        "type": "Point",
        "coordinates": [
          77.9945455,
          27.7773813
        ]
      },
      "id": "node/10960104011"
    },
    {
      "type": "Feature",
      "properties": {
        "@id": "node/10960129812",
        "tourism": "guest_house"
      },
      "geometry": {
        "type": "Point",
        "coordinates": [
          80.1474014,
          28.5133752
        ]
      },
      "id": "node/10960129812"
    },
    {
      "type": "Feature",
      "properties": {
        "@id": "node/10960144338",
        "tourism": "hotel"
      },
      "geometry": {
        "type": "Point",
        "coordinates": [
          81.8662597,
          25.468298
        ]
      },
      "id": "node/10960144338"
    },
    {
      "type": "Feature",
      "properties": {
        "@id": "node/10976847328",
        "name": "VVIP Guest House",
        "tourism": "guest_house"
      },
      "geometry": {
        "type": "Point",
        "coordinates": [
          77.6828206,
          29.6841244
        ]
      },
      "id": "node/10976847328"
    },
    {
      "type": "Feature",
      "properties": {
        "@id": "node/10991927342",
        "addr:city": "Kanpur",
        "addr:housenumber": "C95R+F35",
        "addr:postcode": "208007",
        "addr:street": "HAL Colony, Gandhigram",
        "name": "Kalyan mandapam",
        "tourism": "guest_house"
      },
      "geometry": {
        "type": "Point",
        "coordinates": [
          80.3861981,
          26.4061282
        ]
      },
      "id": "node/10991927342"
    },
    {
      "type": "Feature",
      "properties": {
        "@id": "node/11032234005",
        "name:en": "Butler Palace",
        "tourism": "attraction"
      },
      "geometry": {
        "type": "Point",
        "coordinates": [
          80.9596484,
          26.8538641
        ]
      },
      "id": "node/11032234005"
    },
    {
      "type": "Feature",
      "properties": {
        "@id": "node/11035652305",
        "name:en": "Abandoned Viola’s Palace",
        "tourism": "attraction"
      },
      "geometry": {
        "type": "Point",
        "coordinates": [
          83.0341653,
          25.2616216
        ]
      },
      "id": "node/11035652305"
    },
    {
      "type": "Feature",
      "properties": {
        "@id": "node/11056334751",
        "name": "Tamara Coorg",
        "name:en": "Tamara Coorg",
        "tourism": "hotel"
      },
      "geometry": {
        "type": "Point",
        "coordinates": [
          83.3203125,
          24.6869524
        ]
      },
      "id": "node/11056334751"
    },
    {
      "type": "Feature",
      "properties": {
        "@id": "node/11057939812",
        "addr:city": "Lucknow",
        "addr:district": "Lucknow",
        "addr:housenumber": "Opp TP Nagar Metro stn",
        "addr:postcode": "226008",
        "addr:street": "Kanpur Road",
        "brand": "Holiday Inn",
        "brand:wikidata": "Q2717882",
        "internet_access": "yes",
        "name": "Holiday Inn",
        "phone": "05223536700",
        "rooms": "40",
        "tourism": "hotel",
        "website": "https://www.ihg.com/holidayinn/hotels/us/en"
      },
      "geometry": {
        "type": "Point",
        "coordinates": [
          80.8810935,
          26.7771379
        ]
      },
      "id": "node/11057939812"
    },
    {
      "type": "Feature",
      "properties": {
        "@id": "node/11070849993",
        "name": "Sboti Continental",
        "tourism": "hotel"
      },
      "geometry": {
        "type": "Point",
        "coordinates": [
          79.3743085,
          28.9776382
        ]
      },
      "id": "node/11070849993"
    },
    {
      "type": "Feature",
      "properties": {
        "@id": "node/11133948084",
        "addr:city": "Kushinagar",
        "addr:street": "Buddha Marg",
        "name": "Hotel Metteyye Residency",
        "tourism": "hotel"
      },
      "geometry": {
        "type": "Point",
        "coordinates": [
          83.8974907,
          26.7368125
        ]
      },
      "id": "node/11133948084"
    },
    {
      "type": "Feature",
      "properties": {
        "@id": "node/11224643634",
        "addr:city": "Kanpur",
        "name": "Little Chef",
        "phone": "+91 9336228066",
        "tourism": "hotel",
        "website": "https://littlechefhotel.com/"
      },
      "geometry": {
        "type": "Point",
        "coordinates": [
          80.3508868,
          26.477883
        ]
      },
      "id": "node/11224643634"
    },
    {
      "type": "Feature",
      "properties": {
        "@id": "node/11229527902",
        "check_date": "2023-09-30",
        "description": "Boys hostel",
        "guest_house": "student_accommodation",
        "internet_access": "wlan",
        "internet_access:fee": "no",
        "name": "BR Ambedkar Hall (Annexe), AMU",
        "name:en": "BR Ambedkar Hall (Annexe), AMU",
        "tourism": "hostel",
        "wheelchair": "yes"
      },
      "geometry": {
        "type": "Point",
        "coordinates": [
          78.0650435,
          27.9229193
        ]
      },
      "id": "node/11229527902"
    },
    {
      "type": "Feature",
      "properties": {
        "@id": "node/11234241138",
        "addr:housenumber": "D40/23-2",
        "addr:postcode": "221001",
        "addr:street": "Godowlia Jangambari",
        "phone": "+919795668268",
        "tourism": "hotel"
      },
      "geometry": {
        "type": "Point",
        "coordinates": [
          83.0064983,
          25.3085678
        ]
      },
      "id": "node/11234241138"
    },
    {
      "type": "Feature",
      "properties": {
        "@id": "node/11234249137",
        "addr:housenumber": "D40/23-2",
        "addr:street": "Godowlia Jangambari",
        "name:en": "Namaste Benares Varanasi",
        "tourism": "hotel"
      },
      "geometry": {
        "type": "Point",
        "coordinates": [
          83.006478,
          25.3085409
        ]
      },
      "id": "node/11234249137"
    },
    {
      "type": "Feature",
      "properties": {
        "@id": "node/11234255037",
        "addr:housenumber": "D40/23-2",
        "addr:postcode": "221001",
        "addr:street": "Godowlia Jangambari",
        "internet_access": "wlan",
        "name:en": "Namaste Benares Varanasi",
        "phone": "+919795668268",
        "tourism": "hotel"
      },
      "geometry": {
        "type": "Point",
        "coordinates": [
          83.0064647,
          25.3084906
        ]
      },
      "id": "node/11234255037"
    },
    {
      "type": "Feature",
      "properties": {
        "@id": "node/11234876037",
        "addr:housenumber": "D40/23-2",
        "addr:postcode": "221001",
        "addr:street": "Godowlia Jangambari",
        "internet_access": "wlan",
        "phone": "+919795668268",
        "tourism": "hotel"
      },
      "geometry": {
        "type": "Point",
        "coordinates": [
          83.0060998,
          25.3087207
        ]
      },
      "id": "node/11234876037"
    },
    {
      "type": "Feature",
      "properties": {
        "@id": "node/11234884037",
        "addr:housenumber": "D40/23-2",
        "addr:postcode": "221001",
        "addr:street": "Godowlia Jangambari",
        "internet_access": "wlan",
        "name:en": "Hotel Namaste Benares Varanasi",
        "phone": "+919795668268",
        "tourism": "hotel"
      },
      "geometry": {
        "type": "Point",
        "coordinates": [
          83.0061037,
          25.3087419
        ]
      },
      "id": "node/11234884037"
    },
    {
      "type": "Feature",
      "properties": {
        "@id": "node/11237715738",
        "addr:city": "narnaul",
        "name:en": "Archaeological Museum",
        "opening_hours": "Mo-Fr 08:00-17:00",
        "tourism": "museum"
      },
      "geometry": {
        "type": "Point",
        "coordinates": [
          77.6792581,
          27.4955752
        ]
      },
      "id": "node/11237715738"
    },
    {
      "type": "Feature",
      "properties": {
        "@id": "node/11277199589",
        "contact:mobile": "+91 906892268;+91 99977 12366",
        "contact:phone": "+91 124341932",
        "level": "1;2",
        "name": "Manoharlal Dharmapal & Sons",
        "tourism": "hotel"
      },
      "geometry": {
        "type": "Point",
        "coordinates": [
          77.7048128,
          28.9953667
        ]
      },
      "id": "node/11277199589"
    },
    {
      "type": "Feature",
      "properties": {
        "@id": "node/11277199595",
        "contact:phone": "+91-121-269-1391;+91-121-266-2542",
        "level": "1;2",
        "name": "Karnail Hotel",
        "tourism": "hotel"
      },
      "geometry": {
        "type": "Point",
        "coordinates": [
          77.7053618,
          28.9951123
        ]
      },
      "id": "node/11277199595"
    },
    {
      "type": "Feature",
      "properties": {
        "@id": "node/11278751769",
        "addr:housenumber": "520/53-4-5",
        "addr:postcode": "221002",
        "addr:street": "The Mall Road",
        "email": "reservation@hotelsilkcity.in",
        "internet_access": "wlan",
        "name:en": "Hotel Silk City",
        "phone": "+91 542 2508723",
        "tourism": "hotel",
        "website": "https://www.hotelsilkcity.in/"
      },
      "geometry": {
        "type": "Point",
        "coordinates": [
          82.977531,
          25.337562
        ]
      },
      "id": "node/11278751769"
    },
    {
      "type": "Feature",
      "properties": {
        "@id": "node/11397638669",
        "internet_access": "wlan",
        "name:en": "Hotel Shyam Inn",
        "tourism": "hotel"
      },
      "geometry": {
        "type": "Point",
        "coordinates": [
          77.6851651,
          27.4981345
        ]
      },
      "id": "node/11397638669"
    },
    {
      "type": "Feature",
      "properties": {
        "@id": "node/11397815869",
        "name:en": "Raja Ghat",
        "tourism": "attraction"
      },
      "geometry": {
        "type": "Point",
        "coordinates": [
          83.0081103,
          25.3027897
        ]
      },
      "id": "node/11397815869"
    },
    {
      "type": "Feature",
      "properties": {
        "@id": "node/11404923556",
        "name": "Hotel Grand Inn",
        "tourism": "hotel"
      },
      "geometry": {
        "type": "Point",
        "coordinates": [
          80.9976119,
          26.8830019
        ]
      },
      "id": "node/11404923556"
    },
    {
      "type": "Feature",
      "properties": {
        "@id": "node/11446575770",
        "tourism": "hotel"
      },
      "geometry": {
        "type": "Point",
        "coordinates": [
          83.0071709,
          25.2995435
        ]
      },
      "id": "node/11446575770"
    },
    {
      "type": "Feature",
      "properties": {
        "@id": "node/11446587069",
        "tourism": "hotel"
      },
      "geometry": {
        "type": "Point",
        "coordinates": [
          83.0046052,
          25.2992818
        ]
      },
      "id": "node/11446587069"
    },
    {
      "type": "Feature",
      "properties": {
        "@id": "node/11449271770",
        "tourism": "viewpoint"
      },
      "geometry": {
        "type": "Point",
        "coordinates": [
          83.0094766,
          25.3055827
        ]
      },
      "id": "node/11449271770"
    },
    {
      "type": "Feature",
      "properties": {
        "@id": "node/11461545077",
        "name": "Chet Singh Ghat",
        "tourism": "attraction"
      },
      "geometry": {
        "type": "Point",
        "coordinates": [
          83.0071242,
          25.2952211
        ]
      },
      "id": "node/11461545077"
    },
    {
      "type": "Feature",
      "properties": {
        "@id": "node/11461546407",
        "name": "Ganga Mahal Ghat",
        "tourism": "attraction"
      },
      "geometry": {
        "type": "Point",
        "coordinates": [
          83.0062583,
          25.2896862
        ]
      },
      "id": "node/11461546407"
    },
    {
      "type": "Feature",
      "properties": {
        "@id": "node/11465654871",
        "addr:postcode": "226030",
        "name": "द सेंट्रम",
        "name:en": "The Centrum",
        "name:hi": "द सेंट्रम",
        "opening_hours": "Mo-Su 14:00-12:00",
        "operator": "Ravi Goel",
        "phone": "05226722222",
        "tourism": "hotel",
        "website": "https://thecentrum.in/"
      },
      "geometry": {
        "type": "Point",
        "coordinates": [
          81.0100779,
          26.783261
        ]
      },
      "id": "node/11465654871"
    },
    {
      "type": "Feature",
      "properties": {
        "@id": "node/11505411710",
        "artwork_type": "statue",
        "name": "Statue of St. Francis of Assisi",
        "statue": "saint",
        "subject:wikidata": "Q676555",
        "tourism": "artwork",
        "wikimedia_commons": "Category:Statue of St. Francis of Assisi, St. Joseph's Cathedral, Prayagraj"
      },
      "geometry": {
        "type": "Point",
        "coordinates": [
          81.8447498,
          25.4577588
        ]
      },
      "id": "node/11505411710"
    },
    {
      "type": "Feature",
      "properties": {
        "@id": "node/11510845792",
        "addr:city": "Kanpur",
        "addr:district": "Kanpur Nagar",
        "addr:plotnumber": "111/18 A",
        "addr:postcode": "208001",
        "addr:street": "Sitapur - Kanpur Road / GT Road, NH 34",
        "brand": "The Pristine",
        "email": "help@thepristinehotel.com",
        "name": "The Pristine Hotel",
        "phone": "+91 79914 74772",
        "tourism": "hotel"
      },
      "geometry": {
        "type": "Point",
        "coordinates": [
          80.3120898,
          26.4745703
        ]
      },
      "id": "node/11510845792"
    },
    {
      "type": "Feature",
      "properties": {
        "@id": "node/11524366576",
        "guest_house": "house",
        "name": "SIDDIQUI HOUSE",
        "tourism": "hostel"
      },
      "geometry": {
        "type": "Point",
        "coordinates": [
          82.0836939,
          25.5509404
        ]
      },
      "id": "node/11524366576"
    },
    {
      "type": "Feature",
      "properties": {
        "@id": "node/11591106736",
        "artwork_type": "statue",
        "tourism": "artwork"
      },
      "geometry": {
        "type": "Point",
        "coordinates": [
          77.4553867,
          28.674158
        ]
      },
      "id": "node/11591106736"
    },
    {
      "type": "Feature",
      "properties": {
        "@id": "node/11675407544",
        "brand": "Super OYO Collection",
        "name": "Kewal Palace",
        "tourism": "hotel"
      },
      "geometry": {
        "type": "Point",
        "coordinates": [
          82.9815207,
          25.2623429
        ]
      },
      "id": "node/11675407544"
    },
    {
      "type": "Feature",
      "properties": {
        "@id": "node/11680926669",
        "addr:city": "Vanarasi",
        "name": "Hotel Ananya Inn",
        "tourism": "hotel"
      },
      "geometry": {
        "type": "Point",
        "coordinates": [
          83.0048898,
          25.2936892
        ]
      },
      "id": "node/11680926669"
    },
    {
      "type": "Feature",
      "properties": {
        "@id": "node/11690106269",
        "name:de": "Lalita Ghat",
        "name:en": "Lalita Ghat",
        "tourism": "attraction"
      },
      "geometry": {
        "type": "Point",
        "coordinates": [
          83.0134216,
          25.3100257
        ]
      },
      "id": "node/11690106269"
    },
    {
      "type": "Feature",
      "properties": {
        "@id": "node/11690112169",
        "name": "Dashashvamedh Ghat",
        "tourism": "attraction"
      },
      "geometry": {
        "type": "Point",
        "coordinates": [
          83.010654,
          25.3069301
        ]
      },
      "id": "node/11690112169"
    },
    {
      "type": "Feature",
      "properties": {
        "@id": "node/11690114769",
        "name:de": "Assi Ghat",
        "name:en": "Assi Ghat",
        "name:zh": "乘船出发点",
        "tourism": "attraction"
      },
      "geometry": {
        "type": "Point",
        "coordinates": [
          83.0069736,
          25.2890417
        ]
      },
      "id": "node/11690114769"
    },
    {
      "type": "Feature",
      "properties": {
        "@id": "node/11690114770",
        "name:de": "Foreigner's Inn",
        "name:en": "Foreigner's Inn",
        "tourism": "guest_house"
      },
      "geometry": {
        "type": "Point",
        "coordinates": [
          83.0027038,
          25.3080477
        ]
      },
      "id": "node/11690114770"
    },
    {
      "type": "Feature",
      "properties": {
        "@id": "node/11690464939",
        "name": "maharoopa",
        "tourism": "hotel"
      },
      "geometry": {
        "type": "Point",
        "coordinates": [
          80.3202493,
          26.451593
        ]
      },
      "id": "node/11690464939"
    },
    {
      "type": "Feature",
      "properties": {
        "@id": "node/11690519412",
        "name": "the deep",
        "tourism": "hotel"
      },
      "geometry": {
        "type": "Point",
        "coordinates": [
          80.3122318,
          26.4519836
        ]
      },
      "id": "node/11690519412"
    },
    {
      "type": "Feature",
      "properties": {
        "@id": "node/11690601652",
        "name": "siddi vinayak",
        "tourism": "hotel"
      },
      "geometry": {
        "type": "Point",
        "coordinates": [
          80.3006256,
          26.4655583
        ]
      },
      "id": "node/11690601652"
    },
    {
      "type": "Feature",
      "properties": {
        "@id": "node/11690680434",
        "name": "Paying guest and hostel",
        "tourism": "motel"
      },
      "geometry": {
        "type": "Point",
        "coordinates": [
          80.9988073,
          26.8840432
        ]
      },
      "id": "node/11690680434"
    },
    {
      "type": "Feature",
      "properties": {
        "@id": "node/11691218349",
        "information": "office",
        "name": "Sajay Jan Sewa Kendra",
        "tourism": "information"
      },
      "geometry": {
        "type": "Point",
        "coordinates": [
          82.468709,
          26.2721286
        ]
      },
      "id": "node/11691218349"
    },
    {
      "type": "Feature",
      "properties": {
        "@id": "node/11693102967",
        "name": "guest house BLY",
        "tourism": "guest_house"
      },
      "geometry": {
        "type": "Point",
        "coordinates": [
          79.4415459,
          28.3931571
        ]
      },
      "id": "node/11693102967"
    },
    {
      "type": "Feature",
      "properties": {
        "@id": "node/11693125305",
        "internet_access": "yes",
        "name": "HOTEL THE JASS GRAND",
        "rooms": "AVALAIBLE",
        "tourism": "hotel"
      },
      "geometry": {
        "type": "Point",
        "coordinates": [
          79.435054,
          28.3811728
        ]
      },
      "id": "node/11693125305"
    },
    {
      "type": "Feature",
      "properties": {
        "@id": "node/11694058764",
        "brand": "HOTEL THE JASS GRAND",
        "tourism": "hotel"
      },
      "geometry": {
        "type": "Point",
        "coordinates": [
          79.4340768,
          28.3785044
        ]
      },
      "id": "node/11694058764"
    },
    {
      "type": "Feature",
      "properties": {
        "@id": "node/11694522599",
        "name": "Mata Mohini Dharamshala",
        "tourism": "hotel"
      },
      "geometry": {
        "type": "Point",
        "coordinates": [
          78.0191878,
          27.2211461
        ]
      },
      "id": "node/11694522599"
    },
    {
      "type": "Feature",
      "properties": {
        "@id": "node/11694551484",
        "name": "SWAMI VIVEKANANDA HOSTEL",
        "tourism": "hostel"
      },
      "geometry": {
        "type": "Point",
        "coordinates": [
          81.8630773,
          25.4906146
        ]
      },
      "id": "node/11694551484"
    },
    {
      "type": "Feature",
      "properties": {
        "@id": "node/11694622594",
        "name": "Preet Hotel",
        "tourism": "hotel"
      },
      "geometry": {
        "type": "Point",
        "coordinates": [
          81.2377318,
          26.228784
        ]
      },
      "id": "node/11694622594"
    },
    {
      "type": "Feature",
      "properties": {
        "@id": "node/11694720448",
        "internet_access": "yes",
        "internet_access:fee": "yes",
        "name": "SP Memorial Girls Hostel",
        "tourism": "hostel"
      },
      "geometry": {
        "type": "Point",
        "coordinates": [
          81.8661171,
          25.4635352
        ]
      },
      "id": "node/11694720448"
    },
    {
      "type": "Feature",
      "properties": {
        "@id": "node/11694720466",
        "name": "SIR SUNDER LAL HOSTEL",
        "tourism": "hostel"
      },
      "geometry": {
        "type": "Point",
        "coordinates": [
          81.8555646,
          25.4645386
        ]
      },
      "id": "node/11694720466"
    },
    {
      "type": "Feature",
      "properties": {
        "@id": "node/11696827920",
        "name": "THE HOTEL AMBASSADOR INN",
        "tourism": "hotel"
      },
      "geometry": {
        "type": "Point",
        "coordinates": [
          83.0026946,
          25.2808093
        ]
      },
      "id": "node/11696827920"
    },
    {
      "type": "Feature",
      "properties": {
        "@id": "node/11696887006",
        "name": "NIVEDITA",
        "tourism": "hotel"
      },
      "geometry": {
        "type": "Point",
        "coordinates": [
          83.0043403,
          25.2846701
        ]
      },
      "id": "node/11696887006"
    },
    {
      "type": "Feature",
      "properties": {
        "@id": "node/11697035990",
        "addr:city": "Varanasi",
        "addr:district": "Varanasi",
        "addr:housenumber": "Semi Circle Road 6",
        "addr:postcode": "221005",
        "addr:street": "IIT (BHU) Campus, BHU",
        "guest_house": "bed_and_breakfast",
        "internet_access": "wlan",
        "internet_access:fee": "no",
        "name": "S. S. Saluja Hostel",
        "operator": "IIT (BHU), Varanasi",
        "phone": "0542-257-5994",
        "rooms": "20",
        "tourism": "hostel",
        "website": "https://www.iitbhu.ac.in/hostels/saluja_hostel"
      },
      "geometry": {
        "type": "Point",
        "coordinates": [
          82.9840939,
          25.2702197
        ]
      },
      "id": "node/11697035990"
    },
    {
      "type": "Feature",
      "properties": {
        "@id": "node/11697328979",
        "name": "Sunbeam Hostel and Hall 'Symphony'",
        "tourism": "hostel"
      },
      "geometry": {
        "type": "Point",
        "coordinates": [
          83.001371,
          25.2727125
        ]
      },
      "id": "node/11697328979"
    },
    {
      "type": "Feature",
      "properties": {
        "@id": "node/11697458919",
        "name": "Hotel Simran Paradise",
        "tourism": "hotel"
      },
      "geometry": {
        "type": "Point",
        "coordinates": [
          82.723688,
          26.799088
        ]
      },
      "id": "node/11697458919"
    },
    {
      "type": "Feature",
      "properties": {
        "@id": "node/11697473607",
        "name": "Hotel Maharani",
        "tourism": "hotel"
      },
      "geometry": {
        "type": "Point",
        "coordinates": [
          82.7255076,
          26.7989131
        ]
      },
      "id": "node/11697473607"
    },
    {
      "type": "Feature",
      "properties": {
        "@id": "node/11697563065",
        "name": "Hotel Satyendra",
        "tourism": "hotel"
      },
      "geometry": {
        "type": "Point",
        "coordinates": [
          82.7265325,
          26.794148
        ]
      },
      "id": "node/11697563065"
    },
    {
      "type": "Feature",
      "properties": {
        "@id": "node/11697576368",
        "name": "Hotel Saket Inn",
        "tourism": "hotel"
      },
      "geometry": {
        "type": "Point",
        "coordinates": [
          82.7295684,
          26.7967603
        ]
      },
      "id": "node/11697576368"
    },
    {
      "type": "Feature",
      "properties": {
        "@id": "node/11697620817",
        "name": "Nehru Gallery",
        "tourism": "gallery"
      },
      "geometry": {
        "type": "Point",
        "coordinates": [
          81.8493783,
          25.4571842
        ]
      },
      "id": "node/11697620817"
    },
    {
      "type": "Feature",
      "properties": {
        "@id": "node/11697676649",
        "name": "BIRLA BLOCK C",
        "tourism": "hostel"
      },
      "geometry": {
        "type": "Point",
        "coordinates": [
          82.9927117,
          25.2745743
        ]
      },
      "id": "node/11697676649"
    },
    {
      "type": "Feature",
      "properties": {
        "@id": "node/11697708089",
        "artwork_type": "installation",
        "name": "LC HUT",
        "tourism": "artwork"
      },
      "geometry": {
        "type": "Point",
        "coordinates": [
          82.9868251,
          25.2608195
        ]
      },
      "id": "node/11697708089"
    },
    {
      "type": "Feature",
      "properties": {
        "@id": "node/11697708523",
        "name": "BROACHA",
        "tourism": "hostel"
      },
      "geometry": {
        "type": "Point",
        "coordinates": [
          82.9899511,
          25.2731536
        ]
      },
      "id": "node/11697708523"
    },
    {
      "type": "Feature",
      "properties": {
        "@id": "node/11697718346",
        "name": "Residence Inn",
        "tourism": "hostel"
      },
      "geometry": {
        "type": "Point",
        "coordinates": [
          82.9923498,
          25.2747842
        ]
      },
      "id": "node/11697718346"
    },
    {
      "type": "Feature",
      "properties": {
        "@id": "node/11697746529",
        "name": "STUDENT INITIATED ART WORKS",
        "tourism": "gallery"
      },
      "geometry": {
        "type": "Point",
        "coordinates": [
          82.9889455,
          25.2656947
        ]
      },
      "id": "node/11697746529"
    },
    {
      "type": "Feature",
      "properties": {
        "@id": "node/11697765007",
        "name": "FOUNTAIN",
        "tourism": "artwork"
      },
      "geometry": {
        "type": "Point",
        "coordinates": [
          82.9889073,
          25.2660319
        ]
      },
      "id": "node/11697765007"
    },
    {
      "type": "Feature",
      "properties": {
        "@id": "node/11697768977",
        "name": "RUYIA HOSTEL",
        "tourism": "hostel"
      },
      "geometry": {
        "type": "Point",
        "coordinates": [
          82.9943484,
          25.2758373
        ]
      },
      "id": "node/11697768977"
    },
    {
      "type": "Feature",
      "properties": {
        "@id": "node/11697877423",
        "name": "Hotel The Oasis",
        "tourism": "hotel"
      },
      "geometry": {
        "type": "Point",
        "coordinates": [
          77.5347601,
          29.9333173
        ]
      },
      "id": "node/11697877423"
    },
    {
      "type": "Feature",
      "properties": {
        "@id": "node/11697886430",
        "name": "Hotel The Golf",
        "tourism": "hotel"
      },
      "geometry": {
        "type": "Point",
        "coordinates": [
          81.0256053,
          26.7794563
        ]
      },
      "id": "node/11697886430"
    },
    {
      "type": "Feature",
      "properties": {
        "@id": "node/11697915752",
        "name": "OYO Hotel Rj Palace",
        "tourism": "hotel"
      },
      "geometry": {
        "type": "Point",
        "coordinates": [
          77.9658132,
          27.1928871
        ]
      },
      "id": "node/11697915752"
    },
    {
      "type": "Feature",
      "properties": {
        "@id": "node/11697917668",
        "name": "Hotel KR Plaza",
        "tourism": "hotel"
      },
      "geometry": {
        "type": "Point",
        "coordinates": [
          77.5334949,
          29.9325253
        ]
      },
      "id": "node/11697917668"
    },
    {
      "type": "Feature",
      "properties": {
        "@id": "node/11697919086",
        "name": "Spring Grand",
        "tourism": "hotel"
      },
      "geometry": {
        "type": "Point",
        "coordinates": [
          81.016077,
          26.7996747
        ]
      },
      "id": "node/11697919086"
    },
    {
      "type": "Feature",
      "properties": {
        "@id": "node/11697919092",
        "name": "Atulyam Stays",
        "tourism": "hotel"
      },
      "geometry": {
        "type": "Point",
        "coordinates": [
          81.0265681,
          26.7801425
        ]
      },
      "id": "node/11697919092"
    },
    {
      "type": "Feature",
      "properties": {
        "@id": "node/11697931921",
        "name": "Misha Hotel",
        "tourism": "hostel"
      },
      "geometry": {
        "type": "Point",
        "coordinates": [
          82.7315818,
          26.7985249
        ]
      },
      "id": "node/11697931921"
    },
    {
      "type": "Feature",
      "properties": {
        "@id": "node/11697935915",
        "name": "Ranjan Heritage",
        "tourism": "hotel"
      },
      "geometry": {
        "type": "Point",
        "coordinates": [
          81.0150684,
          26.8714587
        ]
      },
      "id": "node/11697935915"
    },
    {
      "type": "Feature",
      "properties": {
        "@id": "node/11697935916",
        "name": "Dehati Rasoi",
        "tourism": "hotel"
      },
      "geometry": {
        "type": "Point",
        "coordinates": [
          81.0151652,
          26.8719018
        ]
      },
      "id": "node/11697935916"
    },
    {
      "type": "Feature",
      "properties": {
        "@id": "node/11697970306",
        "name": "Hotel prestige inn",
        "tourism": "motel"
      },
      "geometry": {
        "type": "Point",
        "coordinates": [
          82.9816682,
          25.2611954
        ]
      },
      "id": "node/11697970306"
    },
    {
      "type": "Feature",
      "properties": {
        "@id": "node/11697998135",
        "name": "FabHotel Gayatri Palace",
        "tourism": "hotel"
      },
      "geometry": {
        "type": "Point",
        "coordinates": [
          81.0200206,
          26.8726733
        ]
      },
      "id": "node/11697998135"
    },
    {
      "type": "Feature",
      "properties": {
        "@id": "node/11698002898",
        "name": "BBD Viraj Tower",
        "tourism": "hotel"
      },
      "geometry": {
        "type": "Point",
        "coordinates": [
          81.013224,
          26.8712445
        ]
      },
      "id": "node/11698002898"
    },
    {
      "type": "Feature",
      "properties": {
        "@id": "node/11698003251",
        "name": "Utopian Luxe",
        "tourism": "hotel"
      },
      "geometry": {
        "type": "Point",
        "coordinates": [
          81.0147426,
          26.8703683
        ]
      },
      "id": "node/11698003251"
    },
    {
      "type": "Feature",
      "properties": {
        "@id": "node/11698437040",
        "name": "Guest House 1",
        "tourism": "guest_house"
      },
      "geometry": {
        "type": "Point",
        "coordinates": [
          81.0229991,
          26.8689479
        ]
      },
      "id": "node/11698437040"
    },
    {
      "type": "Feature",
      "properties": {
        "@id": "node/11698456688",
        "name": "Guest House Number 2",
        "tourism": "guest_house"
      },
      "geometry": {
        "type": "Point",
        "coordinates": [
          81.0236298,
          26.8688023
        ]
      },
      "id": "node/11698456688"
    },
    {
      "type": "Feature",
      "properties": {
        "@id": "node/11698466707",
        "name": "Guest House 4",
        "tourism": "guest_house"
      },
      "geometry": {
        "type": "Point",
        "coordinates": [
          81.024713,
          26.8685952
        ]
      },
      "id": "node/11698466707"
    },
    {
      "type": "Feature",
      "properties": {
        "@id": "node/11698466981",
        "name": "Guest House 2",
        "tourism": "guest_house"
      },
      "geometry": {
        "type": "Point",
        "coordinates": [
          81.0241717,
          26.8686833
        ]
      },
      "id": "node/11698466981"
    },
    {
      "type": "Feature",
      "properties": {
        "@id": "node/11698469559",
        "name": "Shivam inn",
        "tourism": "motel"
      },
      "geometry": {
        "type": "Point",
        "coordinates": [
          77.9642045,
          27.1951799
        ]
      },
      "id": "node/11698469559"
    },
    {
      "type": "Feature",
      "properties": {
        "@id": "node/11698488256",
        "tourism": "hotel"
      },
      "geometry": {
        "type": "Point",
        "coordinates": [
          77.6715355,
          27.5092305
        ]
      },
      "id": "node/11698488256"
    },
    {
      "type": "Feature",
      "properties": {
        "@id": "node/11698533162",
        "name": "Lal Bahadur Shastri Hostel",
        "tourism": "hostel"
      },
      "geometry": {
        "type": "Point",
        "coordinates": [
          82.9922253,
          25.2753547
        ]
      },
      "id": "node/11698533162"
    },
    {
      "type": "Feature",
      "properties": {
        "@id": "node/11698541192",
        "name": "MUKUND VIHAR",
        "tourism": "guest_house"
      },
      "geometry": {
        "type": "Point",
        "coordinates": [
          77.6722154,
          27.5116244
        ]
      },
      "id": "node/11698541192"
    },
    {
      "type": "Feature",
      "properties": {
        "@id": "node/11698552458",
        "name": "hELLO",
        "tourism": "guest_house"
      },
      "geometry": {
        "type": "Point",
        "coordinates": [
          81.0218271,
          26.8718493
        ]
      },
      "id": "node/11698552458"
    },
    {
      "type": "Feature",
      "properties": {
        "@id": "node/11698660406",
        "name": "Hotel Grand Plaza",
        "tourism": "hotel"
      },
      "geometry": {
        "type": "Point",
        "coordinates": [
          77.5477042,
          29.9544736
        ]
      },
      "id": "node/11698660406"
    },
    {
      "type": "Feature",
      "properties": {
        "@id": "node/11699197813",
        "name": "Guest House A",
        "tourism": "guest_house"
      },
      "geometry": {
        "type": "Point",
        "coordinates": [
          80.9917871,
          26.7699661
        ]
      },
      "id": "node/11699197813"
    },
    {
      "type": "Feature",
      "properties": {
        "@id": "node/11699278262",
        "operator": "SATISH DHAWAN BACK PARKING",
        "tourism": "hostel"
      },
      "geometry": {
        "type": "Point",
        "coordinates": [
          82.9846704,
          25.2640893
        ]
      },
      "id": "node/11699278262"
    },
    {
      "type": "Feature",
      "properties": {
        "@id": "node/11701419181",
        "name": "Hotel Sanjay Delux",
        "tourism": "hotel"
      },
      "geometry": {
        "type": "Point",
        "coordinates": [
          82.0753487,
          26.2671091
        ]
      },
      "id": "node/11701419181"
    },
    {
      "type": "Feature",
      "properties": {
        "@id": "node/11704728904",
        "name": "Raj Hotel",
        "tourism": "hotel"
      },
      "geometry": {
        "type": "Point",
        "coordinates": [
          82.0732834,
          26.2662558
        ]
      },
      "id": "node/11704728904"
    },
    {
      "type": "Feature",
      "properties": {
        "@id": "node/11707582871",
        "name": "Capital O Hotel Royal Palace",
        "tourism": "guest_house"
      },
      "geometry": {
        "type": "Point",
        "coordinates": [
          82.071906,
          26.2554199
        ]
      },
      "id": "node/11707582871"
    },
    {
      "type": "Feature",
      "properties": {
        "@id": "node/11707593628",
        "name": "Hotel Pallavi",
        "tourism": "guest_house"
      },
      "geometry": {
        "type": "Point",
        "coordinates": [
          82.0705888,
          26.2525921
        ]
      },
      "id": "node/11707593628"
    },
    {
      "type": "Feature",
      "properties": {
        "@id": "node/11707990622",
        "name": "Jyoti Guest House",
        "tourism": "guest_house"
      },
      "geometry": {
        "type": "Point",
        "coordinates": [
          82.0690052,
          26.2639079
        ]
      },
      "id": "node/11707990622"
    },
    {
      "type": "Feature",
      "properties": {
        "@id": "node/11708005998",
        "name": "Ashirwad Hotel",
        "tourism": "hotel"
      },
      "geometry": {
        "type": "Point",
        "coordinates": [
          82.0772995,
          26.2735161
        ]
      },
      "id": "node/11708005998"
    },
    {
      "type": "Feature",
      "properties": {
        "@id": "node/11708041345",
        "name": "Rita Shree Homestay",
        "tourism": "guest_house"
      },
      "geometry": {
        "type": "Point",
        "coordinates": [
          82.0768849,
          26.274216
        ]
      },
      "id": "node/11708041345"
    },
    {
      "type": "Feature",
      "properties": {
        "@id": "node/11716206192",
        "name": "Best Non-Veg shop",
        "tourism": "hotel"
      },
      "geometry": {
        "type": "Point",
        "coordinates": [
          81.006499,
          26.8854482
        ]
      },
      "id": "node/11716206192"
    },
    {
      "type": "Feature",
      "properties": {
        "@id": "node/11717414221",
        "name": "gurlzz hostelll",
        "tourism": "hostel"
      },
      "geometry": {
        "type": "Point",
        "coordinates": [
          82.9844542,
          25.2603714
        ]
      },
      "id": "node/11717414221"
    },
    {
      "type": "Feature",
      "properties": {
        "@id": "node/11717414222",
        "name": "better girlz hostel",
        "tourism": "hostel"
      },
      "geometry": {
        "type": "Point",
        "coordinates": [
          82.983962,
          25.2612614
        ]
      },
      "id": "node/11717414222"
    },
    {
      "type": "Feature",
      "properties": {
        "@id": "node/11718293252",
        "artwork_type": "statue",
        "name": "Ambedkar Pritima",
        "tourism": "artwork"
      },
      "geometry": {
        "type": "Point",
        "coordinates": [
          79.1292334,
          28.0744449
        ]
      },
      "id": "node/11718293252"
    },
    {
      "type": "Feature",
      "properties": {
        "@id": "node/11724295270",
        "name:en": "Swagat Guest House",
        "tourism": "guest_house"
      },
      "geometry": {
        "type": "Point",
        "coordinates": [
          83.0059355,
          25.2934359
        ]
      },
      "id": "node/11724295270"
    },
    {
      "type": "Feature",
      "properties": {
        "@id": "node/11748680869",
        "name:en": "BPCL AGRA TRANSIT FLAT",
        "tourism": "apartment"
      },
      "geometry": {
        "type": "Point",
        "coordinates": [
          78.0343273,
          27.1576122
        ]
      },
      "id": "node/11748680869"
    },
    {
      "type": "Feature",
      "properties": {
        "@id": "node/11754683426",
        "name": "Colorful Gate",
        "tourism": "attraction"
      },
      "geometry": {
        "type": "Point",
        "coordinates": [
          77.6937297,
          27.5790708
        ]
      },
      "id": "node/11754683426"
    },
    {
      "type": "Feature",
      "properties": {
        "@id": "node/11754683437",
        "name": "Yellow Temple",
        "tourism": "attraction"
      },
      "geometry": {
        "type": "Point",
        "coordinates": [
          77.695223,
          27.5748541
        ]
      },
      "id": "node/11754683437"
    },
    {
      "type": "Feature",
      "properties": {
        "@id": "node/11780875981",
        "tourism": "viewpoint"
      },
      "geometry": {
        "type": "Point",
        "coordinates": [
          83.0119888,
          25.3087394
        ]
      },
      "id": "node/11780875981"
    },
    {
      "type": "Feature",
      "properties": {
        "@id": "node/11786680903",
        "name": "Hotel Royal 9",
        "tourism": "hotel"
      },
      "geometry": {
        "type": "Point",
        "coordinates": [
          77.742949,
          29.0059083
        ]
      },
      "id": "node/11786680903"
    },
    {
      "type": "Feature",
      "properties": {
        "@id": "node/11787312439",
        "name:de": "Sonnenaufgang Zeremonie",
        "name:en": "Sunrise Ceremony",
        "name:fr": "Cérémonie du lever du soleil",
        "tourism": "attraction"
      },
      "geometry": {
        "type": "Point",
        "coordinates": [
          83.0064249,
          25.2893121
        ]
      },
      "id": "node/11787312439"
    },
    {
      "type": "Feature",
      "properties": {
        "@id": "node/11787312442",
        "name": "Bindu Madhav Ghat",
        "tourism": "attraction"
      },
      "geometry": {
        "type": "Point",
        "coordinates": [
          83.0189562,
          25.3157585
        ]
      },
      "id": "node/11787312442"
    },
    {
      "type": "Feature",
      "properties": {
        "@id": "node/11787312443",
        "name": "Namo Ghat, var",
        "tourism": "attraction"
      },
      "geometry": {
        "type": "Point",
        "coordinates": [
          83.0352029,
          25.3250742
        ]
      },
      "id": "node/11787312443"
    },
    {
      "type": "Feature",
      "properties": {
        "@id": "node/11787312446",
        "addr:city": "Varanasi",
        "name": "Gularia Ghat",
        "tourism": "attraction"
      },
      "geometry": {
        "type": "Point",
        "coordinates": [
          83.0073238,
          25.2969728
        ]
      },
      "id": "node/11787312446"
    },
    {
      "type": "Feature",
      "properties": {
        "@id": "node/11787312447",
        "artwork_type": "sculpture",
        "name": "Giant Praying Hands",
        "tourism": "artwork"
      },
      "geometry": {
        "type": "Point",
        "coordinates": [
          83.0358462,
          25.3251756
        ]
      },
      "id": "node/11787312447"
    },
    {
      "type": "Feature",
      "properties": {
        "@id": "node/11787312450",
        "name": "Bundiparkota Ghat",
        "tourism": "attraction"
      },
      "geometry": {
        "type": "Point",
        "coordinates": [
          83.0196903,
          25.3161972
        ]
      },
      "id": "node/11787312450"
    },
    {
      "type": "Feature",
      "properties": {
        "@id": "node/11787312452",
        "name": "Shri Panch Agni Akhada Ghat",
        "tourism": "attraction"
      },
      "geometry": {
        "type": "Point",
        "coordinates": [
          83.0298755,
          25.3227424
        ]
      },
      "id": "node/11787312452"
    },
    {
      "type": "Feature",
      "properties": {
        "@id": "node/11787312454",
        "name": "Half Sunk Temple",
        "tourism": "attraction"
      },
      "geometry": {
        "type": "Point",
        "coordinates": [
          83.0149792,
          25.3114805
        ]
      },
      "id": "node/11787312454"
    },
    {
      "type": "Feature",
      "properties": {
        "@id": "node/11787312456",
        "name": "Ganesh Ghat",
        "tourism": "attraction"
      },
      "geometry": {
        "type": "Point",
        "coordinates": [
          83.0162245,
          25.3132123
        ]
      },
      "id": "node/11787312456"
    },
    {
      "type": "Feature",
      "properties": {
        "@id": "node/11787312457",
        "name": "Balaji Ghat",
        "tourism": "attraction"
      },
      "geometry": {
        "type": "Point",
        "coordinates": [
          83.0175351,
          25.3148141
        ]
      },
      "id": "node/11787312457"
    },
    {
      "type": "Feature",
      "properties": {
        "@id": "node/11787312458",
        "name": "Vaccharaja Ghat",
        "tourism": "attraction"
      },
      "geometry": {
        "type": "Point",
        "coordinates": [
          83.0069534,
          25.2927636
        ]
      },
      "id": "node/11787312458"
    },
    {
      "type": "Feature",
      "properties": {
        "@id": "node/11787312459",
        "name": "Agrodha Ghat",
        "note": "Fixme:name",
        "tourism": "attraction"
      },
      "geometry": {
        "type": "Point",
        "coordinates": [
          83.0161195,
          25.3129953
        ]
      },
      "id": "node/11787312459"
    },
    {
      "type": "Feature",
      "properties": {
        "@id": "node/11787312460",
        "name": "Brahma Ghat",
        "tourism": "attraction"
      },
      "geometry": {
        "type": "Point",
        "coordinates": [
          83.0193342,
          25.3159867
        ]
      },
      "id": "node/11787312460"
    },
    {
      "type": "Feature",
      "properties": {
        "@id": "node/11787312461",
        "name": "Meer Ghat",
        "tourism": "attraction"
      },
      "geometry": {
        "type": "Point",
        "coordinates": [
          83.0118823,
          25.3086269
        ]
      },
      "id": "node/11787312461"
    },
    {
      "type": "Feature",
      "properties": {
        "@id": "node/11787312462",
        "addr:city": "Varanasi",
        "name": "Nishadraj Ghat",
        "tourism": "attraction",
        "wheelchair": "yes"
      },
      "geometry": {
        "type": "Point",
        "coordinates": [
          83.0071461,
          25.2936245
        ]
      },
      "id": "node/11787312462"
    },
    {
      "type": "Feature",
      "properties": {
        "@id": "node/11787312463",
        "name": "Nishadra Ghat",
        "tourism": "attraction",
        "wheelchair": "no"
      },
      "geometry": {
        "type": "Point",
        "coordinates": [
          83.0295138,
          25.322583
        ]
      },
      "id": "node/11787312463"
    },
    {
      "type": "Feature",
      "properties": {
        "@id": "node/11792060959",
        "name": "Bara Imambara",
        "tourism": "attraction"
      },
      "geometry": {
        "type": "Point",
        "coordinates": [
          80.912999,
          26.8693837
        ]
      },
      "id": "node/11792060959"
    },
    {
      "type": "Feature",
      "properties": {
        "@id": "node/11792061880",
        "name": "Chhota Imambara",
        "tourism": "attraction"
      },
      "geometry": {
        "type": "Point",
        "coordinates": [
          80.9042953,
          26.8736393
        ]
      },
      "id": "node/11792061880"
    },
    {
      "type": "Feature",
      "properties": {
        "@id": "node/11822481671",
        "addr:street": "Raipur Khadar, Opposite of Amity University Gate No 2",
        "name": "Riyansh PG",
        "tourism": "hostel"
      },
      "geometry": {
        "type": "Point",
        "coordinates": [
          77.337044,
          28.5415665
        ]
      },
      "id": "node/11822481671"
    },
    {
      "type": "Feature",
      "properties": {
        "@id": "node/11849552169",
        "name:en": "TANI DI HOUSE",
        "tourism": "apartment"
      },
      "geometry": {
        "type": "Point",
        "coordinates": [
          77.3885884,
          28.5036752
        ]
      },
      "id": "node/11849552169"
    },
    {
      "type": "Feature",
      "properties": {
        "@id": "node/11862709750",
        "level": "0;1;2;3",
        "name": "Win Hotel",
        "tourism": "hotel"
      },
      "geometry": {
        "type": "Point",
        "coordinates": [
          77.7289057,
          28.9893787
        ]
      },
      "id": "node/11862709750"
    },
    {
      "type": "Feature",
      "properties": {
        "@id": "node/11865608769",
        "name:en": "SANTUSHTI ENCLAVE",
        "tourism": "apartment"
      },
      "geometry": {
        "type": "Point",
        "coordinates": [
          80.8202133,
          26.7438133
        ]
      },
      "id": "node/11865608769"
    },
    {
      "type": "Feature",
      "properties": {
        "@id": "node/11869437369",
        "name:en": "A 545 Indira Nagar, Lucknow",
        "tourism": "apartment"
      },
      "geometry": {
        "type": "Point",
        "coordinates": [
          80.9736887,
          26.8724137
        ]
      },
      "id": "node/11869437369"
    },
    {
      "type": "Feature",
      "properties": {
        "@id": "node/11880630725",
        "name": "Hotel Dasaprakash",
        "tourism": "hotel"
      },
      "geometry": {
        "type": "Point",
        "coordinates": [
          78.0344094,
          27.158385
        ]
      },
      "id": "node/11880630725"
    },
    {
      "type": "Feature",
      "properties": {
        "@id": "node/11880658242",
        "name": "Hotel Jyoti Continental",
        "tourism": "hotel"
      },
      "geometry": {
        "type": "Point",
        "coordinates": [
          78.0344114,
          27.1584991
        ]
      },
      "id": "node/11880658242"
    },
    {
      "type": "Feature",
      "properties": {
        "@id": "node/11880931237",
        "tourism": "artwork"
      },
      "geometry": {
        "type": "Point",
        "coordinates": [
          77.4913865,
          28.4469321
        ]
      },
      "id": "node/11880931237"
    },
    {
      "type": "Feature",
      "properties": {
        "@id": "node/11921799669",
        "name:en": "Ganga Ratan",
        "tourism": "hotel"
      },
      "geometry": {
        "type": "Point",
        "coordinates": [
          78.0358315,
          27.1626216
        ]
      },
      "id": "node/11921799669"
    },
    {
      "type": "Feature",
      "properties": {
        "@id": "node/11930899769",
        "name": "Ganga Putra Inn",
        "tourism": "hostel"
      },
      "geometry": {
        "type": "Point",
        "coordinates": [
          83.0058433,
          25.3006111
        ]
      },
      "id": "node/11930899769"
    },
    {
      "type": "Feature",
      "properties": {
        "@id": "node/11950033976",
        "artwork_type": "statue",
        "name": "Shivaji's statue",
        "tourism": "artwork"
      },
      "geometry": {
        "type": "Point",
        "coordinates": [
          80.9375063,
          26.8625741
        ]
      },
      "id": "node/11950033976"
    },
    {
      "type": "Feature",
      "properties": {
        "@id": "node/11982419669",
        "addr:city": "Ayodhya",
        "addr:district": "Ayodhya",
        "addr:postcode": "224001",
        "addr:street": "Deokali",
        "air_conditioning": "yes",
        "bar": "no",
        "contact:facebook": "100083147450032",
        "internet_access": "wlan",
        "internet_access:fee": "customers",
        "name": "Raghukul Sadan (Agarwal Bhawan Trust)",
        "name:hi": "रघुकुल सदन, अग्रवाल भवन ट्रस्ट, अयोध्या",
        "opening_hours": "24/7",
        "phone": "9415047903",
        "rooms": "45",
        "start_date": "2024",
        "tourism": "hotel",
        "wheelchair": "yes"
      },
      "geometry": {
        "type": "Point",
        "coordinates": [
          82.1687162,
          26.7684861
        ]
      },
      "id": "node/11982419669"
    },
    {
      "type": "Feature",
      "properties": {
        "@id": "node/11982469093",
        "addr:city": "Ayodhya",
        "addr:district": "Faizabad",
        "addr:postcode": "224001",
        "addr:street": "Motibagh",
        "air_conditioning": "yes",
        "bar": "no",
        "brand": "Hotel Ayodhya",
        "email": "abhahotel.fzd@gmail.com",
        "internet_access": "yes",
        "internet_access:fee": "customers",
        "name": "Abha Hotel",
        "opening_hours": "24/7",
        "phone": "9369096400",
        "rooms": "60",
        "start_date": "1966",
        "tourism": "hotel"
      },
      "geometry": {
        "type": "Point",
        "coordinates": [
          82.1493519,
          26.77873
        ]
      },
      "id": "node/11982469093"
    },
    {
      "type": "Feature",
      "properties": {
        "@id": "node/12000773449",
        "artwork_type": "statue",
        "name": "Maharani Laxmi Bai Statue",
        "tourism": "artwork",
        "wikidata": "Q659396",
        "wikipedia": "fr:Statue équestre"
      },
      "geometry": {
        "type": "Point",
        "coordinates": [
          78.5540683,
          25.4439205
        ]
      },
      "id": "node/12000773449"
    },
    {
      "type": "Feature",
      "properties": {
        "@id": "node/12000786079",
        "artwork_type": "statue",
        "name": "Statue of Rani Laxmi Bai (Rani of Jhansi)",
        "tourism": "artwork",
        "wikidata": "Q659396",
        "wikipedia": "fr:Statue équestre"
      },
      "geometry": {
        "type": "Point",
        "coordinates": [
          78.5926304,
          25.4613271
        ]
      },
      "id": "node/12000786079"
    },
    {
      "type": "Feature",
      "properties": {
        "@id": "node/12000901318",
        "artwork_type": "statue",
        "name": "Rani Lakshmi Bai Statue",
        "tourism": "artwork",
        "wikidata": "Q659396",
        "wikipedia": "fr:Statue équestre"
      },
      "geometry": {
        "type": "Point",
        "coordinates": [
          78.6260536,
          25.4667326
        ]
      },
      "id": "node/12000901318"
    },
    {
      "type": "Feature",
      "properties": {
        "@id": "node/12000928702",
        "artwork_type": "statue",
        "name": "Rani Laxmibai Janmasthali",
        "tourism": "artwork",
        "wikidata": "Q659396",
        "wikipedia": "fr:Statue équestre"
      },
      "geometry": {
        "type": "Point",
        "coordinates": [
          83.0056342,
          25.2898045
        ]
      },
      "id": "node/12000928702"
    },
    {
      "type": "Feature",
      "properties": {
        "@id": "node/12051568389",
        "artwork_type": "statue",
        "tourism": "artwork"
      },
      "geometry": {
        "type": "Point",
        "coordinates": [
          77.7197641,
          28.9756873
        ]
      },
      "id": "node/12051568389"
    },
    {
      "type": "Feature",
      "properties": {
        "@id": "node/12061143607",
        "addr:floor": "1;2",
        "check_date": "2024-07-18",
        "name": "Jhankar",
        "tourism": "hotel"
      },
      "geometry": {
        "type": "Point",
        "coordinates": [
          77.7380866,
          28.9642191
        ]
      },
      "id": "node/12061143607"
    },
    {
      "type": "Feature",
      "properties": {
        "@id": "node/12065920462",
        "name": "Royal Inn",
        "tourism": "hotel"
      },
      "geometry": {
        "type": "Point",
        "coordinates": [
          77.5514177,
          28.8137824
        ]
      },
      "id": "node/12065920462"
    },
    {
      "type": "Feature",
      "properties": {
        "@id": "node/12075660815",
        "addr:city": "Meerut",
        "name": "Cabana",
        "tourism": "hotel"
      },
      "geometry": {
        "type": "Point",
        "coordinates": [
          77.7292719,
          28.9884197
        ]
      },
      "id": "node/12075660815"
    },
    {
      "type": "Feature",
      "properties": {
        "@id": "node/12084788891",
        "addr:city": "Meerut",
        "addr:housenumber": "173/6",
        "addr:state": "Uttar Pradesh",
        "contact:mobile": "+91 74099 98881",
        "name": "New Ways Bake House",
        "shop": "bakery",
        "tourism": "hotel"
      },
      "geometry": {
        "type": "Point",
        "coordinates": [
          77.7004012,
          28.9977078
        ]
      },
      "id": "node/12084788891"
    },
    {
      "type": "Feature",
      "properties": {
        "@id": "node/12088802482",
        "brand": "KBJ",
        "name": "Varanasi Grand",
        "tourism": "hotel"
      },
      "geometry": {
        "type": "Point",
        "coordinates": [
          82.850201,
          25.4411625
        ]
      },
      "id": "node/12088802482"
    },
    {
      "type": "Feature",
      "properties": {
        "@id": "node/12094998086",
        "artwork_type": "statue",
        "tourism": "artwork"
      },
      "geometry": {
        "type": "Point",
        "coordinates": [
          77.5797433,
          28.8384652
        ]
      },
      "id": "node/12094998086"
    },
    {
      "type": "Feature",
      "properties": {
        "@id": "node/12132389356",
        "addr:city": "Meerut",
        "addr:district": "Meerut",
        "addr:street": "Garh Road",
        "name": "Rajhans Regency",
        "tourism": "hotel"
      },
      "geometry": {
        "type": "Point",
        "coordinates": [
          77.7238907,
          28.9696941
        ]
      },
      "id": "node/12132389356"
    },
    {
      "type": "Feature",
      "properties": {
        "@id": "node/12307916701",
        "addr:housenumber": "9",
        "addr:postcode": "282001",
        "addr:street": "Amar Lok Colony",
        "name": "The Coral Court Homestay",
        "tourism": "guest_house"
      },
      "geometry": {
        "type": "Point",
        "coordinates": [
          78.051229,
          27.1661969
        ]
      },
      "id": "node/12307916701"
    },
    {
      "type": "Feature",
      "properties": {
        "@id": "node/12308206502",
        "addr:postcode": "282001",
        "name": "G Vibes Guest House",
        "tourism": "guest_house"
      },
      "geometry": {
        "type": "Point",
        "coordinates": [
          78.0539794,
          27.163753
        ]
      },
      "id": "node/12308206502"
    },
    {
      "type": "Feature",
      "properties": {
        "@id": "node/12331560588",
        "name": "Samrat Residency",
        "tourism": "hotel"
      },
      "geometry": {
        "type": "Point",
        "coordinates": [
          77.7307828,
          28.9668345
        ]
      },
      "id": "node/12331560588"
    },
    {
      "type": "Feature",
      "properties": {
        "@id": "node/12331560592",
        "addr:city": "Meerut",
        "addr:street": "Garh Road",
        "name": "Red Orchid",
        "tourism": "hotel"
      },
      "geometry": {
        "type": "Point",
        "coordinates": [
          77.7305307,
          28.9673958
        ]
      },
      "id": "node/12331560592"
    },
    {
      "type": "Feature",
      "properties": {
        "@id": "node/12346180748",
        "internet_access": "wlan",
        "internet_access:fee": "no",
        "name": "Courtyard by Marriott Agra",
        "stars": "5",
        "tourism": "hotel"
      },
      "geometry": {
        "type": "Point",
        "coordinates": [
          78.0596665,
          27.1563143
        ]
      },
      "id": "node/12346180748"
    },
    {
      "type": "Feature",
      "properties": {
        "@id": "node/12346180749",
        "addr:city": "Agra",
        "addr:country": "IN",
        "addr:housename": "Parsvanath Prerna Appartments",
        "addr:housenumber": "A10",
        "addr:postcode": "282001",
        "addr:suburb": "Taj Nagri",
        "beds": "4",
        "guest_house": "bed_and_breakfast",
        "internet_access": "wlan",
        "internet_access:fee": "no",
        "mobile": "+91 99 5895 0636",
        "name": "soul'Stay",
        "operator": "Ankit Bansal, Lahar Agarwal",
        "payment:cash": "yes",
        "rooms": "4",
        "smoking": "outside",
        "tourism": "guest_house",
        "wheelchair": "no"
      },
      "geometry": {
        "type": "Point",
        "coordinates": [
          78.0609077,
          27.1565768
        ]
      },
      "id": "node/12346180749"
    },
    {
      "type": "Feature",
      "properties": {
        "@id": "node/12348693401",
        "name": "Jahangir Lodge",
        "tourism": "hotel"
      },
      "geometry": {
        "type": "Point",
        "coordinates": [
          78.0397505,
          27.16732
        ]
      },
      "id": "node/12348693401"
    },
    {
      "type": "Feature",
      "properties": {
        "@id": "node/12348960009",
        "name": "Taj City Hotel",
        "tourism": "hotel"
      },
      "geometry": {
        "type": "Point",
        "coordinates": [
          78.0432307,
          27.1688592
        ]
      },
      "id": "node/12348960009"
    },
    {
      "type": "Feature",
      "properties": {
        "@id": "node/12351360508",
        "tourism": "viewpoint"
      },
      "geometry": {
        "type": "Point",
        "coordinates": [
          78.0400825,
          27.1772865
        ]
      },
      "id": "node/12351360508"
    },
    {
      "type": "Feature",
      "properties": {
        "@id": "node/12351360509",
        "tourism": "viewpoint"
      },
      "geometry": {
        "type": "Point",
        "coordinates": [
          78.0376954,
          27.1777441
        ]
      },
      "id": "node/12351360509"
    },
    {
      "type": "Feature",
      "properties": {
        "@id": "node/12389440101",
        "name": "The Taj Vista",
        "phone": "+91 99971 13228",
        "tourism": "hotel"
      },
      "geometry": {
        "type": "Point",
        "coordinates": [
          78.0543686,
          27.1642562
        ]
      },
      "id": "node/12389440101"
    },
    {
      "type": "Feature",
      "properties": {
        "@id": "node/12497966101",
        "name": "Avadh",
        "tourism": "hotel"
      },
      "geometry": {
        "type": "Point",
        "coordinates": [
          82.1840051,
          27.4304475
        ]
      },
      "id": "node/12497966101"
    },
    {
      "type": "Feature",
      "properties": {
        "@id": "node/12506127975",
        "name": "Kathpulia Forest Chowki",
        "tourism": "wilderness_hut"
      },
      "geometry": {
        "type": "Point",
        "coordinates": [
          78.8780934,
          29.4447299
        ]
      },
      "id": "node/12506127975"
    },
    {
      "type": "Feature",
      "properties": {
        "@id": "node/12506308092",
        "name": "FRH Dhela",
        "tourism": "wilderness_hut"
      },
      "geometry": {
        "type": "Point",
        "coordinates": [
          78.9184201,
          29.4346207
        ]
      },
      "id": "node/12506308092"
    },
    {
      "type": "Feature",
      "properties": {
        "@id": "node/12522514215",
        "addr:city": "Siddharth Nagar",
        "addr:district": "siddharth nagar",
        "addr:postcode": "272207",
        "addr:street": "front of sanri power house",
        "air_conditioning": "yes",
        "branch": "NEW R.K. KISHORE TENT HOUSE",
        "brand": "HOTEL AND WEDDING HALL",
        "contact:facebook": "https://www.facebook.com/hotel.r.k.palace.2024",
        "email": "hotelrkpalace708@gamil.com",
        "internet_access": "yes",
        "internet_access:fee": "no",
        "name": "HOTEL R.K. PALACE",
        "phone": "6306087285",
        "rooms": "7",
        "tourism": "hotel"
      },
      "geometry": {
        "type": "Point",
        "coordinates": [
          83.0626343,
          27.278754
        ]
      },
      "id": "node/12522514215"
    },
    {
      "type": "Feature",
      "properties": {
        "@id": "node/12555645778",
        "guest_house": "hostel",
        "internet_access": "wlan",
        "name": "Prafulla Chandra Ray Hostel",
        "operator": "IITBHU",
        "tourism": "hostel"
      },
      "geometry": {
        "type": "Point",
        "coordinates": [
          82.9848536,
          25.2652453
        ]
      },
      "id": "node/12555645778"
    },
    {
      "type": "Feature",
      "properties": {
        "@id": "node/12555736381",
        "name": "PC RAY BACK GATE -2",
        "tourism": "hostel"
      },
      "geometry": {
        "type": "Point",
        "coordinates": [
          82.985168,
          25.2656797
        ]
      },
      "id": "node/12555736381"
    },
    {
      "type": "Feature",
      "properties": {
        "@id": "node/12581889959",
        "addr:block": "G",
        "addr:city": "Meerut",
        "addr:housenumber": "4",
        "addr:postcode": "250001",
        "addr:street": "Boundary road",
        "name": "Virgo",
        "tourism": "hotel"
      },
      "geometry": {
        "type": "Point",
        "coordinates": [
          77.709031,
          28.9963009
        ]
      },
      "id": "node/12581889959"
    },
    {
      "type": "Feature",
      "properties": {
        "@id": "node/12592460359",
        "name": "Palm Tree Hotel & Restaurant",
        "tourism": "hotel"
      },
      "geometry": {
        "type": "Point",
        "coordinates": [
          78.0881624,
          27.9010129
        ]
      },
      "id": "node/12592460359"
    },
    {
      "type": "Feature",
      "properties": {
        "@id": "node/12592479166",
        "brand": "Lemon Tree Hotel",
        "name": "Lemon Tree Hotel",
        "tourism": "hotel"
      },
      "geometry": {
        "type": "Point",
        "coordinates": [
          78.0885767,
          27.9025725
        ]
      },
      "id": "node/12592479166"
    },
    {
      "type": "Feature",
      "properties": {
        "@id": "node/12592572189",
        "name": "Royal Apartment",
        "tourism": "apartment"
      },
      "geometry": {
        "type": "Point",
        "coordinates": [
          78.0914596,
          27.903865
        ]
      },
      "id": "node/12592572189"
    },
    {
      "type": "Feature",
      "properties": {
        "@id": "node/12592675606",
        "name": "Central Tower Apartments",
        "tourism": "apartment"
      },
      "geometry": {
        "type": "Point",
        "coordinates": [
          78.089754,
          27.9051025
        ]
      },
      "id": "node/12592675606"
    },
    {
      "type": "Feature",
      "properties": {
        "@id": "node/12592940904",
        "addr:city": "Varanasi",
        "addr:district": "Varanasi",
        "addr:postcode": "221010",
        "guest_house": "hostel",
        "name": "CV Raman main building",
        "tourism": "hostel"
      },
      "geometry": {
        "type": "Point",
        "coordinates": [
          82.9864215,
          25.2665593
        ]
      },
      "id": "node/12592940904"
    },
    {
      "type": "Feature",
      "properties": {
        "@id": "node/12592940909",
        "addr:city": "Varanasi",
        "addr:district": "VaranasiS",
        "addr:postcode": "221001",
        "name": "SATISH DHAWAN HOSTEL",
        "operator": "IIT BHU",
        "tourism": "hostel"
      },
      "geometry": {
        "type": "Point",
        "coordinates": [
          82.9847304,
          25.2642189
        ]
      },
      "id": "node/12592940909"
    },
    {
      "type": "Feature",
      "properties": {
        "@id": "node/12593212378",
        "name": "mahalakshmi guesthouse",
        "tourism": "guest_house"
      },
      "geometry": {
        "type": "Point",
        "coordinates": [
          83.3686023,
          26.7547414
        ]
      },
      "id": "node/12593212378"
    },
    {
      "type": "Feature",
      "properties": {
        "@id": "node/12593217834",
        "name": "hotel mamta",
        "tourism": "guest_house"
      },
      "geometry": {
        "type": "Point",
        "coordinates": [
          83.3689159,
          26.7546601
        ]
      },
      "id": "node/12593217834"
    },
    {
      "type": "Feature",
      "properties": {
        "@id": "node/12593220019",
        "name": "the regal inn",
        "tourism": "guest_house"
      },
      "geometry": {
        "type": "Point",
        "coordinates": [
          83.3703017,
          26.7556898
        ]
      },
      "id": "node/12593220019"
    },
    {
      "type": "Feature",
      "properties": {
        "@id": "node/12593227216",
        "name": "hotel ganesh",
        "tourism": "hotel"
      },
      "geometry": {
        "type": "Point",
        "coordinates": [
          83.3725162,
          26.7548293
        ]
      },
      "id": "node/12593227216"
    },
    {
      "type": "Feature",
      "properties": {
        "@id": "node/12593233700",
        "name": "gorakhpur haat",
        "tourism": "attraction"
      },
      "geometry": {
        "type": "Point",
        "coordinates": [
          83.3743396,
          26.7542828
        ]
      },
      "id": "node/12593233700"
    },
    {
      "type": "Feature",
      "properties": {
        "@id": "node/12593517061",
        "name": "Garden",
        "tourism": "camp_site"
      },
      "geometry": {
        "type": "Point",
        "coordinates": [
          83.0058869,
          25.2749047
        ]
      },
      "id": "node/12593517061"
    },
    {
      "type": "Feature",
      "properties": {
        "@id": "node/12593719993",
        "name": "Gaj vilas guest house",
        "tourism": "guest_house"
      },
      "geometry": {
        "type": "Point",
        "coordinates": [
          80.8035613,
          25.9341442
        ]
      },
      "id": "node/12593719993"
    },
    {
      "type": "Feature",
      "properties": {
        "@id": "node/12593995857",
        "board_type": "welcome_sign",
        "information": "board",
        "name": "IIT BHU BOARD",
        "tourism": "information"
      },
      "geometry": {
        "type": "Point",
        "coordinates": [
          82.9895043,
          25.2632852
        ]
      },
      "id": "node/12593995857"
    },
    {
      "type": "Feature",
      "properties": {
        "@id": "node/12595101611",
        "name": "hotel bombay lodge",
        "tourism": "hotel"
      },
      "geometry": {
        "type": "Point",
        "coordinates": [
          80.8162152,
          25.9333047
        ]
      },
      "id": "node/12595101611"
    },
    {
      "type": "Feature",
      "properties": {
        "@id": "node/12595585264",
        "name": "Nilgiri Girls",
        "tourism": "hostel"
      },
      "geometry": {
        "type": "Point",
        "coordinates": [
          78.2335346,
          29.1388964
        ]
      },
      "id": "node/12595585264"
    },
    {
      "type": "Feature",
      "properties": {
        "@id": "node/12595592551",
        "name": "Nilgiri jr",
        "tourism": "hostel"
      },
      "geometry": {
        "type": "Point",
        "coordinates": [
          78.2334151,
          29.1397942
        ]
      },
      "id": "node/12595592551"
    },
    {
      "type": "Feature",
      "properties": {
        "@id": "node/12595592552",
        "name": "Udaygiri Sr",
        "tourism": "hostel"
      },
      "geometry": {
        "type": "Point",
        "coordinates": [
          78.2342067,
          29.1401519
        ]
      },
      "id": "node/12595592552"
    },
    {
      "type": "Feature",
      "properties": {
        "@id": "node/12595594483",
        "name": "Shivalik junior",
        "tourism": "hostel"
      },
      "geometry": {
        "type": "Point",
        "coordinates": [
          78.2336455,
          29.1401095
        ]
      },
      "id": "node/12595594483"
    },
    {
      "type": "Feature",
      "properties": {
        "@id": "node/12595597162",
        "name": "Arawali girls",
        "tourism": "hostel"
      },
      "geometry": {
        "type": "Point",
        "coordinates": [
          78.2334315,
          29.139369
        ]
      },
      "id": "node/12595597162"
    },
    {
      "type": "Feature",
      "properties": {
        "@id": "node/12595597176",
        "name": "Arawali",
        "tourism": "hostel"
      },
      "geometry": {
        "type": "Point",
        "coordinates": [
          78.2343705,
          29.1403745
        ]
      },
      "id": "node/12595597176"
    },
    {
      "type": "Feature",
      "properties": {
        "@id": "node/12595611749",
        "name": "udaygiri girls",
        "tourism": "hostel"
      },
      "geometry": {
        "type": "Point",
        "coordinates": [
          78.23321,
          29.13909
        ]
      },
      "id": "node/12595611749"
    },
    {
      "type": "Feature",
      "properties": {
        "@id": "node/12595611750",
        "name": "Shivalik girls",
        "tourism": "hostel"
      },
      "geometry": {
        "type": "Point",
        "coordinates": [
          78.2337665,
          29.139153
        ]
      },
      "id": "node/12595611750"
    },
    {
      "type": "Feature",
      "properties": {
        "@id": "node/12595618608",
        "name": "Nilgiri Sr",
        "tourism": "hostel"
      },
      "geometry": {
        "type": "Point",
        "coordinates": [
          78.2344907,
          29.1399833
        ]
      },
      "id": "node/12595618608"
    },
    {
      "type": "Feature",
      "properties": {
        "@id": "node/12595623419",
        "name": "Arawali Jr",
        "tourism": "hostel"
      },
      "geometry": {
        "type": "Point",
        "coordinates": [
          78.2332769,
          29.1402302
        ]
      },
      "id": "node/12595623419"
    },
    {
      "type": "Feature",
      "properties": {
        "@id": "node/12595629979",
        "name": "Mystic Palm",
        "tourism": "hotel"
      },
      "geometry": {
        "type": "Point",
        "coordinates": [
          77.6558736,
          27.4844702
        ]
      },
      "id": "node/12595629979"
    },
    {
      "type": "Feature",
      "properties": {
        "@id": "node/12595630028",
        "name": "Shivalik Sr",
        "tourism": "hostel"
      },
      "geometry": {
        "type": "Point",
        "coordinates": [
          78.2346946,
          29.1402409
        ]
      },
      "id": "node/12595630028"
    },
    {
      "type": "Feature",
      "properties": {
        "@id": "node/12595632993",
        "name": "udaygiri jr",
        "tourism": "hostel"
      },
      "geometry": {
        "type": "Point",
        "coordinates": [
          78.233071,
          29.1400618
        ]
      },
      "id": "node/12595632993"
    },
    {
      "type": "Feature",
      "properties": {
        "@id": "node/12595635513",
        "name": "Arawali jr",
        "tourism": "hostel"
      },
      "geometry": {
        "type": "Point",
        "coordinates": [
          78.233267,
          29.1402623
        ]
      },
      "id": "node/12595635513"
    },
    {
      "type": "Feature",
      "properties": {
        "@id": "node/12595643673",
        "name": "appartment",
        "tourism": "apartment"
      },
      "geometry": {
        "type": "Point",
        "coordinates": [
          82.9840628,
          25.2693007
        ]
      },
      "id": "node/12595643673"
    },
    {
      "type": "Feature",
      "properties": {
        "@id": "node/12595643674",
        "name": "arya1",
        "tourism": "apartment"
      },
      "geometry": {
        "type": "Point",
        "coordinates": [
          82.9856884,
          25.2709836
        ]
      },
      "id": "node/12595643674"
    },
    {
      "type": "Feature",
      "properties": {
        "@id": "node/12595643678",
        "denotation": "urban",
        "name": "apartment",
        "tourism": "apartment"
      },
      "geometry": {
        "type": "Point",
        "coordinates": [
          82.982902,
          25.2669981
        ]
      },
      "id": "node/12595643678"
    },
    {
      "type": "Feature",
      "properties": {
        "@id": "node/12595679737",
        "name": "Brijwasi Royal",
        "tourism": "hotel"
      },
      "geometry": {
        "type": "Point",
        "coordinates": [
          77.6783047,
          27.4894845
        ]
      },
      "id": "node/12595679737"
    },
    {
      "type": "Feature",
      "properties": {
        "@id": "node/12595679738",
        "name": "Mukund Palace",
        "tourism": "hotel"
      },
      "geometry": {
        "type": "Point",
        "coordinates": [
          77.6774536,
          27.4917945
        ]
      },
      "id": "node/12595679738"
    },
    {
      "type": "Feature",
      "properties": {
        "@id": "node/12595679966",
        "name": "HOTEL MILLENIUM INN",
        "tourism": "hotel"
      },
      "geometry": {
        "type": "Point",
        "coordinates": [
          81.8221197,
          25.4511849
        ]
      },
      "id": "node/12595679966"
    },
    {
      "type": "Feature",
      "properties": {
        "@id": "node/12595723093",
        "name": "PWD daak bungalow",
        "tourism": "guest_house"
      },
      "geometry": {
        "type": "Point",
        "coordinates": [
          80.8037698,
          25.9430909
        ]
      },
      "id": "node/12595723093"
    },
    {
      "type": "Feature",
      "properties": {
        "@id": "node/12595723976",
        "name": "ramadian hotel fatehpur",
        "tourism": "hotel"
      },
      "geometry": {
        "type": "Point",
        "coordinates": [
          80.8023173,
          25.9424107
        ]
      },
      "id": "node/12595723976"
    },
    {
      "type": "Feature",
      "properties": {
        "@id": "node/12595797116",
        "name": "Ayush guest house",
        "tourism": "guest_house"
      },
      "geometry": {
        "type": "Point",
        "coordinates": [
          78.2681353,
          29.135386
        ]
      },
      "id": "node/12595797116"
    },
    {
      "type": "Feature",
      "properties": {
        "@id": "node/12595808473",
        "name": "Venita bhatya",
        "tourism": "guest_house"
      },
      "geometry": {
        "type": "Point",
        "coordinates": [
          78.2678194,
          29.1362375
        ]
      },
      "id": "node/12595808473"
    },
    {
      "type": "Feature",
      "properties": {
        "@id": "node/12595811792",
        "name": "shiddiue house",
        "tourism": "guest_house"
      },
      "geometry": {
        "type": "Point",
        "coordinates": [
          78.2674764,
          29.135844
        ]
      },
      "id": "node/12595811792"
    },
    {
      "type": "Feature",
      "properties": {
        "@id": "node/12595821725",
        "name": "quazi housif hasan",
        "tourism": "guest_house"
      },
      "geometry": {
        "type": "Point",
        "coordinates": [
          78.2670473,
          29.1359601
        ]
      },
      "id": "node/12595821725"
    },
    {
      "type": "Feature",
      "properties": {
        "@id": "node/12595956674",
        "brand": "OYO",
        "brand:wikidata": "Q24906315",
        "name": "OYO 23416 Maharaja Hotel",
        "tourism": "hotel"
      },
      "geometry": {
        "type": "Point",
        "coordinates": [
          82.820478,
          25.5004389
        ]
      },
      "id": "node/12595956674"
    },
    {
      "type": "Feature",
      "properties": {
        "@id": "node/12596062776",
        "name": "OM Shai Dharma Kata",
        "tourism": "information"
      },
      "geometry": {
        "type": "Point",
        "coordinates": [
          82.6684226,
          25.3676791
        ]
      },
      "id": "node/12596062776"
    },
    {
      "type": "Feature",
      "properties": {
        "@id": "node/12596157844",
        "name": "Shushil Studio",
        "tourism": "gallery"
      },
      "geometry": {
        "type": "Point",
        "coordinates": [
          82.7284932,
          25.5588013
        ]
      },
      "id": "node/12596157844"
    },
    {
      "type": "Feature",
      "properties": {
        "@id": "node/12596157847",
        "information": "yes",
        "tourism": "information"
      },
      "geometry": {
        "type": "Point",
        "coordinates": [
          82.6760676,
          25.3642411
        ]
      },
      "id": "node/12596157847"
    },
    {
      "type": "Feature",
      "properties": {
        "@id": "node/12596220160",
        "information": "yes",
        "name": "Idigi Solutin & Vision",
        "tourism": "information"
      },
      "geometry": {
        "type": "Point",
        "coordinates": [
          82.6700891,
          25.3678241
        ]
      },
      "id": "node/12596220160"
    },
    {
      "type": "Feature",
      "properties": {
        "@id": "node/12596236047",
        "name": "rajasthani hotel bhilwara",
        "tourism": "hotel"
      },
      "geometry": {
        "type": "Point",
        "coordinates": [
          78.0046412,
          27.1241559
        ]
      },
      "id": "node/12596236047"
    },
    {
      "type": "Feature",
      "properties": {
        "@id": "node/12596238845",
        "brand": "OYO",
        "brand:wikidata": "Q24906315",
        "name": "OYO",
        "tourism": "hotel"
      },
      "geometry": {
        "type": "Point",
        "coordinates": [
          78.0006301,
          27.1154873
        ]
      },
      "id": "node/12596238845"
    },
    {
      "type": "Feature",
      "properties": {
        "@id": "node/12596253094",
        "tourism": "guest_house"
      },
      "geometry": {
        "type": "Point",
        "coordinates": [
          83.0020738,
          25.3044519
        ]
      },
      "id": "node/12596253094"
    },
    {
      "type": "Feature",
      "properties": {
        "@id": "node/12596280025",
        "artwork_type": "statue",
        "loc_name": "Ambedkar moorti",
        "material": "stone",
        "name": "Ambedkar ji statue",
        "tourism": "artwork"
      },
      "geometry": {
        "type": "Point",
        "coordinates": [
          77.7741129,
          28.730347
        ]
      },
      "id": "node/12596280025"
    },
    {
      "type": "Feature",
      "properties": {
        "@id": "node/12596310729",
        "museum": "archaeological",
        "name": "Archaeological Museum",
        "tourism": "museum"
      },
      "geometry": {
        "type": "Point",
        "coordinates": [
          78.3908379,
          24.6968784
        ]
      },
      "id": "node/12596310729"
    },
    {
      "type": "Feature",
      "properties": {
        "@id": "node/12596310732",
        "internet_access": "wlan",
        "internet_access:fee": "customers",
        "name": "Aryan Inn",
        "tourism": "hotel"
      },
      "geometry": {
        "type": "Point",
        "coordinates": [
          78.429384,
          24.7245017
        ]
      },
      "id": "node/12596310732"
    },
    {
      "type": "Feature",
      "properties": {
        "@id": "node/12596427223",
        "name": "satish dhawan hostel",
        "tourism": "hostel"
      },
      "geometry": {
        "type": "Point",
        "coordinates": [
          82.9847233,
          25.2641168
        ]
      },
      "id": "node/12596427223"
    },
    {
      "type": "Feature",
      "properties": {
        "@id": "node/12597542498",
        "addr:city": "Varanasi",
        "addr:street": "Lanka Road",
        "name": "Hotel Swyamvar",
        "tourism": "hotel"
      },
      "geometry": {
        "type": "Point",
        "coordinates": [
          83.0026838,
          25.2806558
        ]
      },
      "id": "node/12597542498"
    },
    {
      "type": "Feature",
      "properties": {
        "@id": "node/12597548620",
        "addr:city": "Varanasi",
        "addr:street": "Lanka Road",
        "name": "Utsav Residency",
        "tourism": "hotel"
      },
      "geometry": {
        "type": "Point",
        "coordinates": [
          83.0025998,
          25.2801109
        ]
      },
      "id": "node/12597548620"
    },
    {
      "type": "Feature",
      "properties": {
        "@id": "node/12597550147",
        "addr:city": "Varanasi",
        "addr:street": "Lanka Road",
        "name": "KA art gallery",
        "tourism": "gallery"
      },
      "geometry": {
        "type": "Point",
        "coordinates": [
          83.0023262,
          25.2801934
        ]
      },
      "id": "node/12597550147"
    },
    {
      "type": "Feature",
      "properties": {
        "@id": "node/12597558093",
        "addr:city": "Varanasi",
        "addr:street": "Lanka Road",
        "name": "CoCasa Boutique Hotel",
        "tourism": "hotel"
      },
      "geometry": {
        "type": "Point",
        "coordinates": [
          83.0037438,
          25.2831022
        ]
      },
      "id": "node/12597558093"
    },
    {
      "type": "Feature",
      "properties": {
        "@id": "node/12597558214",
        "addr:city": "Varanasi",
        "addr:street": "Lanka Road",
        "name": "Shankara Resdiency",
        "tourism": "hotel"
      },
      "geometry": {
        "type": "Point",
        "coordinates": [
          83.0026409,
          25.2804634
        ]
      },
      "id": "node/12597558214"
    },
    {
      "type": "Feature",
      "properties": {
        "@id": "node/12598485114",
        "artwork_type": "statue",
        "tourism": "artwork"
      },
      "geometry": {
        "type": "Point",
        "coordinates": [
          77.7133087,
          28.9902034
        ]
      },
      "id": "node/12598485114"
    },
    {
      "type": "Feature",
      "properties": {
        "@id": "node/12598485119",
        "artwork_type": "statue",
        "name": "Chandrashekhar Azad",
        "tourism": "artwork"
      },
      "geometry": {
        "type": "Point",
        "coordinates": [
          77.713247,
          28.9901812
        ]
      },
      "id": "node/12598485119"
    },
    {
      "type": "Feature",
      "properties": {
        "@id": "node/12601795401",
        "name:en": "Foreign tourist centre",
        "opening_hours": "Tu-Sa,Mo 08:00-20:00; Su 08:00-14:00",
        "tourism": "information"
      },
      "geometry": {
        "type": "Point",
        "coordinates": [
          82.9861441,
          25.3265141
        ]
      },
      "id": "node/12601795401"
    },
    {
      "type": "Feature",
      "properties": {
        "@id": "node/12603686429",
        "artwork_type": "statue",
        "tourism": "artwork"
      },
      "geometry": {
        "type": "Point",
        "coordinates": [
          82.9851981,
          25.3315052
        ]
      },
      "id": "node/12603686429"
    },
    {
      "type": "Feature",
      "properties": {
        "@id": "node/12615546661",
        "artwork_type": "statue",
        "tourism": "artwork"
      },
      "geometry": {
        "type": "Point",
        "coordinates": [
          82.9738728,
          25.3296499
        ]
      },
      "id": "node/12615546661"
    },
    {
      "type": "Feature",
      "properties": {
        "@id": "node/12615546700",
        "artwork_type": "statue",
        "tourism": "artwork"
      },
      "geometry": {
        "type": "Point",
        "coordinates": [
          82.978139,
          25.3353682
        ]
      },
      "id": "node/12615546700"
    },
    {
      "type": "Feature",
      "properties": {
        "@id": "node/12615749686",
        "artwork_subject": "Babu Jagjivan Ram",
        "artwork_type": "statue",
        "tourism": "artwork"
      },
      "geometry": {
        "type": "Point",
        "coordinates": [
          77.7428032,
          28.9629016
        ]
      },
      "id": "node/12615749686"
    },
    {
      "type": "Feature",
      "properties": {
        "@id": "node/12619452403",
        "addr:postcode": "201308",
        "addr:street": "Knowledge Park III, Gujarpur Knowledge Park Ii",
        "email": "stay@hiexpress.co.in",
        "internet_access": "wlan",
        "name": "Holiday Inn Express Greater Noida Knowledge Park",
        "opening_hours": "24/7",
        "phone": "911206651711",
        "tourism": "hotel",
        "website": "https://www.ihg.com/holidayinnexpress/hotels/us/en/greater-noida/urpgn/hoteldetail"
      },
      "geometry": {
        "type": "Point",
        "coordinates": [
          77.4908123,
          28.488763
        ]
      },
      "id": "node/12619452403"
    },
    {
      "type": "Feature",
      "properties": {
        "@id": "node/12623251080",
        "addr:city": "Prayagraj",
        "addr:district": "Uttar Pradesh",
        "addr:housenumber": "36 -B",
        "addr:postcode": "211001",
        "addr:street": "M.G. Marg",
        "email": "myversevista@gmail.com",
        "internet_access": "yes",
        "internet_access:fee": "no",
        "name": "Verse Vista",
        "phone": "+91 9855510670",
        "rooms": "7",
        "tourism": "hotel"
      },
      "geometry": {
        "type": "Point",
        "coordinates": [
          81.8348584,
          25.4507638
        ]
      },
      "id": "node/12623251080"
    },
    {
      "type": "Feature",
      "properties": {
        "@id": "node/12623503565",
        "artwork_type": "statue",
        "tourism": "artwork"
      },
      "geometry": {
        "type": "Point",
        "coordinates": [
          82.9812988,
          25.3446054
        ]
      },
      "id": "node/12623503565"
    },
    {
      "type": "Feature",
      "properties": {
        "@id": "node/12630843030",
        "name": "shaheed bhawan",
        "tourism": "apartment"
      },
      "geometry": {
        "type": "Point",
        "coordinates": [
          83.7582639,
          25.6230631
        ]
      },
      "id": "node/12630843030"
    },
    {
      "type": "Feature",
      "properties": {
        "@id": "node/12631202446",
        "name": "Gupta Hotel",
        "tourism": "hotel"
      },
      "geometry": {
        "type": "Point",
        "coordinates": [
          83.7595544,
          25.6250237
        ]
      },
      "id": "node/12631202446"
    },
    {
      "type": "Feature",
      "properties": {
        "@id": "node/12631207785",
        "name": "Mumbai marraige hall lodging",
        "tourism": "guest_house"
      },
      "geometry": {
        "type": "Point",
        "coordinates": [
          83.754119,
          25.6212697
        ]
      },
      "id": "node/12631207785"
    },
    {
      "type": "Feature",
      "properties": {
        "@id": "node/12633756230",
        "name": "common hostel mess",
        "tourism": "hostel"
      },
      "geometry": {
        "type": "Point",
        "coordinates": [
          82.984848,
          25.264721
        ]
      },
      "id": "node/12633756230"
    },
    {
      "type": "Feature",
      "properties": {
        "@id": "node/12633774082",
        "name": "DG hostel",
        "tourism": "hostel"
      },
      "geometry": {
        "type": "Point",
        "coordinates": [
          82.9858468,
          25.2638366
        ]
      },
      "id": "node/12633774082"
    },
    {
      "type": "Feature",
      "properties": {
        "@id": "node/12633791005",
        "name": "Morvi hostel",
        "tourism": "hostel"
      },
      "geometry": {
        "type": "Point",
        "coordinates": [
          82.9856728,
          25.2649415
        ]
      },
      "id": "node/12633791005"
    },
    {
      "type": "Feature",
      "properties": {
        "@id": "node/12633800343",
        "name": "Satish Dhawan hostel",
        "tourism": "hostel"
      },
      "geometry": {
        "type": "Point",
        "coordinates": [
          82.9847701,
          25.2641951
        ]
      },
      "id": "node/12633800343"
    },
    {
      "type": "Feature",
      "properties": {
        "@id": "node/12634006918",
        "name": "Morvi hostel",
        "tourism": "hostel"
      },
      "geometry": {
        "type": "Point",
        "coordinates": [
          82.9858014,
          25.2650398
        ]
      },
      "id": "node/12634006918"
    },
    {
      "type": "Feature",
      "properties": {
        "@id": "node/12634051173",
        "name": "Dhanrajgiri hostel",
        "tourism": "hostel"
      },
      "geometry": {
        "type": "Point",
        "coordinates": [
          82.9857591,
          25.2640222
        ]
      },
      "id": "node/12634051173"
    },
    {
      "type": "Feature",
      "properties": {
        "@id": "node/12634873568",
        "name": "Rajputana hostel",
        "tourism": "hostel"
      },
      "geometry": {
        "type": "Point",
        "coordinates": [
          82.9857698,
          25.2622997
        ]
      },
      "id": "node/12634873568"
    },
    {
      "type": "Feature",
      "properties": {
        "@id": "node/12634917025",
        "tourism": "hostel"
      },
      "geometry": {
        "type": "Point",
        "coordinates": [
          82.985945,
          25.2660071
        ]
      },
      "id": "node/12634917025"
    },
    {
      "type": "Feature",
      "properties": {
        "@id": "node/12634924521",
        "tourism": "hostel"
      },
      "geometry": {
        "type": "Point",
        "coordinates": [
          82.9959539,
          25.26424
        ]
      },
      "id": "node/12634924521"
    },
    {
      "type": "Feature",
      "properties": {
        "@id": "node/12635069401",
        "addr:postcode": "282002",
        "addr:street": "Fatehabad road",
        "internet_access": "wlan",
        "name": "Royale Sarovar Portico",
        "tourism": "hotel",
        "website": "https://sarovarhotels.com/"
      },
      "geometry": {
        "type": "Point",
        "coordinates": [
          78.0593337,
          27.1581601
        ]
      },
      "id": "node/12635069401"
    },
    {
      "type": "Feature",
      "properties": {
        "@id": "node/12652008661",
        "addr:city": "Prayagraj",
        "addr:district": "Prayagraj",
        "addr:housenumber": "2/1A, Near Bhagwan Ram Mandir, Civil Lines",
        "addr:postcode": "211001",
        "addr:street": "Stretchy Road",
        "brand": "Zone by The Park Hotels",
        "internet_access": "yes",
        "internet_access:fee": "no",
        "name": "Zone Connect by The Park",
        "phone": "+915323509100",
        "rooms": "40",
        "tourism": "hotel",
        "website": "https://www.zonebythepark.com/"
      },
      "geometry": {
        "type": "Point",
        "coordinates": [
          81.8325179,
          25.4518766
        ]
      },
      "id": "node/12652008661"
    },
    {
      "type": "Feature",
      "properties": {
        "@id": "node/12681065152",
        "tourism": "hotel"
      },
      "geometry": {
        "type": "Point",
        "coordinates": [
          82.8522678,
          25.4358667
        ]
      },
      "id": "node/12681065152"
    },
    {
      "type": "Feature",
      "properties": {
        "@id": "node/12681065206",
        "tourism": "hotel"
      },
      "geometry": {
        "type": "Point",
        "coordinates": [
          82.8530465,
          25.4360708
        ]
      },
      "id": "node/12681065206"
    },
    {
      "type": "Feature",
      "properties": {
        "@id": "node/12719250361",
        "check_date": "2025-03-31",
        "name": "Mataji Guest House",
        "tourism": "guest_house"
      },
      "geometry": {
        "type": "Point",
        "coordinates": [
          77.3819429,
          27.6592591
        ]
      },
      "id": "node/12719250361"
    },
    {
      "type": "Feature",
      "properties": {
        "@id": "node/12719325189",
        "check_date": "2025-03-31",
        "name": "Laxmi dormitory",
        "tourism": "hostel"
      },
      "geometry": {
        "type": "Point",
        "coordinates": [
          77.6739658,
          27.5700134
        ]
      },
      "id": "node/12719325189"
    },
    {
      "type": "Feature",
      "properties": {
        "@id": "node/12719337802",
        "name": "Govardhan Leela",
        "tourism": "attraction"
      },
      "geometry": {
        "type": "Point",
        "coordinates": [
          77.6729924,
          27.5721281
        ]
      },
      "id": "node/12719337802"
    },
    {
      "type": "Feature",
      "properties": {
        "@id": "node/12719337807",
        "check_date": "2025-03-31",
        "name": "Hotel Anamsa",
        "tourism": "hotel"
      },
      "geometry": {
        "type": "Point",
        "coordinates": [
          77.6713853,
          27.5699959
        ]
      },
      "id": "node/12719337807"
    },
    {
      "type": "Feature",
      "properties": {
        "@id": "node/12719337815",
        "check_date": "2025-03-31",
        "name": "Shri Ji Dham ashram",
        "tourism": "hotel"
      },
      "geometry": {
        "type": "Point",
        "coordinates": [
          77.6748746,
          27.571488
        ]
      },
      "id": "node/12719337815"
    },
    {
      "type": "Feature",
      "properties": {
        "@id": "node/12719337822",
        "check_date": "2025-03-31",
        "name": "Hotel Prem Inn",
        "tourism": "hotel"
      },
      "geometry": {
        "type": "Point",
        "coordinates": [
          77.6730069,
          27.571259
        ]
      },
      "id": "node/12719337822"
    },
    {
      "type": "Feature",
      "properties": {
        "@id": "node/12728476856",
        "brand": "Ramada",
        "brand:wikidata": "Q1502859",
        "name": "Ramada Encore by Wyndham",
        "official_name": "Ramada by Wyndham",
        "stars": "4",
        "tourism": "hotel"
      },
      "geometry": {
        "type": "Point",
        "coordinates": [
          79.4289889,
          28.3472959
        ]
      },
      "id": "node/12728476856"
    },
    {
      "type": "Feature",
      "properties": {
        "@id": "node/12745738401",
        "name": "Ganga Sevashram",
        "tourism": "hotel"
      },
      "geometry": {
        "type": "Point",
        "coordinates": [
          83.0067357,
          25.2979443
        ]
      },
      "id": "node/12745738401"
    },
    {
      "type": "Feature",
      "properties": {
        "@id": "node/12745739701",
        "name": "Kashi Vishwanath Homestay",
        "tourism": "hotel"
      },
      "geometry": {
        "type": "Point",
        "coordinates": [
          82.9809783,
          25.3161317
        ]
      },
      "id": "node/12745739701"
    },
    {
      "type": "Feature",
      "properties": {
        "@id": "node/12749790921",
        "addr:city": "lucknow",
        "addr:district": "lucknow",
        "addr:housenumber": "golden boys hostel",
        "addr:postcode": "226028",
        "addr:street": "atif vihar colony",
        "guest_house": "student_accommodation",
        "internet_access": "yes",
        "internet_access:fee": "no",
        "name": "Golden boys hostel",
        "rooms": "36",
        "tourism": "hostel"
      },
      "geometry": {
        "type": "Point",
        "coordinates": [
          81.0571136,
          26.8933043
        ]
      },
      "id": "node/12749790921"
    },
    {
      "type": "Feature",
      "properties": {
        "@id": "node/12767881429",
        "name": "Ishan Guest House",
        "tourism": "guest_house"
      },
      "geometry": {
        "type": "Point",
        "coordinates": [
          77.6757967,
          28.978345
        ]
      },
      "id": "node/12767881429"
    },
    {
      "type": "Feature",
      "properties": {
        "@id": "node/12791177799",
        "addr:city": "Prayagraj",
        "addr:district": "Prayagraj",
        "addr:housenumber": "24/19D",
        "addr:postcode": "211001",
        "addr:street": "Sarojini Naidu Marg",
        "brand": "Radisson",
        "brand:wikidata": "Q1751979",
        "name": "Radisson",
        "tourism": "hotel",
        "website": "https://www.radissonhotels.com/en-us/hotels/radisson-prayagraj"
      },
      "geometry": {
        "type": "Point",
        "coordinates": [
          81.8287685,
          25.4646702
        ]
      },
      "id": "node/12791177799"
    },
    {
      "type": "Feature",
      "properties": {
        "@id": "node/12798452123",
        "check_date": "2025-04-30",
        "name": "Raj Hotel",
        "tourism": "hotel"
      },
      "geometry": {
        "type": "Point",
        "coordinates": [
          82.9710687,
          25.3867164
        ]
      },
      "id": "node/12798452123"
    },
    {
      "type": "Feature",
      "properties": {
        "@id": "node/12809525901",
        "tourism": "guest_house"
      },
      "geometry": {
        "type": "Point",
        "coordinates": [
          81.0208038,
          28.4232765
        ]
      },
      "id": "node/12809525901"
    },
    {
      "type": "Feature",
      "properties": {
        "@id": "node/12843448432",
        "addr:city": "Kanpur",
        "addr:place": "Awas Vikas 1",
        "addr:state": "UP",
        "addr:suburb": "Keshavpuram",
        "mobile": "+91-82997-32964;+91-88401-98990",
        "name": "Hotel Anukampa",
        "tourism": "hotel"
      },
      "geometry": {
        "type": "Point",
        "coordinates": [
          80.2688018,
          26.484248
        ]
      },
      "id": "node/12843448432"
    },
    {
      "type": "Feature",
      "properties": {
        "@id": "node/12843448438",
        "air_conditioning": "yes",
        "branch": "Kalyanpur",
        "contact:mobile": "+91-86045-51755",
        "name": "Collection O Hotel",
        "tourism": "hotel",
        "wheelchair": "no"
      },
      "geometry": {
        "type": "Point",
        "coordinates": [
          80.2686608,
          26.484319
        ]
      },
      "id": "node/12843448438"
    },
    {
      "type": "Feature",
      "properties": {
        "@id": "node/12843879884",
        "artwork_subject": "Chhatrapati Shahuji Maharaj",
        "artwork_type": "statue",
        "start_date": "1997-07-26",
        "tourism": "artwork"
      },
      "geometry": {
        "type": "Point",
        "coordinates": [
          80.2665485,
          26.4977692
        ]
      },
      "id": "node/12843879884"
    },
    {
      "type": "Feature",
      "properties": {
        "@id": "node/12843879890",
        "artwork_type": "bust",
        "tourism": "artwork"
      },
      "geometry": {
        "type": "Point",
        "coordinates": [
          80.26665,
          26.4980503
        ]
      },
      "id": "node/12843879890"
    },
    {
      "type": "Feature",
      "properties": {
        "@id": "node/12844677889",
        "name": "Hotel Valentines",
        "tourism": "hotel",
        "wheelchair": "no"
      },
      "geometry": {
        "type": "Point",
        "coordinates": [
          81.8304419,
          25.4502078
        ]
      },
      "id": "node/12844677889"
    },
    {
      "type": "Feature",
      "properties": {
        "@id": "node/12845183407",
        "artwork_type": "statue",
        "tourism": "artwork"
      },
      "geometry": {
        "type": "Point",
        "coordinates": [
          80.3499066,
          26.4572698
        ]
      },
      "id": "node/12845183407"
    },
    {
      "type": "Feature",
      "properties": {
        "@id": "node/12847114011",
        "name": "Madina Hotel",
        "tourism": "hotel"
      },
      "geometry": {
        "type": "Point",
        "coordinates": [
          81.8227736,
          25.4319533
        ]
      },
      "id": "node/12847114011"
    },
    {
      "type": "Feature",
      "properties": {
        "@id": "node/12847152283",
        "name": "Fish World",
        "tourism": "aquarium"
      },
      "geometry": {
        "type": "Point",
        "coordinates": [
          81.8261426,
          25.4310182
        ]
      },
      "id": "node/12847152283"
    },
    {
      "type": "Feature",
      "properties": {
        "@id": "node/12877252951",
        "addr:city": "AGRA",
        "addr:district": "AGRA",
        "addr:housenumber": "71",
        "addr:postcode": "13120",
        "addr:street": "PUSHPANJALI PURAM PH3",
        "email": "voyageurshomestay@gmail.com",
        "guest_house": "bed_and_breakfast",
        "internet_access": "yes",
        "internet_access:fee": "no",
        "name": "VOYAGEURS HOMESTAY",
        "phone": "9259576407",
        "rooms": "6",
        "tourism": "guest_house"
      },
      "geometry": {
        "type": "Point",
        "coordinates": [
          78.0608581,
          27.1470211
        ]
      },
      "id": "node/12877252951"
    },
    {
      "type": "Feature",
      "properties": {
        "@id": "node/12890458121",
        "name": "Tokha",
        "tourism": "viewpoint"
      },
      "geometry": {
        "type": "Point",
        "coordinates": [
          82.2368082,
          25.6884758
        ]
      },
      "id": "node/12890458121"
    },
    {
      "type": "Feature",
      "properties": {
        "@id": "node/12912128101",
        "addr:housenumber": "D 38/139-140",
        "addr:postcode": "221001",
        "addr:street": "Godowalia Lanka Road",
        "name": "Bagla Atithi Bhawan",
        "phone": "+91951150306",
        "tourism": "hotel"
      },
      "geometry": {
        "type": "Point",
        "coordinates": [
          83.0077559,
          25.3103797
        ]
      },
      "id": "node/12912128101"
    },
    {
      "type": "Feature",
      "properties": {
        "@id": "node/12976394607",
        "addr:city": "Kanpur",
        "addr:place": "IIT Kanpur",
        "addr:postcode": "208016",
        "guest_house": "guest_house",
        "name": "Visitor's Hostel 2 (International Hostel)",
        "source": "microsoft/BuildingFootprints",
        "tourism": "hostel",
        "website": "https://www.iitk.ac.in/vh/"
      },
      "geometry": {
        "type": "Point",
        "coordinates": [
          80.2252302,
          26.5114323
        ]
      },
      "id": "node/12976394607"
    },
    {
      "type": "Feature",
      "properties": {
        "@id": "node/12985396102",
        "name": "Vaishali Inn",
        "tourism": "hotel"
      },
      "geometry": {
        "type": "Point",
        "coordinates": [
          77.33972,
          28.6457348
        ]
      },
      "id": "node/12985396102"
    },
    {
      "type": "Feature",
      "properties": {
        "@id": "node/12997195925",
        "artwork_subject": "Shri D. Nagendran",
        "artwork_type": "bust",
        "start_date": "2006-09-13",
        "tourism": "artwork"
      },
      "geometry": {
        "type": "Point",
        "coordinates": [
          77.3385582,
          28.6489584
        ]
      },
      "id": "node/12997195925"
    },
    {
      "type": "Feature",
      "properties": {
        "@id": "node/13005769210",
        "addr:city": "Etawah",
        "addr:district": "Etawah",
        "addr:postcode": "206126",
        "addr:street": "NH19",
        "name": "Narayan dhaba",
        "tourism": "hotel"
      },
      "geometry": {
        "type": "Point",
        "coordinates": [
          79.1174777,
          26.7250627
        ]
      },
      "id": "node/13005769210"
    },
    {
      "type": "Feature",
      "properties": {
        "@id": "node/13025877301",
        "addr:housenumber": "C58/17",
        "addr:postcode": "201301",
        "addr:street": "Rishimuni Sadak",
        "name": "VSNL Apartments",
        "tourism": "apartment"
      },
      "geometry": {
        "type": "Point",
        "coordinates": [
          77.3713097,
          28.6122207
        ]
      },
      "id": "node/13025877301"
    },
    {
      "type": "Feature",
      "properties": {
        "@id": "node/13028136095",
        "tourism": "artwork"
      },
      "geometry": {
        "type": "Point",
        "coordinates": [
          77.3244878,
          28.5698793
        ]
      },
      "id": "node/13028136095"
    },
    {
      "type": "Feature",
      "properties": {
        "@id": "node/13028136096",
        "tourism": "artwork"
      },
      "geometry": {
        "type": "Point",
        "coordinates": [
          77.3244919,
          28.5700125
        ]
      },
      "id": "node/13028136096"
    },
    {
      "type": "Feature",
      "properties": {
        "@id": "node/13028266551",
        "name": "Darshan Inn",
        "tourism": "hotel"
      },
      "geometry": {
        "type": "Point",
        "coordinates": [
          81.825448,
          25.4669804
        ]
      },
      "id": "node/13028266551"
    },
    {
      "type": "Feature",
      "properties": {
        "@id": "node/13028324159",
        "name": "Mosaic",
        "tourism": "hotel"
      },
      "geometry": {
        "type": "Point",
        "coordinates": [
          77.325225,
          28.5710546
        ]
      },
      "id": "node/13028324159"
    },
    {
      "type": "Feature",
      "properties": {
        "@id": "node/13042831840",
        "artwork_type": "bust",
        "name": "Major General Calude Martin",
        "tourism": "artwork"
      },
      "geometry": {
        "type": "Point",
        "coordinates": [
          80.9617969,
          26.8400996
        ]
      },
      "id": "node/13042831840"
    },
    {
      "type": "Feature",
      "properties": {
        "@id": "node/13044137877",
        "artwork_type": "statue",
        "tourism": "artwork"
      },
      "geometry": {
        "type": "Point",
        "coordinates": [
          80.9362557,
          26.8535643
        ]
      },
      "id": "node/13044137877"
    },
    {
      "type": "Feature",
      "properties": {
        "@id": "node/13044137888",
        "artwork_type": "statue",
        "tourism": "artwork"
      },
      "geometry": {
        "type": "Point",
        "coordinates": [
          80.9364414,
          26.8537537
        ]
      },
      "id": "node/13044137888"
    },
    {
      "type": "Feature",
      "properties": {
        "@id": "node/13059190001",
        "addr:postcode": "201206",
        "name": "Chanakya/Kanoja",
        "tourism": "hostel"
      },
      "geometry": {
        "type": "Point",
        "coordinates": [
          77.4981665,
          28.7544298
        ]
      },
      "id": "node/13059190001"
    },
    {
      "type": "Feature",
      "properties": {
        "@id": "node/13061995817",
        "level": "0-3",
        "name": "Hotel Samrat",
        "stars": "3",
        "tourism": "hotel"
      },
      "geometry": {
        "type": "Point",
        "coordinates": [
          81.8336476,
          25.4498406
        ]
      },
      "id": "node/13061995817"
    },
    {
      "type": "Feature",
      "properties": {
        "@id": "node/13077398248",
        "name": "New Triveni Cottage",
        "tourism": "hotel"
      },
      "geometry": {
        "type": "Point",
        "coordinates": [
          81.8444582,
          25.4403179
        ]
      },
      "id": "node/13077398248"
    },
    {
      "type": "Feature",
      "properties": {
        "@id": "node/13092413902",
        "name": "Chanakya",
        "tourism": "hostel"
      },
      "geometry": {
        "type": "Point",
        "coordinates": [
          77.4981917,
          28.7545135
        ]
      },
      "id": "node/13092413902"
    },
    {
      "type": "Feature",
      "properties": {
        "@id": "node/13096009001",
        "addr:housenumber": "14/60",
        "addr:postcode": "221001",
        "addr:street": "Manas sarovar galli",
        "internet_access": "wlan",
        "name": "Munna guest house, manas sarovar galli, narad dhat",
        "opening_hours": "24/7",
        "tourism": "guest_house"
      },
      "geometry": {
        "type": "Point",
        "coordinates": [
          83.0076161,
          25.3023287
        ]
      },
      "id": "node/13096009001"
    },
    {
      "type": "Feature",
      "properties": {
        "@id": "node/13124307915",
        "artist_name": "Loniya Patti Gram-Panchayat",
        "artwork_type": "statue",
        "loc_name": "Loniya Patti",
        "material": "stone",
        "name": "Prithviraj Chauhan",
        "tourism": "artwork"
      },
      "geometry": {
        "type": "Point",
        "coordinates": [
          82.6232826,
          26.0232989
        ]
      },
      "id": "node/13124307915"
    },
    {
      "type": "Feature",
      "properties": {
        "@id": "node/13124599308",
        "name": "Hotel Di Di International",
        "tourism": "hotel"
      },
      "geometry": {
        "type": "Point",
        "coordinates": [
          80.9242704,
          26.8380733
        ]
      },
      "id": "node/13124599308"
    },
    {
      "type": "Feature",
      "properties": {
        "@id": "node/13124599318",
        "name": "Viraj Heights",
        "tourism": "hotel"
      },
      "geometry": {
        "type": "Point",
        "coordinates": [
          80.9247753,
          26.8392949
        ]
      },
      "id": "node/13124599318"
    },
    {
      "type": "Feature",
      "properties": {
        "@id": "node/13124599331",
        "addr:city": "Lucknow",
        "addr:district": "Lucknow",
        "addr:street": "Latouche Road",
        "name": "Hotel Saket Regency",
        "phone": "800955896, 9235605015",
        "tourism": "hotel"
      },
      "geometry": {
        "type": "Point",
        "coordinates": [
          80.925464,
          26.8399455
        ]
      },
      "id": "node/13124599331"
    },
    {
      "type": "Feature",
      "properties": {
        "@id": "node/13124599332",
        "name": "Hotel Simla Palace",
        "tourism": "hotel"
      },
      "geometry": {
        "type": "Point",
        "coordinates": [
          80.9255793,
          26.8400862
        ]
      },
      "id": "node/13124599332"
    },
    {
      "type": "Feature",
      "properties": {
        "@id": "node/13140500141",
        "addr:city": "Chitrakoot",
        "addr:district": "Chitrakoot",
        "addr:postcode": "2102024",
        "name": "Bindiram by ShriGo Hotels",
        "tourism": "motel"
      },
      "geometry": {
        "type": "Point",
        "coordinates": [
          80.87336,
          25.1991181
        ]
      },
      "id": "node/13140500141"
    },
    {
      "type": "Feature",
      "properties": {
        "@id": "node/13183761553",
        "artwork_type": "statue",
        "subject:wikidata": "Q42891",
        "tourism": "artwork"
      },
      "geometry": {
        "type": "Point",
        "coordinates": [
          77.4072915,
          27.7361693
        ]
      },
      "id": "node/13183761553"
    },
    {
      "type": "Feature",
      "properties": {
        "@id": "node/13192339452",
        "tourism": "artwork"
      },
      "geometry": {
        "type": "Point",
        "coordinates": [
          77.5861627,
          28.4359295
        ]
      },
      "id": "node/13192339452"
    },
    {
      "type": "Feature",
      "properties": {
        "@id": "node/13192339454",
        "artwork_type": "architecture",
        "tourism": "artwork"
      },
      "geometry": {
        "type": "Point",
        "coordinates": [
          77.5965093,
          28.5175527
        ]
      },
      "id": "node/13192339454"
    },
    {
      "type": "Feature",
      "properties": {
        "@id": "node/13192339457",
        "artwork_type": "installation",
        "subject": "Red Fort",
        "subject:wikidata": "Q45957",
        "tourism": "artwork"
      },
      "geometry": {
        "type": "Point",
        "coordinates": [
          77.5312699,
          28.6906112
        ]
      },
      "id": "node/13192339457"
    },
    {
      "type": "Feature",
      "properties": {
        "@id": "node/13227167925",
        "addr:city": "Kanpur",
        "addr:country": "IN",
        "addr:housenumber": "3A(4)",
        "addr:neighbourhood": "New Defence Colony",
        "addr:postcode": "208007",
        "addr:state": "Uttar Pradesh",
        "addr:street": "Grand Trunk Road",
        "addr:suburb": "Gandhigram",
        "description": "Boutique hotel located on Grand Trunk Road New Defence Colony, Gandhigram, Kanpur.",
        "email": "mivanahotel@gmail.com",
        "name": "Mivana Hotel",
        "phone": "+919119678994",
        "tourism": "hotel"
      },
      "geometry": {
        "type": "Point",
        "coordinates": [
          80.3783722,
          26.4178747
        ]
      },
      "id": "node/13227167925"
    },
    {
      "type": "Feature",
      "properties": {
        "@id": "node/13305741702",
        "addr:street": "Shilpgram Road",
        "name": "The Retreat",
        "tourism": "hotel"
      },
      "geometry": {
        "type": "Point",
        "coordinates": [
          78.0540179,
          27.1622346
        ]
      },
      "id": "node/13305741702"
    },
    {
      "type": "Feature",
      "properties": {
        "@id": "node/13305759489",
        "information": "office",
        "level": "0",
        "tourism": "information",
        "wheelchair": "limited"
      },
      "geometry": {
        "type": "Point",
        "coordinates": [
          77.4278467,
          28.6514806
        ]
      },
      "id": "node/13305759489"
    },
    {
      "type": "Feature",
      "properties": {
        "@id": "node/13316655058",
        "name": "Royal Boys Hostel",
        "tourism": "hostel"
      },
      "geometry": {
        "type": "Point",
        "coordinates": [
          80.9577468,
          26.8751582
        ]
      },
      "id": "node/13316655058"
    },
    {
      "type": "Feature",
      "properties": {
        "@id": "node/13326477589",
        "name": "The Regnant",
        "tourism": "hotel"
      },
      "geometry": {
        "type": "Point",
        "coordinates": [
          80.9374338,
          26.8766124
        ]
      },
      "id": "node/13326477589"
    },
    {
      "type": "Feature",
      "properties": {
        "@id": "node/13331573827",
        "name": "Pahalwan Hotel",
        "tourism": "hotel"
      },
      "geometry": {
        "type": "Point",
        "coordinates": [
          80.870695,
          26.8401984
        ]
      },
      "id": "node/13331573827"
    },
    {
      "type": "Feature",
      "properties": {
        "@id": "node/13335654401",
        "name": "Nagori Inn",
        "tourism": "hotel"
      },
      "geometry": {
        "type": "Point",
        "coordinates": [
          77.4355244,
          28.6008659
        ]
      },
      "id": "node/13335654401"
    },
    {
      "type": "Feature",
      "properties": {
        "@id": "node/13339830401",
        "name": "New Prayers Hand Namo Ghat",
        "tourism": "attraction"
      },
      "geometry": {
        "type": "Point",
        "coordinates": [
          83.0357052,
          25.3251322
        ]
      },
      "id": "node/13339830401"
    },
    {
      "type": "Feature",
      "properties": {
        "@id": "node/13344392287",
        "name": "Hotel Vijay Paradise",
        "tourism": "hotel"
      },
      "geometry": {
        "type": "Point",
        "coordinates": [
          80.9669433,
          26.8983183
        ]
      },
      "id": "node/13344392287"
    },
    {
      "type": "Feature",
      "properties": {
        "@id": "node/13344394210",
        "name": "Hotel Jayanti Oasis Inn",
        "tourism": "hotel"
      },
      "geometry": {
        "type": "Point",
        "coordinates": [
          80.9818038,
          26.8859619
        ]
      },
      "id": "node/13344394210"
    },
    {
      "type": "Feature",
      "properties": {
        "@id": "node/13348230103",
        "name": "Srishti Shelter",
        "tourism": "guest_house"
      },
      "geometry": {
        "type": "Point",
        "coordinates": [
          83.0297851,
          25.3841293
        ]
      },
      "id": "node/13348230103"
    },
    {
      "type": "Feature",
      "properties": {
        "@id": "node/13350720732",
        "artwork_type": "statue",
        "name": "Shaheed Smarak",
        "tourism": "artwork"
      },
      "geometry": {
        "type": "Point",
        "coordinates": [
          80.928347,
          26.863365
        ]
      },
      "id": "node/13350720732"
    },
    {
      "type": "Feature",
      "properties": {
        "@id": "node/13355305430",
        "artwork_type": "statue",
        "name": "Mahatama Gandhi Statue",
        "tourism": "artwork"
      },
      "geometry": {
        "type": "Point",
        "coordinates": [
          80.9458775,
          26.8458715
        ]
      },
      "id": "node/13355305430"
    },
    {
      "type": "Feature",
      "properties": {
        "@id": "node/13355305431",
        "artwork_type": "statue",
        "name": "Sardar patel Statue",
        "tourism": "artwork"
      },
      "geometry": {
        "type": "Point",
        "coordinates": [
          80.9454516,
          26.8455316
        ]
      },
      "id": "node/13355305431"
    },
    {
      "type": "Feature",
      "properties": {
        "@id": "node/13359170371",
        "addr:city": "Raebareli",
        "addr:district": "Raebareli",
        "addr:housenumber": "665R+WF",
        "addr:postcode": "229001",
        "addr:street": "Jail Road",
        "name": "Kamla Rajmahal Marriage Hall",
        "phone": "+91 06306 255038",
        "tourism": "hotel"
      },
      "geometry": {
        "type": "Point",
        "coordinates": [
          81.2412056,
          26.2098547
        ]
      },
      "id": "node/13359170371"
    },
    {
      "type": "Feature",
      "properties": {
        "@id": "node/13359170376",
        "addr:city": "Raebareli",
        "addr:district": "Raebareli",
        "addr:postcode": "229001",
        "addr:street": "Sultanpur Road",
        "name": "Saras Hotel (Tourist Bunglaw)",
        "tourism": "hotel"
      },
      "geometry": {
        "type": "Point",
        "coordinates": [
          81.2558851,
          26.2214591
        ]
      },
      "id": "node/13359170376"
    },
    {
      "type": "Feature",
      "properties": {
        "@id": "node/13359170378",
        "addr:city": "Raebareli",
        "addr:district": "Raebareli",
        "addr:postcode": "229001",
        "addr:street": "Lucknow Road",
        "name": "Om Clarks Inn",
        "phone": "09554954088",
        "tourism": "hotel",
        "website": "https://www.theclarkshotels.com/clarks-inn/om-clarks-inn-raebareli/hotel-overview?utm_source=google&utm_medium=organic"
      },
      "geometry": {
        "type": "Point",
        "coordinates": [
          81.2550455,
          26.2200169
        ]
      },
      "id": "node/13359170378"
    },
    {
      "type": "Feature",
      "properties": {
        "@id": "node/13362166857",
        "brand": "Diamond Resorts",
        "brand:wikidata": "Q5270905",
        "name": "Diamond Resort Ring",
        "tourism": "hotel"
      },
      "geometry": {
        "type": "Point",
        "coordinates": [
          81.9451927,
          25.423549
        ]
      },
      "id": "node/13362166857"
    },
    {
      "type": "Feature",
      "properties": {
        "@id": "node/13372500628",
        "name:en": "Taj Mahal view point within nature walk",
        "tourism": "viewpoint"
      },
      "geometry": {
        "type": "Point",
        "coordinates": [
          78.0493343,
          27.1723077
        ]
      },
      "id": "node/13372500628"
    },
    {
      "type": "Feature",
      "properties": {
        "@id": "node/13388720001",
        "name": "V.S. Residency",
        "tourism": "hotel"
      },
      "geometry": {
        "type": "Point",
        "coordinates": [
          82.9969443,
          25.308371
        ]
      },
      "id": "node/13388720001"
    },
    {
      "type": "Feature",
      "properties": {
        "@id": "node/13404003591",
        "artwork_subject": "Raja Rampal Singh",
        "artwork_type": "statue",
        "tourism": "artwork"
      },
      "geometry": {
        "type": "Point",
        "coordinates": [
          80.9314977,
          26.8518781
        ]
      },
      "id": "node/13404003591"
    },
    {
      "type": "Feature",
      "properties": {
        "@id": "node/13404062506",
        "artwork_type": "statue",
        "name": "Atkin's Post",
        "tourism": "artwork"
      },
      "geometry": {
        "type": "Point",
        "coordinates": [
          80.9271123,
          26.8607412
        ]
      },
      "id": "node/13404062506"
    },
    {
      "type": "Feature",
      "properties": {
        "@id": "node/13404067933",
        "addr:city": "Lucknow",
        "name": "Elora",
        "tourism": "hotel"
      },
      "geometry": {
        "type": "Point",
        "coordinates": [
          80.9403139,
          26.848384
        ]
      },
      "id": "node/13404067933"
    },
    {
      "type": "Feature",
      "properties": {
        "@id": "node/13405750801",
        "addr:postcode": "221005",
        "email": "hashtagtravelersvaranasi@gmail.com",
        "name": "Hashtag Travelers Varanasi",
        "phone": "9005884899",
        "tourism": "hostel"
      },
      "geometry": {
        "type": "Point",
        "coordinates": [
          83.007598,
          25.2851095
        ]
      },
      "id": "node/13405750801"
    },
    {
      "type": "Feature",
      "properties": {
        "@id": "node/13422044829",
        "name": "UP Police Computer Trainees Hostel",
        "tourism": "hostel"
      },
      "geometry": {
        "type": "Point",
        "coordinates": [
          80.9801443,
          26.8607089
        ]
      },
      "id": "node/13422044829"
    },
    {
      "type": "Feature",
      "properties": {
        "@id": "node/13432723655",
        "addr:housenumber": "46-A",
        "name": "Ashirvad Homestay",
        "tourism": "apartment",
        "website": "https://ashirvadhomestay.com"
      },
      "geometry": {
        "type": "Point",
        "coordinates": [
          83.0014538,
          25.2941794
        ]
      },
      "id": "node/13432723655"
    },
    {
      "type": "Feature",
      "properties": {
        "@id": "node/13521492564",
        "addr:city": "Bharwari",
        "addr:district": "Kaushambi",
        "addr:housenumber": "In front of HP PetrolPump, Kokhraj",
        "addr:postcode": "212201",
        "addr:street": "NH19",
        "email": "jaiswalatulkumar305@gmail.com",
        "name": "Jaiswal Hotel Baba Ji",
        "phone": "9415862738",
        "tourism": "hotel"
      },
      "geometry": {
        "type": "Point",
        "coordinates": [
          81.4992896,
          25.5857746
        ]
      },
      "id": "node/13521492564"
    },
    {
      "type": "Feature",
      "properties": {
        "@id": "node/13521492565",
        "addr:city": "Bharwari",
        "addr:district": "Kaushambi",
        "addr:housenumber": "In front of GP Memorial College, Kokhraj",
        "addr:postcode": "212201",
        "addr:street": "NH19",
        "internet_access": "wlan",
        "internet_access:fee": "no",
        "name": "Jaiswal Hotel & Restaurant",
        "phone": "9452110025",
        "tourism": "hotel"
      },
      "geometry": {
        "type": "Point",
        "coordinates": [
          81.5017156,
          25.5854311
        ]
      },
      "id": "node/13521492565"
    },
    {
      "type": "Feature",
      "properties": {
        "@id": "node/13540661215",
        "addr:city": "Bharwari",
        "addr:district": "Kaushambi",
        "addr:housenumber": "In front of HP Petrol Pump",
        "addr:postcode": "212201",
        "addr:street": "NH19",
        "internet_access": "no",
        "name": "Purana Jaiswal Hotel",
        "phone": "8707802282",
        "tourism": "hotel"
      },
      "geometry": {
        "type": "Point",
        "coordinates": [
          81.4985532,
          25.5860434
        ]
      },
      "id": "node/13540661215"
    },
    {
      "type": "Feature",
      "properties": {
        "@id": "node/13576129001",
        "name": "Rooms in Varanasi",
        "tourism": "guest_house",
        "website": "https://www.airbnb.com/"
      },
      "geometry": {
        "type": "Point",
        "coordinates": [
          83.0075431,
          25.2844105
        ]
      },
      "id": "node/13576129001"
    },
    {
      "type": "Feature",
      "properties": {
        "@id": "node/13584335501",
        "name": "Kashiyana",
        "tourism": "hostel"
      },
      "geometry": {
        "type": "Point",
        "coordinates": [
          83.0081984,
          25.3039847
        ]
      },
      "id": "node/13584335501"
    },
    {
      "type": "Feature",
      "properties": {
        "@id": "node/13587562401",
        "check_date": "2026-02-21",
        "internet_access": "wlan",
        "name:en": "Shiv Kothi Homestay",
        "tourism": "hotel"
      },
      "geometry": {
        "type": "Point",
        "coordinates": [
          78.0573211,
          27.1606032
        ]
      },
      "id": "node/13587562401"
    },
    {
      "type": "Feature",
      "properties": {
        "@id": "node/13601897879",
        "name": "Solitaire Inn",
        "tourism": "hotel"
      },
      "geometry": {
        "type": "Point",
        "coordinates": [
          77.6993579,
          29.4186311
        ]
      },
      "id": "node/13601897879"
    },
    {
      "type": "Feature",
      "properties": {
        "@id": "node/13614859704",
        "addr:city": "Bharwari",
        "addr:district": "Kaushambi",
        "addr:postcode": "212201",
        "addr:street": "Bhatpurwa road",
        "guest_house": "guest_house",
        "internet_access": "no",
        "name": "Sharda Guest House Bharwari",
        "name:hi": "शारदा गेस्ट हाउस भरवारी",
        "operator": "Varun Kesarwani",
        "phone": "9984155645",
        "smoking": "no",
        "tourism": "guest_house"
      },
      "geometry": {
        "type": "Point",
        "coordinates": [
          81.484165,
          25.5622003
        ]
      },
      "id": "node/13614859704"
    },
    {
      "type": "Feature",
      "properties": {
        "@id": "node/13614884557",
        "addr:city": "Bharwari",
        "addr:district": "Kaushambi",
        "addr:postcode": "212201",
        "addr:street": "Manjhanpur Bharwari Road",
        "name": "Vashishth Guest House Bharwari",
        "tourism": "guest_house"
      },
      "geometry": {
        "type": "Point",
        "coordinates": [
          81.4804615,
          25.557576
        ]
      },
      "id": "node/13614884557"
    },
    {
      "type": "Feature",
      "properties": {
        "@id": "node/13617501986",
        "addr:city": "Shringverpur",
        "addr:district": "Prayagaraj",
        "information": "office",
        "name": "Tourist Facilation Center Shringverpur",
        "tourism": "information"
      },
      "geometry": {
        "type": "Point",
        "coordinates": [
          81.6414451,
          25.5905762
        ]
      },
      "id": "node/13617501986"
    },
    {
      "type": "Feature",
      "properties": {
        "@id": "node/13617779524",
        "artwork_type": "statue",
        "name": "Nishadraj Statue",
        "tourism": "artwork"
      },
      "geometry": {
        "type": "Point",
        "coordinates": [
          81.6433387,
          25.5919067
        ]
      },
      "id": "node/13617779524"
    },
    {
      "type": "Feature",
      "properties": {
        "@id": "node/13645647361",
        "addr:city": "Kanpur",
        "brand": "OYO",
        "brand:wikidata": "Q24906315",
        "name": "OYO",
        "operator": "OYO",
        "panoramax": "035f7b21-4fb0-49b5-865a-ade8d28dadf7",
        "tourism": "hotel"
      },
      "geometry": {
        "type": "Point",
        "coordinates": [
          80.2795888,
          26.4982647
        ]
      },
      "id": "node/13645647361"
    },
    {
      "type": "Feature",
      "properties": {
        "@id": "node/13645862477",
        "addr:city": "Kanpur",
        "addr:place": "Indiranagar",
        "alt_name": "Shree Dev Villa",
        "check_date": "2026-03-14",
        "mobile": "+91 87552 54940",
        "name": "Townhouse Oak",
        "tourism": "hotel"
      },
      "geometry": {
        "type": "Point",
        "coordinates": [
          80.2641759,
          26.5117197
        ]
      },
      "id": "node/13645862477"
    },
    {
      "type": "Feature",
      "properties": {
        "@id": "node/13650299463",
        "addr:place": "Awas Vikas Kalyanpur",
        "air_conditioning": "yes",
        "contact:email": "srinn346@gmail.com",
        "contact:mobile": "+91-73884-55446",
        "name": "Townhouse Hotel S.R. Inn",
        "nobrand": "yes",
        "panoramax": "eecf7849-61ad-4170-9d30-8669a0c7e0a8",
        "panoramax:0": "910c5b1e-5807-4334-8eaa-8730d280ca6a",
        "panoramax:1": "66816206-67c9-405b-bea9-1d8fe593262b",
        "panoramax:2": "e8cc3116-a2ee-4d43-8c30-3e75f325eb17",
        "panoramax:3": "a5d61bbc-bafd-4893-ba99-59975a6ea639",
        "panoramax:4": "9d7427e1-7847-464a-906c-f3a0dcfac218",
        "panoramax:5": "e2c17ed3-6cc9-4ee8-aba3-24d791be094d",
        "tourism": "hotel",
        "wheelchair": "no"
      },
      "geometry": {
        "type": "Point",
        "coordinates": [
          80.2521721,
          26.4897536
        ]
      },
      "id": "node/13650299463"
    },
    {
      "type": "Feature",
      "properties": {
        "@id": "node/13652548004",
        "check_date": "2026-03-16",
        "name": "Hotel Marine House",
        "tourism": "hotel"
      },
      "geometry": {
        "type": "Point",
        "coordinates": [
          78.0549047,
          27.1504695
        ]
      },
      "id": "node/13652548004"
    },
    {
      "type": "Feature",
      "properties": {
        "@id": "node/13666266201",
        "addr:street": "La Vaca Casa Varanasi\nD-35/31, jangambari, , Varanasi,",
        "name": "La Vaca India Boutique Stay",
        "phone": "099180 71807",
        "tourism": "guest_house",
        "website": "https://hotels.eglobe-solutions.com/lavacaboutique/booking/hotels/la-vaca-india-boutique-stay-varanasi"
      },
      "geometry": {
        "type": "Point",
        "coordinates": [
          83.0046294,
          25.3066939
        ]
      },
      "id": "node/13666266201"
    },
    {
      "type": "Feature",
      "properties": {
        "@id": "node/13666399201",
        "addr:housenumber": "D37-47",
        "addr:postcode": "221001",
        "addr:street": "Dashashwamedh Road",
        "name": "Hotel Ganges Grand - Varanasi",
        "phone": "072358 09898",
        "tourism": "hotel",
        "website": "https://www.gangesgrand.in/"
      },
      "geometry": {
        "type": "Point",
        "coordinates": [
          83.0067567,
          25.3092925
        ]
      },
      "id": "node/13666399201"
    }
  ]
}